"sha1","openalex_id","doi","year","field","title","html_path","ocr_html_path","md_path","review_path","expected_pages","html_status","page_count_match","visible_chars","html_bytes","images","replacement_chars"
"0156e8edb5b6bc55db51f5a9839edbf19f623208","https://openalex.org/W2593182419","https://doi.org/10.1109/tits.2017.2665968","2017","Engineering","Cyber Threats Facing Autonomous and Connected Vehicles: Future Challenges","out/html/0156e8edb5b6bc55db51f5a9839edbf19f623208/index.html","","out/md/0156e8edb5b6bc55db51f5a9839edbf19f623208.md","out/reviews/0156e8edb5b6bc55db51f5a9839edbf19f623208.review.json","19","textflow_ok","True","111381","116144","0","0"
"01654fb6c3523e18bbb33832eb32ef0aff54f568","https://openalex.org/W1903937986","https://doi.org/10.1021/acs.chemmater.5b03147","2015","Engineering","Crystal and Electronic Structures of Complex Bismuth Iodides A3Bi2I9 (A = K, Rb, Cs) Related to Perovskite: Aiding the Rational Design of Photovoltaics","out/html/01654fb6c3523e18bbb33832eb32ef0aff54f568/index.html","","out/md/01654fb6c3523e18bbb33832eb32ef0aff54f568.md","out/reviews/01654fb6c3523e18bbb33832eb32ef0aff54f568.review.json","12","textflow_ok","True","70537","75204","0","0"
"0190bf80b2a82a455c7485a62b856c09663391a6","https://openalex.org/W2784681531","https://doi.org/10.1021/acs.iecr.7b03514","2018","Energy","General Techno-Economic Analysis of CO 2 Electrolysis Systems","out/html/0190bf80b2a82a455c7485a62b856c09663391a6/index.html","out/html_ocr/0190bf80b2a82a455c7485a62b856c09663391a6/index.html","out/md/0190bf80b2a82a455c7485a62b856c09663391a6.md","out/reviews/0190bf80b2a82a455c7485a62b856c09663391a6.review.json","23","textflow_ok","True","61497","66131","0","0"
"0209b25413e1720b9857a0a4fb5e909f8db8db8a","https://openalex.org/W2511864954","https://doi.org/10.1002/adma.201602992","2016","Engineering","Lead‐Free Inverted Planar Formamidinium Tin Triiodide Perovskite Solar Cells Achieving Power Conversion Efficiencies up to 6.22%","out/html/0209b25413e1720b9857a0a4fb5e909f8db8db8a/index.html","out/html_ocr/0209b25413e1720b9857a0a4fb5e909f8db8db8a/index.html","out/md/0209b25413e1720b9857a0a4fb5e909f8db8db8a.md","out/reviews/0209b25413e1720b9857a0a4fb5e909f8db8db8a.review.json","25","textflow_ok","True","47056","51282","0","0"
"02390b16014c12aa3404a45094dfb051cacb3659","https://openalex.org/W2913500366","https://doi.org/10.1038/s41559-018-0793-y","2019","Agricultural and Biological Sciences","The global burden of pathogens and pests on major food crops","out/html/02390b16014c12aa3404a45094dfb051cacb3659/index.html","out/html_ocr/02390b16014c12aa3404a45094dfb051cacb3659/index.html","out/md/02390b16014c12aa3404a45094dfb051cacb3659.md","out/reviews/02390b16014c12aa3404a45094dfb051cacb3659.review.json","13","textflow_ok","True","81493","89477","0","0"
"0316f88feaad46a2fca0ec78b88d63bd1e1eb10c","https://openalex.org/W2999340876","https://doi.org/10.1038/s41560-019-0513-0","2020","Engineering","High-nickel layered oxide cathodes for lithium-based automotive batteries","out/html/0316f88feaad46a2fca0ec78b88d63bd1e1eb10c/index.html","out/html_ocr/0316f88feaad46a2fca0ec78b88d63bd1e1eb10c/index.html","out/md/0316f88feaad46a2fca0ec78b88d63bd1e1eb10c.md","out/reviews/0316f88feaad46a2fca0ec78b88d63bd1e1eb10c.review.json","28","textflow_ok","True","50135","56350","0","0"
"0318fe275d144db1e16c44fe95ce825f2ecc41fc","https://openalex.org/W2871523635","https://doi.org/10.1126/science.aat3628","2018","Earth and Planetary Sciences","The prehistoric peopling of Southeast Asia","out/html/0318fe275d144db1e16c44fe95ce825f2ecc41fc/index.html","","out/md/0318fe275d144db1e16c44fe95ce825f2ecc41fc.md","out/reviews/0318fe275d144db1e16c44fe95ce825f2ecc41fc.review.json","6","textflow_ok","True","30718","33465","0","0"
"03302d1ee5faf2cc152cd64ccd88eb9162fa0c26","https://openalex.org/W2767886251","https://doi.org/10.1016/j.rse.2017.10.046","2017","Engineering","Spatio-temporal fusion for daily Sentinel-2 images","out/html/03302d1ee5faf2cc152cd64ccd88eb9162fa0c26/index.html","","out/md/03302d1ee5faf2cc152cd64ccd88eb9162fa0c26.md","out/reviews/03302d1ee5faf2cc152cd64ccd88eb9162fa0c26.review.json","30","textflow_ok","True","65623","73529","0","0"
"03eaf4b3b6f4050e8f6cdd85d9204d183326dd12","https://openalex.org/W2297328108","https://doi.org/10.1126/science.aac7287","2016","Agricultural and Biological Sciences","Mutually beneficial pollinator diversity and crop yield outcomes in small and large farms","out/html/03eaf4b3b6f4050e8f6cdd85d9204d183326dd12/index.html","","out/md/03eaf4b3b6f4050e8f6cdd85d9204d183326dd12.md","out/reviews/03eaf4b3b6f4050e8f6cdd85d9204d183326dd12.review.json","5","textflow_ok","True","31926","34601","0","0"
"03ed28dd66d5aa780ba33579125ed910c880d351","https://openalex.org/W2957182830","https://doi.org/10.1016/j.cemconres.2019.105799","2019","Engineering","Reactivity of supplementary cementitious materials (SCMs) in cement blends","out/html/03ed28dd66d5aa780ba33579125ed910c880d351/index.html","out/html_ocr/03ed28dd66d5aa780ba33579125ed910c880d351/index.html","out/md/03ed28dd66d5aa780ba33579125ed910c880d351.md","out/reviews/03ed28dd66d5aa780ba33579125ed910c880d351.review.json","47","textflow_ok","True","119335","131477","0","0"
"0433a95593a8019a310b048af43e24d623b22126","https://openalex.org/W2762906398","https://doi.org/10.1038/s41560-017-0014-y","2017","Engineering","High-performance sodium–organic battery by realizing four-sodium storage in disodium rhodizonate","out/html/0433a95593a8019a310b048af43e24d623b22126/index.html","","out/md/0433a95593a8019a310b048af43e24d623b22126.md","out/reviews/0433a95593a8019a310b048af43e24d623b22126.review.json","8","textflow_ok","True","6025","8280","0","0"
"046b3131447f1110d18b951074d3f4a125b473f3","https://openalex.org/W1521866842","https://doi.org/10.1257/aer.20140079","2015","Environmental Science","The Housing Market Impacts of Shale Gas Development","out/html/046b3131447f1110d18b951074d3f4a125b473f3/index.html","","out/md/046b3131447f1110d18b951074d3f4a125b473f3.md","out/reviews/046b3131447f1110d18b951074d3f4a125b473f3.review.json","49","textflow_ok","True","105987","115286","0","0"
"04ae8f6e9b66bff44f0ddd949baa79a5e3cfb9d1","https://openalex.org/W1648474991","https://doi.org/10.1021/jacs.5b06658","2015","Engineering","Solvent-Mediated Crystallization of CH3NH3SnI3Films for Heterojunction Depleted Perovskite Solar Cells","out/html/04ae8f6e9b66bff44f0ddd949baa79a5e3cfb9d1/index.html","out/html_ocr/04ae8f6e9b66bff44f0ddd949baa79a5e3cfb9d1/index.html","out/md/04ae8f6e9b66bff44f0ddd949baa79a5e3cfb9d1.md","out/reviews/04ae8f6e9b66bff44f0ddd949baa79a5e3cfb9d1.review.json","8","textflow_ok","True","46108","49664","0","0"
"04c78297e7c3587f82324506de3291427060e079","https://openalex.org/W2747746872","https://doi.org/10.1021/jacs.7b06382","2017","Chemistry","The Chemistry of CO 2 Capture in an Amine-Functionalized Metal–Organic Framework under Dry and Humid Conditions","out/html/04c78297e7c3587f82324506de3291427060e079/index.html","","","","29","textflow_ok","True","57953","65290","0","0"
"04f7010bbb4d349802a14e85844f45da14b5aa9b","https://openalex.org/W2951215190","https://doi.org/10.1016/j.cirp.2019.05.005","2019","Engineering","On-machine and in-process surface metrology for precision manufacturing","out/html/04f7010bbb4d349802a14e85844f45da14b5aa9b/index.html","","out/md/04f7010bbb4d349802a14e85844f45da14b5aa9b.md","out/reviews/04f7010bbb4d349802a14e85844f45da14b5aa9b.review.json","24","textflow_ok","True","180643","187858","0","0"
"051607400209ffdc6571a04d2b00749ee1a6b0dd","https://openalex.org/W2799921393","https://doi.org/10.1002/anie.201803262","2018","Energy","From Metal–Organic Frameworks to Single‐Atom Fe Implanted N‐doped Porous Carbons: Efficient Oxygen Reduction in Both Alkaline and Acidic Media","out/html/051607400209ffdc6571a04d2b00749ee1a6b0dd/index.html","out/html_ocr/051607400209ffdc6571a04d2b00749ee1a6b0dd/index.html","out/md/051607400209ffdc6571a04d2b00749ee1a6b0dd.md","out/reviews/051607400209ffdc6571a04d2b00749ee1a6b0dd.review.json","5","textflow_ok","True","25332","27399","0","0"
"05634532a562016df81c423f5bb3a1f7f60b9104","https://openalex.org/W2558687030","https://doi.org/10.1039/c6ta07991a","2016","Engineering","A review of Ni-based layered oxides for rechargeable Li-ion batteries","out/html/05634532a562016df81c423f5bb3a1f7f60b9104/index.html","","","","24","textflow_ok","True","114342","118592","0","0"
"057636c3926eb93c0212230fd03b16c09417f9d1","https://openalex.org/W2041328373","https://doi.org/10.1038/nature14281","2015","Biochemistry, Genetics and Molecular Biology","N6-methyladenosine marks primary microRNAs for processing","out/html/057636c3926eb93c0212230fd03b16c09417f9d1/index.html","out/html_ocr/057636c3926eb93c0212230fd03b16c09417f9d1/index.html","out/md/057636c3926eb93c0212230fd03b16c09417f9d1.md","out/reviews/057636c3926eb93c0212230fd03b16c09417f9d1.review.json","24","textflow_ok","True","47662","53074","0","0"
"05e6e3b3e34bd56f61a583c37377ad4d6176df23","https://openalex.org/W2765499981","https://doi.org/10.1103/physrevb.96.161201","2017","Materials Science","Four-phonon scattering significantly reduces intrinsic thermal conductivity of solids","out/html/05e6e3b3e34bd56f61a583c37377ad4d6176df23/index.html","out/html_ocr/05e6e3b3e34bd56f61a583c37377ad4d6176df23/index.html","out/md/05e6e3b3e34bd56f61a583c37377ad4d6176df23.md","out/reviews/05e6e3b3e34bd56f61a583c37377ad4d6176df23.review.json","5","textflow_ok","True","29481","35010","0","0"
"05eae973252dee7cf3da24e3f1786e6ec19fe1f0","https://openalex.org/W2732661133","https://doi.org/10.1016/j.buildenv.2017.07.007","2017","Engineering","A critical comparison of green building rating systems","out/html/05eae973252dee7cf3da24e3f1786e6ec19fe1f0/index.html","","out/md/05eae973252dee7cf3da24e3f1786e6ec19fe1f0.md","out/reviews/05eae973252dee7cf3da24e3f1786e6ec19fe1f0.review.json","26","textflow_ok","True","91695","98576","0","0"
"060206fbea1e9f690ddb13e2d8802c7f42973235","https://openalex.org/W3128945229","https://doi.org/10.1021/acsenergylett.0c02401","2021","Energy","Self-Cleaning CO2 Reduction Systems: Unsteady Electrochemical Forcing Enables Stability","out/html/060206fbea1e9f690ddb13e2d8802c7f42973235/index.html","","out/md/060206fbea1e9f690ddb13e2d8802c7f42973235.md","out/reviews/060206fbea1e9f690ddb13e2d8802c7f42973235.review.json","23","textflow_ok","True","32207","37700","0","0"
"061f10accae13b05d6c0fd964d5706b058071dfd","https://openalex.org/W2922080824","https://doi.org/10.1016/j.cirp.2019.04.011","2019","Engineering","Digital twin driven human–robot collaborative assembly","out/html/061f10accae13b05d6c0fd964d5706b058071dfd/index.html","","out/md/061f10accae13b05d6c0fd964d5706b058071dfd.md","out/reviews/061f10accae13b05d6c0fd964d5706b058071dfd.review.json","5","textflow_ok","True","24304","26661","0","0"
"062b94b88e57b2c7974292192f33cdccaf56a00f","https://openalex.org/W2536873010","https://doi.org/10.1038/nenergy.2016.152","2016","Engineering","Towards stable and commercially available perovskite solar cells","out/html/062b94b88e57b2c7974292192f33cdccaf56a00f/index.html","out/html_ocr/062b94b88e57b2c7974292192f33cdccaf56a00f/index.html","out/md/062b94b88e57b2c7974292192f33cdccaf56a00f.md","out/reviews/062b94b88e57b2c7974292192f33cdccaf56a00f.review.json","22","textflow_ok","True","49423","54086","0","0"
"067c6dd03800624c5dbd95339c8100791a67b705","https://openalex.org/W3119151984","https://doi.org/10.1038/s41566-020-00732-4","2021","Engineering","Comprehensive defect suppression in perovskite nanocrystals for high-efficiency light-emitting diodes","out/html/067c6dd03800624c5dbd95339c8100791a67b705/index.html","out/html_ocr/067c6dd03800624c5dbd95339c8100791a67b705/index.html","out/md/067c6dd03800624c5dbd95339c8100791a67b705.md","out/reviews/067c6dd03800624c5dbd95339c8100791a67b705.review.json","86","textflow_ok","True","110955","121946","0","0"
"068d8743de923796a7ff36410957851ecd3a839b","https://openalex.org/W2914425312","https://doi.org/10.1002/adfm.201807623","2019","Engineering","Near‐Infrared (NIR) Organic Light‐Emitting Diodes (OLEDs): Challenges and Opportunities","out/html/068d8743de923796a7ff36410957851ecd3a839b/index.html","","out/md/068d8743de923796a7ff36410957851ecd3a839b.md","out/reviews/068d8743de923796a7ff36410957851ecd3a839b.review.json","60","textflow_ok","True","120697","132470","0","0"
"078af2b834e54f4a576bbc100bf7c8bab1b19d08","https://openalex.org/W2338968644","https://doi.org/10.1007/s11263-016-0902-9","2016","Computer Science","Large-Scale Data for Multiple-View Stereopsis","out/html/078af2b834e54f4a576bbc100bf7c8bab1b19d08/index.html","","out/md/078af2b834e54f4a576bbc100bf7c8bab1b19d08.md","out/reviews/078af2b834e54f4a576bbc100bf7c8bab1b19d08.review.json","16","textflow_ok","True","62375","67059","0","0"
"07b52670d6aac2f33c4992ecc05a31b157de14fa","https://openalex.org/W2259991906","https://doi.org/10.1021/acsnano.5b06295","2016","Engineering","Highly Dynamic Ligand Binding and Light Absorption Coefficient of Cesium Lead Bromide Perovskite Nanocrystals","out/html/07b52670d6aac2f33c4992ecc05a31b157de14fa/index.html","out/html_ocr/07b52670d6aac2f33c4992ecc05a31b157de14fa/index.html","out/md/07b52670d6aac2f33c4992ecc05a31b157de14fa.md","out/reviews/07b52670d6aac2f33c4992ecc05a31b157de14fa.review.json","32","textflow_ok","True","61501","68871","0","0"
"07c506aa8dc0562f798013a3378c706406ddda16","https://openalex.org/W2762439315","https://doi.org/10.1109/tits.2017.2750080","2017","Computer Science","ERFNet: Efficient Residual Factorized ConvNet for Real-Time Semantic Segmentation","out/html/07c506aa8dc0562f798013a3378c706406ddda16/index.html","out/html_ocr/07c506aa8dc0562f798013a3378c706406ddda16/index.html","out/md/07c506aa8dc0562f798013a3378c706406ddda16.md","out/reviews/07c506aa8dc0562f798013a3378c706406ddda16.review.json","11","textflow_ok","True","57593","62140","0","0"
"082151d49e3e690b5efdfd69f68d206197e5b7c5","https://openalex.org/W3100240161","","2016","Physics and Astronomy","The EAGLE simulation of galaxy formation: public release of halo and galaxy catalogues","out/html/082151d49e3e690b5efdfd69f68d206197e5b7c5/index.html","","out/md/082151d49e3e690b5efdfd69f68d206197e5b7c5.md","out/reviews/082151d49e3e690b5efdfd69f68d206197e5b7c5.review.json","23","textflow_ok","True","91392","101797","0","0"
"082737648c0fd35f4da180f1ca055075361cf2f8","https://openalex.org/W3004085469","https://doi.org/10.1038/s41559-019-1084-y","2020","Agricultural and Biological Sciences","Multiple elements of soil biodiversity drive ecosystem functions across biomes","out/html/082737648c0fd35f4da180f1ca055075361cf2f8/index.html","out/html_ocr/082737648c0fd35f4da180f1ca055075361cf2f8/index.html","out/md/082737648c0fd35f4da180f1ca055075361cf2f8.md","out/reviews/082737648c0fd35f4da180f1ca055075361cf2f8.review.json","11","textflow_ok","True","86040","93147","0","0"
"08439cca3fc347bfad7849ec557a7dc6d40da226","https://openalex.org/W2199344813","https://doi.org/10.1139/cgj-2015-0253","2015","Computer Science","Improved image-based deformation measurement for geotechnical applications","out/html/08439cca3fc347bfad7849ec557a7dc6d40da226/index.html","","out/md/08439cca3fc347bfad7849ec557a7dc6d40da226.md","out/reviews/08439cca3fc347bfad7849ec557a7dc6d40da226.review.json","36","textflow_ok","True","52926","61504","0","0"
"0880b7c496178e79954b4e05055c3e83a2a9d192","https://openalex.org/W2900095225","https://doi.org/10.1016/j.scitotenv.2018.11.072","2018","Environmental Science","Pharmaceuticals in freshwater aquatic environments: A comparison of the African and European challenge","out/html/0880b7c496178e79954b4e05055c3e83a2a9d192/index.html","","out/md/0880b7c496178e79954b4e05055c3e83a2a9d192.md","out/reviews/0880b7c496178e79954b4e05055c3e83a2a9d192.review.json","14","textflow_ok","True","101209","106302","0","0"
"08fdce7c912bcbd775923bd2f70842d789d03e76","https://openalex.org/W2909267103","https://doi.org/10.1002/anie.201811728","2018","Chemical Engineering","Atomically Dispersed Molybdenum Catalysts for Efficient Ambient Nitrogen Fixation","out/html/08fdce7c912bcbd775923bd2f70842d789d03e76/index.html","","out/md/08fdce7c912bcbd775923bd2f70842d789d03e76.md","out/reviews/08fdce7c912bcbd775923bd2f70842d789d03e76.review.json","8","textflow_ok","True","29143","31978","0","0"
"092b4dcf08e51eac1f4226761245af5d6c6dec3f","https://openalex.org/W2286862811","https://doi.org/10.1002/adfm.201505328","2016","Materials Science","Synthesis and Characterization of 2D Molybdenum Carbide (MXene)","out/html/092b4dcf08e51eac1f4226761245af5d6c6dec3f/index.html","","out/md/092b4dcf08e51eac1f4226761245af5d6c6dec3f.md","out/reviews/092b4dcf08e51eac1f4226761245af5d6c6dec3f.review.json","26","textflow_ok","True","49903","54357","0","0"
"093c5523dc75a52bc1c26531e45bc8afd1e230b4","https://openalex.org/W2176688416","https://doi.org/10.1038/nphys3492","2015","Materials Science","Orbitally driven giant phonon anharmonicity in SnSe","out/html/093c5523dc75a52bc1c26531e45bc8afd1e230b4/index.html","","out/md/093c5523dc75a52bc1c26531e45bc8afd1e230b4.md","out/reviews/093c5523dc75a52bc1c26531e45bc8afd1e230b4.review.json","33","textflow_ok","True","53340","62932","0","0"
"09a552c808843839144799c3c804ce9524ae97c9","https://openalex.org/W2900816330","https://doi.org/10.1093/qje/qjy029","2018","Mathematics","Channeling Fisher: Randomization Tests and the Statistical Insignificance of Seemingly Significant Experimental Results*","out/html/09a552c808843839144799c3c804ce9524ae97c9/index.html","","out/md/09a552c808843839144799c3c804ce9524ae97c9.md","out/reviews/09a552c808843839144799c3c804ce9524ae97c9.review.json","48","textflow_ok","True","102515","121726","0","0"
"0a36865b1e498c767c683b6d84b27f21a939f873","https://openalex.org/W2081225240","https://doi.org/10.1016/j.rser.2015.01.016","2015","Engineering","A survey on control of electric power distributed generation systems for microgrid applications","out/html/0a36865b1e498c767c683b6d84b27f21a939f873/index.html","","out/md/0a36865b1e498c767c683b6d84b27f21a939f873.md","out/reviews/0a36865b1e498c767c683b6d84b27f21a939f873.review.json","25","textflow_ok","True","108594","115736","0","0"
"0a52e5b3db84911a19769ae546ff80491b438f04","https://openalex.org/W2972939183","https://doi.org/10.1038/s41560-019-0456-5","2019","Energy","Current understanding and challenges of solar-driven hydrogen generation using polymeric photocatalysts","out/html/0a52e5b3db84911a19769ae546ff80491b438f04/index.html","out/html_ocr/0a52e5b3db84911a19769ae546ff80491b438f04/index.html","out/md/0a52e5b3db84911a19769ae546ff80491b438f04.md","out/reviews/0a52e5b3db84911a19769ae546ff80491b438f04.review.json","40","textflow_ok","True","95844","112553","0","0"
"0a71492961f506149fe87f771b1616e5a660d3d2","https://openalex.org/W2782219842","https://doi.org/10.1038/s41560-017-0067-y","2018","Engineering","Tailored interfaces of unencapsulated perovskite solar cells for >1,000 hour operational stability","out/html/0a71492961f506149fe87f771b1616e5a660d3d2/index.html","out/html_ocr/0a71492961f506149fe87f771b1616e5a660d3d2/index.html","out/md/0a71492961f506149fe87f771b1616e5a660d3d2.md","out/reviews/0a71492961f506149fe87f771b1616e5a660d3d2.review.json","20","textflow_ok","True","51365","55810","0","0"
"0a86bbcefef0bbc033f03ec587f0b9b61ef6c35a","https://openalex.org/W1987843843","https://doi.org/10.1007/s13346-015-0220-8","2015","Biochemistry, Genetics and Molecular Biology","Influence of cholesterol on liposome stability and on in vitro drug release","out/html/0a86bbcefef0bbc033f03ec587f0b9b61ef6c35a/index.html","","out/md/0a86bbcefef0bbc033f03ec587f0b9b61ef6c35a.md","out/reviews/0a86bbcefef0bbc033f03ec587f0b9b61ef6c35a.review.json","31","textflow_ok","True","43766","49376","0","0"
"0aab840cd0ea08dbbd4c1848af845142103aa12a","https://openalex.org/W2953097421","https://doi.org/10.1038/s41560-019-0409-z","2019","Engineering","Trace doping of multiple elements enables stable battery cycling of LiCoO2 at 4.6 V","out/html/0aab840cd0ea08dbbd4c1848af845142103aa12a/index.html","out/html_ocr/0aab840cd0ea08dbbd4c1848af845142103aa12a/index.html","out/md/0aab840cd0ea08dbbd4c1848af845142103aa12a.md","out/reviews/0aab840cd0ea08dbbd4c1848af845142103aa12a.review.json","12","textflow_ok","True","55723","62326","0","0"
"0adad25663f276aa6e7809f7a9281714abb86751","https://openalex.org/W2343363309","https://doi.org/10.1038/nenergy.2016.53","2016","Energy","Gold-supported cerium-doped NiOx catalysts for water oxidation","out/html/0adad25663f276aa6e7809f7a9281714abb86751/index.html","","out/md/0adad25663f276aa6e7809f7a9281714abb86751.md","out/reviews/0adad25663f276aa6e7809f7a9281714abb86751.review.json","18","textflow_ok","True","48806","54311","0","0"
"0ae3ba276207b03a495b7000617ca831705cc0d0","https://openalex.org/W4225262636","https://doi.org/10.1038/s41565-022-01121-4","2022","Chemical Engineering","Efficient conversion of low-concentration nitrate sources into ammonia on a Ru-dispersed Cu nanowire electrocatalyst","out/html/0ae3ba276207b03a495b7000617ca831705cc0d0/index.html","out/html_ocr/0ae3ba276207b03a495b7000617ca831705cc0d0/index.html","out/md/0ae3ba276207b03a495b7000617ca831705cc0d0.md","out/reviews/0ae3ba276207b03a495b7000617ca831705cc0d0.review.json","26","textflow_ok","True","61908","66831","0","0"
"0b4ce90f56b5ea4cb3adf5c1e8665df70d0e68ce","https://openalex.org/W2784470662","https://doi.org/10.1038/nchem.2923","2018","Engineering","Oxygen redox chemistry without excess alkali-metal ions in Na2/3[Mg0.28Mn0.72]O2","out/html/0b4ce90f56b5ea4cb3adf5c1e8665df70d0e68ce/index.html","","out/md/0b4ce90f56b5ea4cb3adf5c1e8665df70d0e68ce.md","out/reviews/0b4ce90f56b5ea4cb3adf5c1e8665df70d0e68ce.review.json","19","textflow_ok","True","43040","47859","0","0"
"0b6792bbebd17c23befc3743eb1dc13ec2d881ce","https://openalex.org/W2983346519","https://doi.org/10.1038/s41558-019-0613-7","2019","Environmental Science","Acceleration of global N2O emissions seen from two decades of atmospheric inversion","out/html/0b6792bbebd17c23befc3743eb1dc13ec2d881ce/index.html","","out/md/0b6792bbebd17c23befc3743eb1dc13ec2d881ce.md","out/reviews/0b6792bbebd17c23befc3743eb1dc13ec2d881ce.review.json","18","textflow_ok","True","57108","62791","0","0"
"0c23ad5cbdfa10c4365386cb5727601b47818819","https://openalex.org/W4213436958","https://doi.org/10.1109/tim.2022.3153997","2022","Engineering","A Small-Sized Object Detection Oriented Multi-Scale Feature Fusion Approach With Application to Defect Detection","out/html/0c23ad5cbdfa10c4365386cb5727601b47818819/index.html","","out/md/0c23ad5cbdfa10c4365386cb5727601b47818819.md","out/reviews/0c23ad5cbdfa10c4365386cb5727601b47818819.review.json","14","textflow_ok","True","79759","84173","0","0"
"0c46baffa09a7cc82093af5be05c08b87f736b5a","https://openalex.org/W2442928002","https://doi.org/10.1038/nclimate3054","2016","Earth and Planetary Sciences","Potential carbon emissions dominated by carbon dioxide from thawed permafrost soils","out/html/0c46baffa09a7cc82093af5be05c08b87f736b5a/index.html","","out/md/0c46baffa09a7cc82093af5be05c08b87f736b5a.md","out/reviews/0c46baffa09a7cc82093af5be05c08b87f736b5a.review.json","18","textflow_ok","True","29971","34826","0","0"
"0c5a90aa802af914ede62fcd11c47f9f22e92607","https://openalex.org/W3095533431","https://doi.org/10.1016/j.engstruct.2020.111372","2020","Engineering","Aluminium alloys as structural material: A review of research","out/html/0c5a90aa802af914ede62fcd11c47f9f22e92607/index.html","","out/md/0c5a90aa802af914ede62fcd11c47f9f22e92607.md","out/reviews/0c5a90aa802af914ede62fcd11c47f9f22e92607.review.json","39","textflow_ok","True","89083","101841","0","0"
"0c5ccd5f59f9a13faa979d9b48bc49c5cd5c0dd9","https://openalex.org/W2883360372","https://doi.org/10.1038/s41586-018-0301-1","2018","Environmental Science","The future of hyperdiverse tropical ecosystems","out/html/0c5ccd5f59f9a13faa979d9b48bc49c5cd5c0dd9/index.html","","out/md/0c5ccd5f59f9a13faa979d9b48bc49c5cd5c0dd9.md","out/reviews/0c5ccd5f59f9a13faa979d9b48bc49c5cd5c0dd9.review.json","10","textflow_ok","True","104451","108460","0","0"
"0c7566c82ad393e656705f6f94084b9fcb52ab15","https://openalex.org/W2768801254","https://doi.org/10.1016/j.tifs.2017.11.008","2017","Chemistry","Antioxidants: Reviewing the chemistry, food applications, legislation and role as preservatives","out/html/0c7566c82ad393e656705f6f94084b9fcb52ab15/index.html","","out/md/0c7566c82ad393e656705f6f94084b9fcb52ab15.md","out/reviews/0c7566c82ad393e656705f6f94084b9fcb52ab15.review.json","14","textflow_ok","True","98451","104737","0","0"
"0ca3e5038ae9a33269df186c925598d48b6640c7","https://openalex.org/W2944922806","https://doi.org/10.1161/circulationaha.118.038169","2019","Biochemistry, Genetics and Molecular Biology","Natural History, Quality of Life, and Outcome in Cardiac Transthyretin Amyloidosis","out/html/0ca3e5038ae9a33269df186c925598d48b6640c7/index.html","","out/md/0ca3e5038ae9a33269df186c925598d48b6640c7.md","out/reviews/0ca3e5038ae9a33269df186c925598d48b6640c7.review.json","34","textflow_ok","True","47078","54601","0","0"
"0d71c65750f96d97d71d372ac1fea99f965da3d0","https://openalex.org/W2750222050","https://doi.org/10.1126/science.aan0202","2017","Materials Science","Two-dimensional sp 2 carbon–conjugated covalent organic frameworks","out/html/0d71c65750f96d97d71d372ac1fea99f965da3d0/index.html","out/html_ocr/0d71c65750f96d97d71d372ac1fea99f965da3d0/index.html","out/md/0d71c65750f96d97d71d372ac1fea99f965da3d0.md","out/reviews/0d71c65750f96d97d71d372ac1fea99f965da3d0.review.json","10","textflow_ok","True","24786","27408","0","0"
"0d83edd7fed84ac1bcf6516f8d4cd12389eb87cc","https://openalex.org/W2899614238","https://doi.org/10.1016/j.jclepro.2018.11.025","2018","Engineering","A comprehensive review of big data analytics throughout product lifecycle to support sustainable smart manufacturing: A framework, challenges and future research directions","out/html/0d83edd7fed84ac1bcf6516f8d4cd12389eb87cc/index.html","","out/md/0d83edd7fed84ac1bcf6516f8d4cd12389eb87cc.md","out/reviews/0d83edd7fed84ac1bcf6516f8d4cd12389eb87cc.review.json","59","textflow_ok","True","182889","204740","0","0"
"0e123aefd433e3f4a7ee0091a68a4b12cd9de022","https://openalex.org/W4281627373","https://doi.org/10.1016/s0140-6736(22)00467-6","2022","Biochemistry, Genetics and Molecular Biology","Risankizumab as induction therapy for Crohn's disease: results from the phase 3 ADVANCE and MOTIVATE induction trials","out/html/0e123aefd433e3f4a7ee0091a68a4b12cd9de022/index.html","","out/md/0e123aefd433e3f4a7ee0091a68a4b12cd9de022.md","out/reviews/0e123aefd433e3f4a7ee0091a68a4b12cd9de022.review.json","17","textflow_ok","True","91693","104481","0","0"
"0ea0ce0e8edc05ebd0b30048fde62d0705614821","https://openalex.org/W4392015766","https://doi.org/10.1038/s41586-023-07010-7","2024","Physics and Astronomy","Fractional quantum anomalous Hall effect in multilayer graphene","out/html/0ea0ce0e8edc05ebd0b30048fde62d0705614821/index.html","","out/md/0ea0ce0e8edc05ebd0b30048fde62d0705614821.md","out/reviews/0ea0ce0e8edc05ebd0b30048fde62d0705614821.review.json","26","textflow_ok","True","46101","52708","0","0"
"0eae9a4fe6d4f03f4b5a38eb623855828c892305","https://openalex.org/W4391383682","https://doi.org/10.1038/s41586-023-06918-4","2024","Engineering","Establishing reaction networks in the 16-electron sulfur reduction reaction","out/html/0eae9a4fe6d4f03f4b5a38eb623855828c892305/index.html","","","","19","textflow_ok","True","46665","50943","0","0"
"0f1986a205a2bc021002808aa5e8b9c6d314cdfc","https://openalex.org/W2949851680","https://doi.org/10.1016/j.rser.2019.04.062","2019","Engineering","HVDC Transmission: Technology Review, Market Trends and Future Outlook","out/html/0f1986a205a2bc021002808aa5e8b9c6d314cdfc/index.html","","out/md/0f1986a205a2bc021002808aa5e8b9c6d314cdfc.md","out/reviews/0f1986a205a2bc021002808aa5e8b9c6d314cdfc.review.json","61","textflow_ok","True","161498","173194","0","0"
"0f5168cf2ed80741110a935789bed56427c1aaf8","https://openalex.org/W2610228741","https://doi.org/10.1126/science.aag3009","2017","Immunology and Microbiology","Mapping the human DC lineage through the integration of high-dimensional techniques","out/html/0f5168cf2ed80741110a935789bed56427c1aaf8/index.html","","out/md/0f5168cf2ed80741110a935789bed56427c1aaf8.md","out/reviews/0f5168cf2ed80741110a935789bed56427c1aaf8.review.json","16","textflow_ok","True","96479","101152","0","0"
"0feb8b5227e47d0bb3b273ead305e81cd622d938","https://openalex.org/W3006609207","https://doi.org/10.1038/s41560-020-0560-6","2020","Materials Science","Tuning the interlayer spacing of graphene laminate films for efficient pore utilization towards compact capacitive energy storage","out/html/0feb8b5227e47d0bb3b273ead305e81cd622d938/index.html","","out/md/0feb8b5227e47d0bb3b273ead305e81cd622d938.md","out/reviews/0feb8b5227e47d0bb3b273ead305e81cd622d938.review.json","9","textflow_ok","True","51234","54136","0","0"
"105b275ae557cc5ed0cfcb00760980db067fd38f","https://openalex.org/W3048799955","https://doi.org/10.1111/nph.16866","2020","Agricultural and Biological Sciences","Integrating the evidence for a terrestrial carbon sink caused by increasing atmospheric CO 2","out/html/105b275ae557cc5ed0cfcb00760980db067fd38f/index.html","","out/md/105b275ae557cc5ed0cfcb00760980db067fd38f.md","out/reviews/105b275ae557cc5ed0cfcb00760980db067fd38f.review.json","84","textflow_ok","True","170832","189411","0","0"
"10682fbd2682e9728ca8f436c6453a3c7354d226","https://openalex.org/W4294558607","https://doi.org/10.4230/lipics.sea.2024.20","2024","Biochemistry, Genetics and Molecular Biology","Targeted Branching for the Maximum Independent Set Problem Using Graph Neural Networks","out/html/10682fbd2682e9728ca8f436c6453a3c7354d226/index.html","out/html_ocr/10682fbd2682e9728ca8f436c6453a3c7354d226/index.html","out/md/10682fbd2682e9728ca8f436c6453a3c7354d226.md","out/reviews/10682fbd2682e9728ca8f436c6453a3c7354d226.review.json","21","textflow_ok","True","69353","75768","0","0"
"10d618c5bc608284478508bb5506237b043f0e86","https://openalex.org/W2233414233","https://doi.org/10.1016/j.jconrel.2016.01.020","2016","Materials Science","Nanoparticle–liver interactions: Cellular uptake and hepatobiliary elimination","out/html/10d618c5bc608284478508bb5506237b043f0e86/index.html","out/html_ocr/10d618c5bc608284478508bb5506237b043f0e86/index.html","out/md/10d618c5bc608284478508bb5506237b043f0e86.md","out/reviews/10d618c5bc608284478508bb5506237b043f0e86.review.json","59","textflow_ok","True","112388","131210","0","0"
"115481dd08021f74dc430e098751bae43f48fb48","https://openalex.org/W2570780803","https://doi.org/10.1021/acs.nanolett.6b04755","2017","Engineering","Nanoscale Nucleation and Growth of Electrodeposited Lithium Metal","out/html/115481dd08021f74dc430e098751bae43f48fb48/index.html","out/html_ocr/115481dd08021f74dc430e098751bae43f48fb48/index.html","out/md/115481dd08021f74dc430e098751bae43f48fb48.md","out/reviews/115481dd08021f74dc430e098751bae43f48fb48.review.json","24","textflow_ok","True","40723","46999","0","0"
"11ac64a1c636dcc7cd24307821ec11aa0af7016e","https://openalex.org/W2807785345","https://doi.org/10.1016/j.imavis.2018.05.004","2018","Engineering","Speeded up detection of squared fiducial markers","out/html/11ac64a1c636dcc7cd24307821ec11aa0af7016e/index.html","","out/md/11ac64a1c636dcc7cd24307821ec11aa0af7016e.md","out/reviews/11ac64a1c636dcc7cd24307821ec11aa0af7016e.review.json","13","textflow_ok","True","54146","58561","0","0"
"12db48139f307742ad0d00f498353766db9484bb","https://openalex.org/W3091523599","https://doi.org/10.1126/science.abb8985","2020","Engineering","Vapor-assisted deposition of highly efficient, stable black-phase FAPbI 3 perovskite solar cells","out/html/12db48139f307742ad0d00f498353766db9484bb/index.html","out/html_ocr/12db48139f307742ad0d00f498353766db9484bb/index.html","out/md/12db48139f307742ad0d00f498353766db9484bb.md","out/reviews/12db48139f307742ad0d00f498353766db9484bb.review.json","9","textflow_ok","True","52410","56068","0","0"
"135280e548fb28b2697cc9097a0d8373786c3755","https://openalex.org/W2899101283","https://doi.org/10.1016/j.rse.2018.11.014","2018","Engineering","Joint Deep Learning for land cover and land use classification","out/html/135280e548fb28b2697cc9097a0d8373786c3755/index.html","","out/md/135280e548fb28b2697cc9097a0d8373786c3755.md","out/reviews/135280e548fb28b2697cc9097a0d8373786c3755.review.json","50","textflow_ok","True","91897","101980","0","0"
"1371f201fdfe9c4b575e241c7e8baa221df5313c","https://openalex.org/W3191458373","https://doi.org/10.1038/s41560-021-00878-7","2021","Energy","High-performing commercial Fe–N–C cathode electrocatalyst for anion-exchange membrane fuel cells","out/html/1371f201fdfe9c4b575e241c7e8baa221df5313c/index.html","","out/md/1371f201fdfe9c4b575e241c7e8baa221df5313c.md","out/reviews/1371f201fdfe9c4b575e241c7e8baa221df5313c.review.json","37","textflow_ok","True","64585","74354","0","0"
"1379e3aed9d9011da8719cf970687d6339cae86f","https://openalex.org/W2163173465","https://doi.org/10.1038/nmeth.3312","2015","Biochemistry, Genetics and Molecular Biology","Highly efficient Cas9-mediated transcriptional programming","out/html/1379e3aed9d9011da8719cf970687d6339cae86f/index.html","","out/md/1379e3aed9d9011da8719cf970687d6339cae86f.md","out/reviews/1379e3aed9d9011da8719cf970687d6339cae86f.review.json","11","textflow_ok","True","30026","33530","0","0"
"137e8317a8681aa615a22f3638ba97761d76cb97","https://openalex.org/W2740144340","https://doi.org/10.1016/j.isprsjprs.2017.07.014","2017","Engineering","A hybrid MLP-CNN classifier for very fine resolution remotely sensed image classification","out/html/137e8317a8681aa615a22f3638ba97761d76cb97/index.html","","out/md/137e8317a8681aa615a22f3638ba97761d76cb97.md","out/reviews/137e8317a8681aa615a22f3638ba97761d76cb97.review.json","33","textflow_ok","True","68109","76113","0","0"
"14c2aea0093b23848a76256cbe87d0bbdb004101","https://openalex.org/W2320739919","https://doi.org/10.1038/nplants.2015.80","2015","Environmental Science","Grassland productivity limited by multiple nutrients","out/html/14c2aea0093b23848a76256cbe87d0bbdb004101/index.html","","out/md/14c2aea0093b23848a76256cbe87d0bbdb004101.md","out/reviews/14c2aea0093b23848a76256cbe87d0bbdb004101.review.json","18","textflow_ok","True","31581","36209","0","0"
"14caba4d43fc943c432f0ecf9619a80d602d0148","https://openalex.org/W2581504233","https://doi.org/10.1038/nclimate3202","2017","Environmental Science","Key indicators to track current progress and future ambition of the Paris Agreement","out/html/14caba4d43fc943c432f0ecf9619a80d602d0148/index.html","","out/md/14caba4d43fc943c432f0ecf9619a80d602d0148.md","out/reviews/14caba4d43fc943c432f0ecf9619a80d602d0148.review.json","13","textflow_ok","True","32800","36549","0","0"
"154b2cf23729f1445b033223d512001a1af9de89","https://openalex.org/W2945485796","https://doi.org/10.1126/science.aau9101","2019","Engineering","A radiative cooling structural material","out/html/154b2cf23729f1445b033223d512001a1af9de89/index.html","out/html_ocr/154b2cf23729f1445b033223d512001a1af9de89/index.html","out/md/154b2cf23729f1445b033223d512001a1af9de89.md","out/reviews/154b2cf23729f1445b033223d512001a1af9de89.review.json","10","textflow_ok","True","39278","42672","0","0"
"154ebc99585608b0b7667e77bf089fa2cd2c1b7f","https://openalex.org/W2796861976","https://doi.org/10.1111/gcb.14163","2018","Agricultural and Biological Sciences","Long‐term nitrogen fertilization decreases bacterial diversity and favors the growth of Actinobacteria and Proteobacteria in agro‐ecosystems across the globe","out/html/154ebc99585608b0b7667e77bf089fa2cd2c1b7f/index.html","out/html_ocr/154ebc99585608b0b7667e77bf089fa2cd2c1b7f/index.html","out/md/154ebc99585608b0b7667e77bf089fa2cd2c1b7f.md","out/reviews/154ebc99585608b0b7667e77bf089fa2cd2c1b7f.review.json","36","textflow_ok","True","53357","59701","0","0"
"15e347462561628d88f92bb66e944e3295ce75ad","https://openalex.org/W3176680278","https://doi.org/10.1038/s41477-021-00946-6","2021","Agricultural and Biological Sciences","Nanotechnology and artificial intelligence to enable sustainable and precision agriculture","out/html/15e347462561628d88f92bb66e944e3295ce75ad/index.html","","out/md/15e347462561628d88f92bb66e944e3295ce75ad.md","out/reviews/15e347462561628d88f92bb66e944e3295ce75ad.review.json","73","textflow_ok","True","153298","166682","0","0"
"15fb1936c175fab7d61c8bf7ef1fb45ccc97cfc5","https://openalex.org/W2998919826","https://doi.org/10.1038/s41560-019-0538-4","2020","Engineering","Managing grains and interfaces via ligand anchoring enables 22.3%-efficiency inverted perovskite solar cells","out/html/15fb1936c175fab7d61c8bf7ef1fb45ccc97cfc5/index.html","out/html_ocr/15fb1936c175fab7d61c8bf7ef1fb45ccc97cfc5/index.html","out/md/15fb1936c175fab7d61c8bf7ef1fb45ccc97cfc5.md","out/reviews/15fb1936c175fab7d61c8bf7ef1fb45ccc97cfc5.review.json","32","textflow_ok","True","54871","60432","0","0"
"16fd967d1735dcbdfd7b86ef8cca0fe69f928de6","https://openalex.org/W2607681576","https://doi.org/10.1016/j.scs.2017.04.011","2017","Engineering","A review of air filtration technologies for sustainable and healthy building ventilation","out/html/16fd967d1735dcbdfd7b86ef8cca0fe69f928de6/index.html","","out/md/16fd967d1735dcbdfd7b86ef8cca0fe69f928de6.md","out/reviews/16fd967d1735dcbdfd7b86ef8cca0fe69f928de6.review.json","38","textflow_ok","True","116859","127482","0","0"
"170a2e859d5843846ae0f934cc9dfaa3cc1e2d28","https://openalex.org/W2533429430","https://doi.org/10.1021/acsnano.6b05944","2016","Engineering","Advances and Promises of Layered Halide Hybrid Perovskite Semiconductors","out/html/170a2e859d5843846ae0f934cc9dfaa3cc1e2d28/index.html","","out/md/170a2e859d5843846ae0f934cc9dfaa3cc1e2d28.md","out/reviews/170a2e859d5843846ae0f934cc9dfaa3cc1e2d28.review.json","32","textflow_ok","True","65877","72811","0","0"
"17835fb93e5215b88e2aff588a242a7ea7611fec","https://openalex.org/W2921205582","https://doi.org/10.1016/j.rcim.2019.02.003","2019","Computer Science","Augmented reality in support of Industry 4.0—Implementation challenges and success factors","out/html/17835fb93e5215b88e2aff588a242a7ea7611fec/index.html","","out/md/17835fb93e5215b88e2aff588a242a7ea7611fec.md","out/reviews/17835fb93e5215b88e2aff588a242a7ea7611fec.review.json","26","textflow_ok","True","97001","104766","0","0"
"178787e2f680847f6b40313f2222d732d3e27335","https://openalex.org/W3003423347","https://doi.org/10.1111/jcpp.13176","2020","Neuroscience","Annual Research Review: Looking back to look forward – changes in the concept of autism and implications for future research","out/html/178787e2f680847f6b40313f2222d732d3e27335/index.html","","out/md/178787e2f680847f6b40313f2222d732d3e27335.md","out/reviews/178787e2f680847f6b40313f2222d732d3e27335.review.json","49","textflow_ok","True","87688","95381","0","0"
"17a360de89b8c39ab10fc34cfbc5540aae6a894c","https://openalex.org/W2277132981","https://doi.org/10.1109/tnnls.2016.2522428","2016","Engineering","Deep Neural Network for Structural Prediction and Lane Detection in Traffic Scene","out/html/17a360de89b8c39ab10fc34cfbc5540aae6a894c/index.html","","out/md/17a360de89b8c39ab10fc34cfbc5540aae6a894c.md","out/reviews/17a360de89b8c39ab10fc34cfbc5540aae6a894c.review.json","15","textflow_ok","True","71669","77524","0","0"
"17be43449ac82cd4f1777b969c8b72b7359a1dbf","https://openalex.org/W3005335721","https://doi.org/10.1109/tsg.2020.2971427","2020","Engineering","A Multi-Agent Reinforcement Learning-Based Data-Driven Method for Home Energy Management","out/html/17be43449ac82cd4f1777b969c8b72b7359a1dbf/index.html","","out/md/17be43449ac82cd4f1777b969c8b72b7359a1dbf.md","out/reviews/17be43449ac82cd4f1777b969c8b72b7359a1dbf.review.json","10","textflow_ok","True","49148","58071","0","0"
"17d9b4a28ab40b3462c91152daf15e6d52ba1c68","https://openalex.org/W2508604439","https://doi.org/10.1016/j.cej.2016.08.089","2016","Environmental Science","Activated lignin-chitosan extruded blends for efficient adsorption of methylene blue","out/html/17d9b4a28ab40b3462c91152daf15e6d52ba1c68/index.html","out/html_ocr/17d9b4a28ab40b3462c91152daf15e6d52ba1c68/index.html","out/md/17d9b4a28ab40b3462c91152daf15e6d52ba1c68.md","out/reviews/17d9b4a28ab40b3462c91152daf15e6d52ba1c68.review.json","29","textflow_ok","True","45038","53215","0","0"
"17e9415702229d00313ef5261ec7dc8d757504e4","https://openalex.org/W4307930853","https://doi.org/10.1038/s41586-022-05238-3","2022","Engineering","Strain-retardant coherent perovskite phase stabilized Ni-rich cathode","out/html/17e9415702229d00313ef5261ec7dc8d757504e4/index.html","","out/md/17e9415702229d00313ef5261ec7dc8d757504e4.md","out/reviews/17e9415702229d00313ef5261ec7dc8d757504e4.review.json","25","textflow_ok","True","37110","41806","0","0"
"180c4b2e27d7e71e9e8dc7849bbee9034791b1a4","https://openalex.org/W2993592145","https://doi.org/10.1021/acsnano.9b07708","2019","Materials Science","Synthesis of Mo 4 VAlC 4 MAX Phase and Two-Dimensional Mo 4 VC 4 MXene with Five Atomic Layers of Transition Metals","out/html/180c4b2e27d7e71e9e8dc7849bbee9034791b1a4/index.html","","out/md/180c4b2e27d7e71e9e8dc7849bbee9034791b1a4.md","out/reviews/180c4b2e27d7e71e9e8dc7849bbee9034791b1a4.review.json","25","textflow_ok","True","73120","78082","0","0"
"1876b90815791be33771f2e8002a30a5aea37e02","https://openalex.org/W2206021129","https://doi.org/10.1021/acs.chemmater.5b03854","2015","Engineering","Elastic Properties of the Solid Electrolyte Li 7 La 3 Zr 2 O 12 (LLZO)","out/html/1876b90815791be33771f2e8002a30a5aea37e02/index.html","","out/md/1876b90815791be33771f2e8002a30a5aea37e02.md","out/reviews/1876b90815791be33771f2e8002a30a5aea37e02.review.json","11","textflow_ok","True","50555","55071","0","0"
"188f7ae610ebbb4563021edf32cdcbc3681a0196","https://openalex.org/W2191751320","https://doi.org/10.1016/j.actbio.2015.09.005","2015","Materials Science","Silk fibroin as biomaterial for bone tissue engineering","out/html/188f7ae610ebbb4563021edf32cdcbc3681a0196/index.html","out/html_ocr/188f7ae610ebbb4563021edf32cdcbc3681a0196/index.html","out/md/188f7ae610ebbb4563021edf32cdcbc3681a0196.md","out/reviews/188f7ae610ebbb4563021edf32cdcbc3681a0196.review.json","51","textflow_ok","True","108050","117421","0","0"
"18c8555d444c540003996f54262538f5c5a51395","https://openalex.org/W2198416647","https://doi.org/10.1021/jacs.5b07284","2015","Materials Science","Valence Band Modification and High Thermoelectric Performance in SnTe Heavily Alloyed with MnTe","out/html/18c8555d444c540003996f54262538f5c5a51395/index.html","","out/md/18c8555d444c540003996f54262538f5c5a51395.md","out/reviews/18c8555d444c540003996f54262538f5c5a51395.review.json","10","textflow_ok","True","51616","55805","0","0"
"1902953802a10173673806d6950560286da7f647","https://openalex.org/W2786764113","https://doi.org/10.1038/s41558-017-0061-1","2018","Environmental Science","The role of supply-chain initiatives in reducing deforestation","out/html/1902953802a10173673806d6950560286da7f647/index.html","","out/md/1902953802a10173673806d6950560286da7f647.md","out/reviews/1902953802a10173673806d6950560286da7f647.review.json","18","textflow_ok","True","54059","58092","0","0"
"197c2352064373827e1b10a3b0ce262953496e43","https://openalex.org/W3121565687","https://doi.org/10.1038/s41586-020-03130-6","2021","Materials Science","A stable low-temperature H2-production catalyst by crowding Pt on α-MoC","out/html/197c2352064373827e1b10a3b0ce262953496e43/index.html","","out/md/197c2352064373827e1b10a3b0ce262953496e43.md","out/reviews/197c2352064373827e1b10a3b0ce262953496e43.review.json","9","textflow_ok","True","54923","61530","0","0"
"19a087d8ccec5de099072d86d0581321dc39069d","https://openalex.org/W2745349846","https://doi.org/10.1016/j.enbuild.2017.08.044","2017","Engineering","IEA EBC Annex 67 Energy Flexible Buildings","out/html/19a087d8ccec5de099072d86d0581321dc39069d/index.html","","out/md/19a087d8ccec5de099072d86d0581321dc39069d.md","out/reviews/19a087d8ccec5de099072d86d0581321dc39069d.review.json","24","textflow_ok","True","58716","64734","0","0"
"19a6920dfa7929ddb047ed105384f7950d3c294e","https://openalex.org/W2842089854","https://doi.org/10.1007/s12532-018-0139-4","2018","Engineering","CasADi: a software framework for nonlinear optimization and optimal control","out/html/19a6920dfa7929ddb047ed105384f7950d3c294e/index.html","out/html_ocr/19a6920dfa7929ddb047ed105384f7950d3c294e/index.html","out/md/19a6920dfa7929ddb047ed105384f7950d3c294e.md","out/reviews/19a6920dfa7929ddb047ed105384f7950d3c294e.review.json","33","textflow_ok","True","93291","101510","0","0"
"19e29b1b10314aed76244206c81b600498d54b4e","https://openalex.org/W2532403770","https://doi.org/10.1021/acs.est.6b03024","2016","Earth and Planetary Sciences","Molecular Characterization of Brown Carbon in Biomass Burning Aerosol Particles","out/html/19e29b1b10314aed76244206c81b600498d54b4e/index.html","","","","11","textflow_ok","True","55240","59057","0","0"
"1b1418e022cb0d27e4a6c071a99d6b5c9260401d","https://openalex.org/W2336322268","https://doi.org/10.1126/science.aad2035","2016","Immunology and Microbiology","Hobit and Blimp1 instruct a universal transcriptional program of tissue residency in lymphocytes","out/html/1b1418e022cb0d27e4a6c071a99d6b5c9260401d/index.html","out/html_ocr/1b1418e022cb0d27e4a6c071a99d6b5c9260401d/index.html","out/md/1b1418e022cb0d27e4a6c071a99d6b5c9260401d.md","out/reviews/1b1418e022cb0d27e4a6c071a99d6b5c9260401d.review.json","7","textflow_ok","True","35938","39011","0","0"
"1b16cc0931b0523b99be3825ca76663437d43789","https://openalex.org/W2606796488","https://doi.org/10.1016/j.neuroimage.2017.04.014","2017","Neuroscience","Human brain mapping: A systematic comparison of parcellation methods for the human cerebral cortex","out/html/1b16cc0931b0523b99be3825ca76663437d43789/index.html","","out/md/1b16cc0931b0523b99be3825ca76663437d43789.md","out/reviews/1b16cc0931b0523b99be3825ca76663437d43789.review.json","80","textflow_ok","True","162986","187248","0","0"
"1b2a3e6958e595fc7597298b33ac6b4e4bfd5a27","https://openalex.org/W2345673676","https://doi.org/10.1038/nclimate2980","2016","Environmental Science","Bridging analytical approaches for low-carbon transitions","out/html/1b2a3e6958e595fc7597298b33ac6b4e4bfd5a27/index.html","","out/md/1b2a3e6958e595fc7597298b33ac6b4e4bfd5a27.md","out/reviews/1b2a3e6958e595fc7597298b33ac6b4e4bfd5a27.review.json","31","textflow_ok","True","58310","65492","0","0"
"1b52e756196ebf3d92b94a982f503722c1154c29","https://openalex.org/W2783949446","https://doi.org/10.1038/s41929-017-0009-x","2018","Energy","Metal ion cycling of Cu foil for selective C–C coupling in electrochemical CO2 reduction","out/html/1b52e756196ebf3d92b94a982f503722c1154c29/index.html","out/html_ocr/1b52e756196ebf3d92b94a982f503722c1154c29/index.html","out/md/1b52e756196ebf3d92b94a982f503722c1154c29.md","out/reviews/1b52e756196ebf3d92b94a982f503722c1154c29.review.json","15","textflow_ok","True","55253","60146","0","0"
"1b626e82ca8fbc40aedbfaba548abf266f904525","https://openalex.org/W2409887094","https://doi.org/10.1038/nprot.2016.070","2016","Biochemistry, Genetics and Molecular Biology","A method for detergent-free isolation of membrane proteins in their local lipid environment","out/html/1b626e82ca8fbc40aedbfaba548abf266f904525/index.html","","out/md/1b626e82ca8fbc40aedbfaba548abf266f904525.md","out/reviews/1b626e82ca8fbc40aedbfaba548abf266f904525.review.json","43","textflow_ok","True","75387","90530","0","0"
"1ba57594d6a8c4fe5a4d797b5ee5e6dddf91bf7f","https://openalex.org/W2786488721","https://doi.org/10.1021/acscatal.7b03437","2018","Energy","Role of Interfaces in Two-Dimensional Photocatalyst for Water Splitting","out/html/1ba57594d6a8c4fe5a4d797b5ee5e6dddf91bf7f/index.html","out/html_ocr/1ba57594d6a8c4fe5a4d797b5ee5e6dddf91bf7f/index.html","out/md/1ba57594d6a8c4fe5a4d797b5ee5e6dddf91bf7f.md","out/reviews/1ba57594d6a8c4fe5a4d797b5ee5e6dddf91bf7f.review.json","57","textflow_ok","True","143792","153271","0","0"
"1bf121f97245e8e32b158ca91297d7b7b72abc93","https://openalex.org/W2210796340","https://doi.org/10.1063/1.4937809","2015","Engineering","Laser powder bed fusion additive manufacturing of metals; physics, computational, and materials challenges","out/html/1bf121f97245e8e32b158ca91297d7b7b72abc93/index.html","","out/md/1bf121f97245e8e32b158ca91297d7b7b72abc93.md","out/reviews/1bf121f97245e8e32b158ca91297d7b7b72abc93.review.json","55","textflow_ok","True","136140","144869","0","0"
"1c4a6fd1bfb9d7adca22b6f17360cac249a7a4e9","https://openalex.org/W2770365904","https://doi.org/10.1002/adma.201704740","2017","Materials Science","Synthesis of Carbon Dots with Multiple Color Emission by Controlled Graphitization and Surface Functionalization","out/html/1c4a6fd1bfb9d7adca22b6f17360cac249a7a4e9/index.html","","out/md/1c4a6fd1bfb9d7adca22b6f17360cac249a7a4e9.md","out/reviews/1c4a6fd1bfb9d7adca22b6f17360cac249a7a4e9.review.json","25","textflow_ok","True","40676","48137","0","0"
"1c61f92cf4f2cab14baadc0b0e9a176565f5b84f","https://openalex.org/W2936940019","https://doi.org/10.1038/s41565-019-0428-8","2019","Engineering","Injection of oxygen vacancies in the bulk lattice of layered cathodes","out/html/1c61f92cf4f2cab14baadc0b0e9a176565f5b84f/index.html","","out/md/1c61f92cf4f2cab14baadc0b0e9a176565f5b84f.md","out/reviews/1c61f92cf4f2cab14baadc0b0e9a176565f5b84f.review.json","15","textflow_ok","True","45709","49132","0","0"
"1c9f887eea3153c87c0964be5b3696b9d3b9c66b","https://openalex.org/W2908969116","https://doi.org/10.1016/j.jplph.2019.01.007","2019","Agricultural and Biological Sciences","Dynamic changes in the starch-sugar interconversion within plant source and sink tissues promote a better abiotic stress response","out/html/1c9f887eea3153c87c0964be5b3696b9d3b9c66b/index.html","","out/md/1c9f887eea3153c87c0964be5b3696b9d3b9c66b.md","out/reviews/1c9f887eea3153c87c0964be5b3696b9d3b9c66b.review.json","50","textflow_ok","True","109881","121321","0","0"
"1d152e687b9bca649aa647239bc4edba5e3794fb","https://openalex.org/W2953641512","https://doi.org/10.1038/s41586-019-1335-8","2019","Materials Science","Unsupervised word embeddings capture latent knowledge from materials science literature","out/html/1d152e687b9bca649aa647239bc4edba5e3794fb/index.html","out/html_ocr/1d152e687b9bca649aa647239bc4edba5e3794fb/index.html","out/md/1d152e687b9bca649aa647239bc4edba5e3794fb.md","out/reviews/1d152e687b9bca649aa647239bc4edba5e3794fb.review.json","13","textflow_ok","True","45612","49265","0","0"
"1da953cb9c801b0b618386e690ed8cd7008a309a","https://openalex.org/W2565250687","https://doi.org/10.1002/2015gb005359","2016","Earth and Planetary Sciences","Decadal variations and trends of the global ocean carbon sink","out/html/1da953cb9c801b0b618386e690ed8cd7008a309a/index.html","","out/md/1da953cb9c801b0b618386e690ed8cd7008a309a.md","out/reviews/1da953cb9c801b0b618386e690ed8cd7008a309a.review.json","22","textflow_ok","True","91529","97446","0","0"
"1dfe8292577c18b9dd5d4fdcc83c3e1006435167","https://openalex.org/W2589370404","https://doi.org/10.1016/j.nanoen.2017.02.025","2017","Engineering","Advances in hole transport materials engineering for stable and efficient perovskite solar cells","out/html/1dfe8292577c18b9dd5d4fdcc83c3e1006435167/index.html","","out/md/1dfe8292577c18b9dd5d4fdcc83c3e1006435167.md","out/reviews/1dfe8292577c18b9dd5d4fdcc83c3e1006435167.review.json","35","textflow_ok","True","207815","218787","0","0"
"1e04080f27ef041669e8fde9ff5243e2c688bc77","https://openalex.org/W2082065455","https://doi.org/10.1021/acs.nanolett.5b00128","2015","Engineering","Magnetic and Electric Hotspots with Silicon Nanodimers","out/html/1e04080f27ef041669e8fde9ff5243e2c688bc77/index.html","","out/md/1e04080f27ef041669e8fde9ff5243e2c688bc77.md","out/reviews/1e04080f27ef041669e8fde9ff5243e2c688bc77.review.json","17","textflow_ok","True","31791","35864","0","0"
"1e66fb0b0f094a70b662dd85c3431f1341bb1ee3","https://openalex.org/W3006831735","https://doi.org/10.1126/science.aba4597","2020","Engineering","Ultrafast control of vortex microlasers","out/html/1e66fb0b0f094a70b662dd85c3431f1341bb1ee3/index.html","out/html_ocr/1e66fb0b0f094a70b662dd85c3431f1341bb1ee3/index.html","out/md/1e66fb0b0f094a70b662dd85c3431f1341bb1ee3.md","out/reviews/1e66fb0b0f094a70b662dd85c3431f1341bb1ee3.review.json","30","textflow_ok","True","48855","54400","0","0"
"1eb1c56f3f47c9fb5e5bd0c962ef97366da09df6","https://openalex.org/W2527105207","https://doi.org/10.1139/cgj-2016-0044","2016","Engineering","Cone penetration test (CPT)-based soil behaviour type (SBT) classification system — an update","out/html/1eb1c56f3f47c9fb5e5bd0c962ef97366da09df6/index.html","","out/md/1eb1c56f3f47c9fb5e5bd0c962ef97366da09df6.md","out/reviews/1eb1c56f3f47c9fb5e5bd0c962ef97366da09df6.review.json","70","textflow_ok","True","98817","115271","0","0"
"1ed56e6ccb15c5a77a0b90cb2c8f34f88fffe97e","https://openalex.org/W4300105875","","2024","Engineering","Phenix - a comprehensive python-based system for macromolecular structure solution","out/html/1ed56e6ccb15c5a77a0b90cb2c8f34f88fffe97e/index.html","out/html_ocr/1ed56e6ccb15c5a77a0b90cb2c8f34f88fffe97e/index.html","out/md/1ed56e6ccb15c5a77a0b90cb2c8f34f88fffe97e.md","out/reviews/1ed56e6ccb15c5a77a0b90cb2c8f34f88fffe97e.review.json","19","textflow_ok","True","52753","57874","0","0"
"1f1ee6c6f076e1257119d52939e92a622632b574","https://openalex.org/W2808626396","https://doi.org/10.1111/risa.13128","2018","Engineering","Understanding Compound, Interconnected, Interacting, and Cascading Risks: A Holistic Framework","out/html/1f1ee6c6f076e1257119d52939e92a622632b574/index.html","","out/md/1f1ee6c6f076e1257119d52939e92a622632b574.md","out/reviews/1f1ee6c6f076e1257119d52939e92a622632b574.review.json","32","textflow_ok","True","68000","80577","0","0"
"1f3a37b4989c92024e43549a1abb0e25b4bd05be","https://openalex.org/W2747193592","https://doi.org/10.1016/j.jue.2018.09.003","2018","Engineering","Is Uber a substitute or complement for public transit?","out/html/1f3a37b4989c92024e43549a1abb0e25b4bd05be/index.html","","out/md/1f3a37b4989c92024e43549a1abb0e25b4bd05be.md","out/reviews/1f3a37b4989c92024e43549a1abb0e25b4bd05be.review.json","39","textflow_ok","True","74512","85775","0","0"
"1f544e9299b26861c40f85db3086938b2356eb07","https://openalex.org/W2755768317","https://doi.org/10.1021/jacs.7b06514","2017","Energy","Single Atomic Iron Catalysts for Oxygen Reduction in Acidic Media: Particle Size Control and Thermal Activation","out/html/1f544e9299b26861c40f85db3086938b2356eb07/index.html","out/html_ocr/1f544e9299b26861c40f85db3086938b2356eb07/index.html","out/md/1f544e9299b26861c40f85db3086938b2356eb07.md","out/reviews/1f544e9299b26861c40f85db3086938b2356eb07.review.json","9","textflow_ok","True","39150","42507","0","0"
"1f696e6f35bab09c2e5d3bf8e3eaa971f87d0d0e","https://openalex.org/W2280707463","https://doi.org/10.1109/jestpe.2015.2490549","2015","Engineering","Passivity-Based Stability Assessment of Grid-Connected VSCs—An Overview","out/html/1f696e6f35bab09c2e5d3bf8e3eaa971f87d0d0e/index.html","","out/md/1f696e6f35bab09c2e5d3bf8e3eaa971f87d0d0e.md","out/reviews/1f696e6f35bab09c2e5d3bf8e3eaa971f87d0d0e.review.json","11","textflow_ok","True","51748","56151","0","0"
"200605a24ef73267a88565021beae5bf8ab09883","https://openalex.org/W2936772608","https://doi.org/10.1038/s41563-019-0349-9","2019","Materials Science","Structural evolution of atomically dispersed Pt catalysts dictates reactivity","out/html/200605a24ef73267a88565021beae5bf8ab09883/index.html","","out/md/200605a24ef73267a88565021beae5bf8ab09883.md","out/reviews/200605a24ef73267a88565021beae5bf8ab09883.review.json","56","textflow_ok","True","91321","103647","0","0"
"208e0446f89363a911dc3411f3f9c797d17246ab","https://openalex.org/W4313893074","https://doi.org/10.1038/s41893-022-01028-x","2023","Engineering","All-temperature zinc batteries with high-entropy aqueous electrolyte","out/html/208e0446f89363a911dc3411f3f9c797d17246ab/index.html","","out/md/208e0446f89363a911dc3411f3f9c797d17246ab.md","out/reviews/208e0446f89363a911dc3411f3f9c797d17246ab.review.json","34","textflow_ok","True","67158","73671","0","0"
"2108f3b58bc2a62f5407b467198b91f224c6db83","https://openalex.org/W3158308213","https://doi.org/10.1038/s41586-021-03477-4","2021","Biochemistry, Genetics and Molecular Biology","Somatic mutation landscapes at single-molecule resolution","out/html/2108f3b58bc2a62f5407b467198b91f224c6db83/index.html","","out/md/2108f3b58bc2a62f5407b467198b91f224c6db83.md","out/reviews/2108f3b58bc2a62f5407b467198b91f224c6db83.review.json","55","textflow_ok","True","141877","151070","0","0"
"2113aa718bc59b6c4f656e884f141716fe409a97","https://openalex.org/W2137121736","https://doi.org/10.1002/2015gl063040","2015","Environmental Science","The fertilizing role of African dust in the Amazon rainforest: A first multiyear assessment based on data from Cloud‐Aerosol Lidar and Infrared Pathfinder Satellite Observations","out/html/2113aa718bc59b6c4f656e884f141716fe409a97/index.html","","out/md/2113aa718bc59b6c4f656e884f141716fe409a97.md","out/reviews/2113aa718bc59b6c4f656e884f141716fe409a97.review.json","8","textflow_ok","True","41333","44793","0","0"
"213c38565f9c17a0f071936ac57469219620f530","https://openalex.org/W2594502222","https://doi.org/10.1038/nenergy.2015.14","2016","Materials Science","Evolution of the electrochemical interface in high-temperature fuel cells and electrolysers","out/html/213c38565f9c17a0f071936ac57469219620f530/index.html","out/html_ocr/213c38565f9c17a0f071936ac57469219620f530/index.html","out/md/213c38565f9c17a0f071936ac57469219620f530.md","out/reviews/213c38565f9c17a0f071936ac57469219620f530.review.json","26","textflow_ok","True","74726","79778","0","0"
"21befc71fa44bed772fcee7eaccffa1684d6e421","https://openalex.org/W3105982350","https://doi.org/10.15488/5174","2019","Physics and Astronomy","Double-slit photoelectron interference in strong-field ionization of the neon dimer","out/html/21befc71fa44bed772fcee7eaccffa1684d6e421/index.html","out/html_ocr/21befc71fa44bed772fcee7eaccffa1684d6e421/index.html","out/md/21befc71fa44bed772fcee7eaccffa1684d6e421.md","out/reviews/21befc71fa44bed772fcee7eaccffa1684d6e421.review.json","7","textflow_ok","True","37618","43236","0","0"
"220ad63a91a63e3c67615b118a1f6112049a89c7","https://openalex.org/W2143338675","https://doi.org/10.1126/science.aaa0472","2015","Engineering","High-efficiency solution-processed perovskite solar cells with millimeter-scale grains","out/html/220ad63a91a63e3c67615b118a1f6112049a89c7/index.html","","out/md/220ad63a91a63e3c67615b118a1f6112049a89c7.md","out/reviews/220ad63a91a63e3c67615b118a1f6112049a89c7.review.json","6","textflow_ok","True","19060","21225","0","0"
"2210bcd045153b45daaa50ea12f97ad17cd2a76f","https://openalex.org/W4210719150","https://doi.org/10.1021/acs.accounts.1c00707","2022","Chemistry","Reticular Chemistry for Highly Porous Metal–Organic Frameworks: The Chemistry and Applications","out/html/2210bcd045153b45daaa50ea12f97ad17cd2a76f/index.html","","out/md/2210bcd045153b45daaa50ea12f97ad17cd2a76f.md","out/reviews/2210bcd045153b45daaa50ea12f97ad17cd2a76f.review.json","17","textflow_ok","True","58179","61859","0","0"
"22166458502bc8f608facde9c5011aa46035da63","https://openalex.org/W3028253890","https://doi.org/10.1002/adma.202001113","2020","Engineering","Tuning the Kinetics of Zinc‐Ion Insertion/Extraction in V 2 O 5 by In Situ Polyaniline Intercalation Enables Improved Aqueous Zinc‐Ion Storage Performance","out/html/22166458502bc8f608facde9c5011aa46035da63/index.html","","out/md/22166458502bc8f608facde9c5011aa46035da63.md","out/reviews/22166458502bc8f608facde9c5011aa46035da63.review.json","19","textflow_ok","True","38525","42337","0","0"
"231f9e2f6e4eeb0bd15b26e96bd5d453e3387126","https://openalex.org/W2946304404","https://doi.org/10.1038/s41586-019-1128-0","2019","Environmental Science","Climatic controls of decomposition drive the global biogeography of forest-tree symbioses","out/html/231f9e2f6e4eeb0bd15b26e96bd5d453e3387126/index.html","","out/md/231f9e2f6e4eeb0bd15b26e96bd5d453e3387126.md","out/reviews/231f9e2f6e4eeb0bd15b26e96bd5d453e3387126.review.json","28","textflow_ok","True","59306","64809","0","0"
"2344e7a2bdc51deb82e1839b9797d8fc66a1ad1a","https://openalex.org/W2560646559","https://doi.org/10.1021/acsami.6b09443","2016","Engineering","Encapsulation of Perovskite Nanocrystals into Macroscale Polymer Matrices: Enhanced Stability and Polarization","out/html/2344e7a2bdc51deb82e1839b9797d8fc66a1ad1a/index.html","","out/md/2344e7a2bdc51deb82e1839b9797d8fc66a1ad1a.md","out/reviews/2344e7a2bdc51deb82e1839b9797d8fc66a1ad1a.review.json","35","textflow_ok","True","78748","86408","0","0"
"239a9e7b2a91915500fce2ebf28dac34a7fe00a5","https://openalex.org/W2899630769","https://doi.org/10.1002/aenm.201802605","2018","Engineering","Recent Advances in Flexible Zinc‐Based Rechargeable Batteries","out/html/239a9e7b2a91915500fce2ebf28dac34a7fe00a5/index.html","","out/md/239a9e7b2a91915500fce2ebf28dac34a7fe00a5.md","out/reviews/239a9e7b2a91915500fce2ebf28dac34a7fe00a5.review.json","26","textflow_ok","True","43807","49659","0","0"
"23c740ae30258790b800297df80fed3fba5d8d70","https://openalex.org/W2461202500","https://doi.org/10.1021/acscatal.6b01211","2016","Energy","Mechanism of Hydrogen Evolution Reaction on 1T-MoS 2 from First Principles","out/html/23c740ae30258790b800297df80fed3fba5d8d70/index.html","out/html_ocr/23c740ae30258790b800297df80fed3fba5d8d70/index.html","out/md/23c740ae30258790b800297df80fed3fba5d8d70.md","out/reviews/23c740ae30258790b800297df80fed3fba5d8d70.review.json","27","textflow_ok","True","50264","55780","0","0"
"2444059895d62299f66a2f8903c62b0280ecafb3","https://openalex.org/W775021449","https://doi.org/10.1016/j.epsr.2015.06.012","2015","Engineering","Influence of extreme weather and climate change on the resilience of power systems: Impacts and possible mitigation strategies","out/html/2444059895d62299f66a2f8903c62b0280ecafb3/index.html","out/html_ocr/2444059895d62299f66a2f8903c62b0280ecafb3/index.html","out/md/2444059895d62299f66a2f8903c62b0280ecafb3.md","out/reviews/2444059895d62299f66a2f8903c62b0280ecafb3.review.json","30","textflow_ok","True","72351","77747","0","0"
"24ce63aac874a1862e92807d6955cf99e6f5f0c9","https://openalex.org/W2807257492","https://doi.org/10.1038/s41565-018-0157-4","2018","Materials Science","Borophene as a prototype for synthetic 2D materials development","out/html/24ce63aac874a1862e92807d6955cf99e6f5f0c9/index.html","","out/md/24ce63aac874a1862e92807d6955cf99e6f5f0c9.md","out/reviews/24ce63aac874a1862e92807d6955cf99e6f5f0c9.review.json","26","textflow_ok","True","45778","50536","0","0"
"24dc42ef03eae7f3a2f11bdde6df10be7f4f74d3","https://openalex.org/W2485490013","https://doi.org/10.1111/ele.12648","2016","Environmental Science","Navigating the complexity of ecological stability","out/html/24dc42ef03eae7f3a2f11bdde6df10be7f4f74d3/index.html","","out/md/24dc42ef03eae7f3a2f11bdde6df10be7f4f74d3.md","out/reviews/24dc42ef03eae7f3a2f11bdde6df10be7f4f74d3.review.json","45","textflow_ok","True","77233","89570","0","0"
"25a38684b66418d0f14a6fb8c16cc04281c74d5e","https://openalex.org/W3186147994","https://doi.org/10.1016/j.autcon.2021.103838","2021","Engineering","Digital twin and its implementations in the civil engineering sector","out/html/25a38684b66418d0f14a6fb8c16cc04281c74d5e/index.html","","out/md/25a38684b66418d0f14a6fb8c16cc04281c74d5e.md","out/reviews/25a38684b66418d0f14a6fb8c16cc04281c74d5e.review.json","38","textflow_ok","True","113508","121819","0","0"
"25a82fb3e59ced90e3807df43e9d51402adeaf75","https://openalex.org/W3037117561","https://doi.org/10.1126/science.aba0980","2020","Materials Science","Micelle-directed chiral seeded growth on anisotropic gold nanocrystals","out/html/25a82fb3e59ced90e3807df43e9d51402adeaf75/index.html","","out/md/25a82fb3e59ced90e3807df43e9d51402adeaf75.md","out/reviews/25a82fb3e59ced90e3807df43e9d51402adeaf75.review.json","16","textflow_ok","True","37957","41450","0","0"
"25efa54e8c4dfea2be57fefebd360bc9bf3b2993","https://openalex.org/W2555173499","https://doi.org/10.1016/j.jclepro.2016.11.055","2016","Environmental Science","Socioeconomic impact assessment of China's CO2 emissions peak prior to 2030","out/html/25efa54e8c4dfea2be57fefebd360bc9bf3b2993/index.html","","out/md/25efa54e8c4dfea2be57fefebd360bc9bf3b2993.md","out/reviews/25efa54e8c4dfea2be57fefebd360bc9bf3b2993.review.json","32","textflow_ok","True","46229","56070","0","0"
"2620dd461873f7981082308aafa7d9d9598a954a","https://openalex.org/W2737491236","https://doi.org/10.1126/scirobotics.aan3028","2017","Physics and Astronomy","A soft robot that navigates its environment through growth","out/html/2620dd461873f7981082308aafa7d9d9598a954a/index.html","out/html_ocr/2620dd461873f7981082308aafa7d9d9598a954a/index.html","out/md/2620dd461873f7981082308aafa7d9d9598a954a.md","out/reviews/2620dd461873f7981082308aafa7d9d9598a954a.review.json","9","textflow_ok","True","36213","40126","0","0"
"26290e9aacc7df37ca547dbf4f03828f51db6a35","https://openalex.org/W2847347814","https://doi.org/10.1038/s41560-018-0190-4","2018","Engineering","Opportunities and challenges for tandem solar cells using metal halide perovskite semiconductors","out/html/26290e9aacc7df37ca547dbf4f03828f51db6a35/index.html","out/html_ocr/26290e9aacc7df37ca547dbf4f03828f51db6a35/index.html","out/md/26290e9aacc7df37ca547dbf4f03828f51db6a35.md","out/reviews/26290e9aacc7df37ca547dbf4f03828f51db6a35.review.json","34","textflow_ok","True","76187","84512","0","0"
"26334a2d2f714e027217208355fd43d05fe144d3","https://openalex.org/W2894287306","https://doi.org/10.1002/wcc.551","2018","Environmental Science","Climate change vulnerability assessment of species","out/html/26334a2d2f714e027217208355fd43d05fe144d3/index.html","","out/md/26334a2d2f714e027217208355fd43d05fe144d3.md","out/reviews/26334a2d2f714e027217208355fd43d05fe144d3.review.json","81","textflow_ok","True","237935","268939","0","0"
"264b6c86b7f587ab933888753297d4a4b786055c","https://openalex.org/W3020702954","https://doi.org/10.1021/acs.macromol.9b02742","2020","Engineering","Perspectives for Polymer Electrolytes: A View from Fundamentals of Ionic Conductivity","out/html/264b6c86b7f587ab933888753297d4a4b786055c/index.html","","out/md/264b6c86b7f587ab933888753297d4a4b786055c.md","out/reviews/264b6c86b7f587ab933888753297d4a4b786055c.review.json","47","textflow_ok","True","113053","122563","0","0"
"26709378a5711e6f46c2834c15827469cec89239","https://openalex.org/W2800771128","https://doi.org/10.1016/j.ymben.2018.04.008","2018","Biochemistry, Genetics and Molecular Biology","Escherichia coli as a host for metabolic engineering","out/html/26709378a5711e6f46c2834c15827469cec89239/index.html","","","","32","textflow_ok","True","231280","242539","0","0"
"2682224a3118982eb5838263bcd1dcaeb4a69908","https://openalex.org/W578233940","https://doi.org/10.1016/j.scitotenv.2015.05.130","2015","Environmental Science","Adsorptive removal of antibiotics from water and wastewater: Progress and challenges","out/html/2682224a3118982eb5838263bcd1dcaeb4a69908/index.html","out/html_ocr/2682224a3118982eb5838263bcd1dcaeb4a69908/index.html","out/md/2682224a3118982eb5838263bcd1dcaeb4a69908.md","out/reviews/2682224a3118982eb5838263bcd1dcaeb4a69908.review.json","54","textflow_ok","True","84848","92454","0","0"
"26a0e3d21f9a77f04c487e3ded940749944d65ad","https://openalex.org/W2783158806","https://doi.org/10.1007/s10708-018-9845-8","2018","Engineering","Being a ‘citizen’ in the smart city: up and down the scaffold of smart citizen participation in Dublin, Ireland","out/html/26a0e3d21f9a77f04c487e3ded940749944d65ad/index.html","out/html_ocr/26a0e3d21f9a77f04c487e3ded940749944d65ad/index.html","out/md/26a0e3d21f9a77f04c487e3ded940749944d65ad.md","out/reviews/26a0e3d21f9a77f04c487e3ded940749944d65ad.review.json","13","textflow_ok","True","56696","61306","0","0"
"271585b80dc1afd47b3f742c657667dbc7a1c6cb","https://openalex.org/W1532895727","https://doi.org/10.1021/acs.nanolett.5b01854","2015","Engineering","Rashba Spin–Orbit Coupling Enhanced Carrier Lifetime in CH 3 NH 3 PbI 3","out/html/271585b80dc1afd47b3f742c657667dbc7a1c6cb/index.html","","out/md/271585b80dc1afd47b3f742c657667dbc7a1c6cb.md","out/reviews/271585b80dc1afd47b3f742c657667dbc7a1c6cb.review.json","8","textflow_ok","True","38110","41913","0","0"
"2755876cae3dccb4e977c41882392a11a567847b","https://openalex.org/W2293062392","https://doi.org/10.1038/nature16946","2016","Environmental Science","The terrestrial biosphere as a net source of greenhouse gases to the atmosphere","out/html/2755876cae3dccb4e977c41882392a11a567847b/index.html","","out/md/2755876cae3dccb4e977c41882392a11a567847b.md","out/reviews/2755876cae3dccb4e977c41882392a11a567847b.review.json","11","textflow_ok","True","63225","68185","0","0"
"27c2640c93d73a2a19dbd13aaace660b3076106b","https://openalex.org/W4206592989","https://doi.org/10.1016/j.envres.2022.112734","2022","Environmental Science","Effects of microplastics on the terrestrial environment: A critical review","out/html/27c2640c93d73a2a19dbd13aaace660b3076106b/index.html","","out/md/27c2640c93d73a2a19dbd13aaace660b3076106b.md","out/reviews/27c2640c93d73a2a19dbd13aaace660b3076106b.review.json","71","textflow_ok","True","114165","127940","0","0"
"27d1f85dd5550a562d9127e15166c219f99866de","https://openalex.org/W2945331209","https://doi.org/10.1002/adma.201806620","2019","Engineering","Review of Recent Development of In Situ/Operando Characterization Techniques for Lithium Battery Research","out/html/27d1f85dd5550a562d9127e15166c219f99866de/index.html","","out/md/27d1f85dd5550a562d9127e15166c219f99866de.md","out/reviews/27d1f85dd5550a562d9127e15166c219f99866de.review.json","126","textflow_ok","True","260483","291280","0","0"
"2898559c3bb12a60fcfc77596cf36de405aead83","https://openalex.org/W2286921974","https://doi.org/10.1021/acs.nanolett.5b05077","2016","Engineering","Spectral and Dynamical Properties of Single Excitons, Biexcitons, and Trions in Cesium–Lead-Halide Perovskite Quantum Dots","out/html/2898559c3bb12a60fcfc77596cf36de405aead83/index.html","","out/md/2898559c3bb12a60fcfc77596cf36de405aead83.md","out/reviews/2898559c3bb12a60fcfc77596cf36de405aead83.review.json","51","textflow_ok","True","92055","104943","0","0"
"28d81fe835fe0b2cdc281bf89c8a838bed713081","https://openalex.org/W2762321225","https://doi.org/10.1109/tpel.2017.2761438","2017","Engineering","MAS-Based Distributed Coordinated Control and Optimization in Microgrid and Microgrid Clusters: A Comprehensive Overview","out/html/28d81fe835fe0b2cdc281bf89c8a838bed713081/index.html","","out/md/28d81fe835fe0b2cdc281bf89c8a838bed713081.md","out/reviews/28d81fe835fe0b2cdc281bf89c8a838bed713081.review.json","19","textflow_ok","True","126621","136374","0","0"
"28f946287b0f75caedc7691c49a52a4697ced1ba","https://openalex.org/W2598701004","https://doi.org/10.1126/science.aai9214","2017","Environmental Science","Biodiversity redistribution under climate change: Impacts on ecosystems and human well-being","out/html/28f946287b0f75caedc7691c49a52a4697ced1ba/index.html","out/html_ocr/28f946287b0f75caedc7691c49a52a4697ced1ba/index.html","out/md/28f946287b0f75caedc7691c49a52a4697ced1ba.md","out/reviews/28f946287b0f75caedc7691c49a52a4697ced1ba.review.json","42","textflow_ok","True","73831","80212","0","0"
"293b4ca70b1ef98a2e80ad5ef46db853712054d6","https://openalex.org/W2962783981","https://doi.org/10.1021/acscatal.9b01943","2019","Chemical Engineering","CO 2 Hydrogenation to Methanol over ZrO 2 -Containing Catalysts: Insights into ZrO 2 Induced Synergy","out/html/293b4ca70b1ef98a2e80ad5ef46db853712054d6/index.html","","out/md/293b4ca70b1ef98a2e80ad5ef46db853712054d6.md","out/reviews/293b4ca70b1ef98a2e80ad5ef46db853712054d6.review.json","69","textflow_ok","True","101846","116870","0","0"
"29853ae72e25b9ea7e8bec9d9a1892e5a1acfb79","https://openalex.org/W4398244712","https://doi.org/10.1016/s0140-6736(24)00876-6","2024","Immunology and Microbiology","The scope of the antimicrobial resistance challenge","out/html/29853ae72e25b9ea7e8bec9d9a1892e5a1acfb79/index.html","","out/md/29853ae72e25b9ea7e8bec9d9a1892e5a1acfb79.md","out/reviews/29853ae72e25b9ea7e8bec9d9a1892e5a1acfb79.review.json","7","textflow_ok","True","18831","21079","0","0"
"2990bd5ab41b767d1473bf9724f87fe2d9edc518","https://openalex.org/W2515146993","https://doi.org/10.1038/nenergy.2016.119","2016","Engineering","A high-capacity and long-life aqueous rechargeable zinc battery using a metal oxide intercalation cathode","out/html/2990bd5ab41b767d1473bf9724f87fe2d9edc518/index.html","","out/md/2990bd5ab41b767d1473bf9724f87fe2d9edc518.md","out/reviews/2990bd5ab41b767d1473bf9724f87fe2d9edc518.review.json","28","textflow_ok","True","43098","48398","0","0"
"29cb0cddef897ef6de00408e7c5b161347069a8d","https://openalex.org/W2729982732","https://doi.org/10.1038/nature22986","2017","Computer Science","On-chip generation of high-dimensional entangled quantum states and their coherent control","out/html/29cb0cddef897ef6de00408e7c5b161347069a8d/index.html","out/html_ocr/29cb0cddef897ef6de00408e7c5b161347069a8d/index.html","out/md/29cb0cddef897ef6de00408e7c5b161347069a8d.md","out/reviews/29cb0cddef897ef6de00408e7c5b161347069a8d.review.json","30","textflow_ok","True","44641","54665","0","0"
"29fbb253d59b6be14752d0f0dd42191f0d54d458","https://openalex.org/W2592475782","https://doi.org/10.1021/jacs.7b00164","2017","Engineering","Exploring Oxygen Activity in the High Energy P2-Type Na0.78Ni0.23Mn0.69O2 Cathode Material for Na-Ion Batteries","out/html/29fbb253d59b6be14752d0f0dd42191f0d54d458/index.html","","out/md/29fbb253d59b6be14752d0f0dd42191f0d54d458.md","out/reviews/29fbb253d59b6be14752d0f0dd42191f0d54d458.review.json","34","textflow_ok","True","70911","77127","0","0"
"2b2c13c59980160e8d87872c565d10a649f798e8","https://openalex.org/W2900771557","https://doi.org/10.1038/s41586-018-0703-0","2018","Biochemistry, Genetics and Molecular Biology","Sensitive tumour detection and classification using plasma cell-free DNA methylomes","out/html/2b2c13c59980160e8d87872c565d10a649f798e8/index.html","out/html_ocr/2b2c13c59980160e8d87872c565d10a649f798e8/index.html","out/md/2b2c13c59980160e8d87872c565d10a649f798e8.md","out/reviews/2b2c13c59980160e8d87872c565d10a649f798e8.review.json","42","textflow_ok","True","97662","138456","0","0"
"2b3ac4c25f80da056e8d556439cc470ab48a4527","https://openalex.org/W2987957259","https://doi.org/10.1126/science.aaw7493","2019","Energy","Engineering bunched Pt-Ni alloy nanocages for efficient oxygen reduction in practical fuel cells","out/html/2b3ac4c25f80da056e8d556439cc470ab48a4527/index.html","out/html_ocr/2b3ac4c25f80da056e8d556439cc470ab48a4527/index.html","out/md/2b3ac4c25f80da056e8d556439cc470ab48a4527.md","out/reviews/2b3ac4c25f80da056e8d556439cc470ab48a4527.review.json","23","textflow_ok","True","45453","49377","0","0"
"2b47c452cef256795c453cf960a619255db3e536","https://openalex.org/W4221034234","https://doi.org/10.1038/s41929-022-00744-z","2022","Materials Science","Interpretable machine learning for knowledge generation in heterogeneous catalysis","out/html/2b47c452cef256795c453cf960a619255db3e536/index.html","","out/md/2b47c452cef256795c453cf960a619255db3e536.md","out/reviews/2b47c452cef256795c453cf960a619255db3e536.review.json","19","textflow_ok","True","59717","63749","0","0"
"2b7cdbf0242102be2b81a0191269e7714f1e1706","https://openalex.org/W4295077776","https://doi.org/10.1126/science.abm9267","2022","Environmental Science","Disentangling the numbers behind agriculture-driven tropical deforestation","out/html/2b7cdbf0242102be2b81a0191269e7714f1e1706/index.html","","out/md/2b7cdbf0242102be2b81a0191269e7714f1e1706.md","out/reviews/2b7cdbf0242102be2b81a0191269e7714f1e1706.review.json","81","textflow_ok","True","208804","226538","0","0"
"2b92af320e12af8f577330ed989b513c012d9056","https://openalex.org/W2999463829","https://doi.org/10.1016/j.jhazmat.2020.122102","2020","Materials Science","A critical review on VOCs adsorption by different porous materials: Species, mechanisms and modification methods","out/html/2b92af320e12af8f577330ed989b513c012d9056/index.html","out/html_ocr/2b92af320e12af8f577330ed989b513c012d9056/index.html","out/md/2b92af320e12af8f577330ed989b513c012d9056.md","out/reviews/2b92af320e12af8f577330ed989b513c012d9056.review.json","60","textflow_ok","True","152576","169144","0","0"
"2bdf6ecc3d6c622ed2a57ad3e1b7edf670df4b09","https://openalex.org/W2564214658","https://doi.org/10.1126/science.aah6133","2016","Energy","Biaxially strained PtPb/Pt core/shell nanoplate boosts oxygen reduction catalysis","out/html/2bdf6ecc3d6c622ed2a57ad3e1b7edf670df4b09/index.html","","out/md/2bdf6ecc3d6c622ed2a57ad3e1b7edf670df4b09.md","out/reviews/2bdf6ecc3d6c622ed2a57ad3e1b7edf670df4b09.review.json","14","textflow_ok","True","32919","36579","0","0"
"2c7a782d2f98b06541c7a32ae5c74941877dec7c","https://openalex.org/W2193109498","https://doi.org/10.1016/j.actamat.2015.11.040","2015","Engineering","Predicting the formation and stability of single phase high-entropy alloys","out/html/2c7a782d2f98b06541c7a32ae5c74941877dec7c/index.html","","out/md/2c7a782d2f98b06541c7a32ae5c74941877dec7c.md","out/reviews/2c7a782d2f98b06541c7a32ae5c74941877dec7c.review.json","29","textflow_ok","True","43107","48467","0","0"
"2caba54cef679d84877c06e2c8218971a82e25fc","https://openalex.org/W2613628123","https://doi.org/10.1016/j.worlddev.2017.01.018","2017","Engineering","Reconfiguring Frontier Spaces: The territorialization of resource control","out/html/2caba54cef679d84877c06e2c8218971a82e25fc/index.html","","out/md/2caba54cef679d84877c06e2c8218971a82e25fc.md","out/reviews/2caba54cef679d84877c06e2c8218971a82e25fc.review.json","29","textflow_ok","True","97511","102532","0","0"
"2cd89483ee44b3b66c74dc502e300ed72a7d1dc7","https://openalex.org/W2511433364","https://doi.org/10.1021/jacs.6b05791","2016","Chemical Engineering","Optimizing Binding Energies of Key Intermediates for CO 2 Hydrogenation to Methanol over Oxide-Supported Copper","out/html/2cd89483ee44b3b66c74dc502e300ed72a7d1dc7/index.html","","out/md/2cd89483ee44b3b66c74dc502e300ed72a7d1dc7.md","out/reviews/2cd89483ee44b3b66c74dc502e300ed72a7d1dc7.review.json","42","textflow_ok","True","55665","64138","0","0"
"2cf753f6a23bfb58097efe0f99bb21b0b1630193","https://openalex.org/W2212629349","https://doi.org/10.1021/acsinfecdis.5b00097","2015","Biochemistry, Genetics and Molecular Biology","Permeability Barrier of Gram-Negative Cell Envelopes and Approaches To Bypass It","out/html/2cf753f6a23bfb58097efe0f99bb21b0b1630193/index.html","","out/md/2cf753f6a23bfb58097efe0f99bb21b0b1630193.md","out/reviews/2cf753f6a23bfb58097efe0f99bb21b0b1630193.review.json","23","textflow_ok","True","61583","66418","0","0"
"2d1f20ed6f9ccac5daf37202aa32e947423172c7","https://openalex.org/W2588411561","https://doi.org/10.1038/nature21400","2017","Biochemistry, Genetics and Molecular Biology","Light-induced structural changes and the site of O=O bond formation in PSII caught by XFEL","out/html/2d1f20ed6f9ccac5daf37202aa32e947423172c7/index.html","","out/md/2d1f20ed6f9ccac5daf37202aa32e947423172c7.md","out/reviews/2d1f20ed6f9ccac5daf37202aa32e947423172c7.review.json","44","textflow_ok","True","55070","61867","0","0"
"2d2a45cf4eadb75d0a31307d27ab837735a29698","https://openalex.org/W2596630349","https://doi.org/10.1038/nature21707","2017","Environmental Science","Global warming and recurrent mass bleaching of corals","out/html/2d2a45cf4eadb75d0a31307d27ab837735a29698/index.html","out/html_ocr/2d2a45cf4eadb75d0a31307d27ab837735a29698/index.html","out/md/2d2a45cf4eadb75d0a31307d27ab837735a29698.md","out/reviews/2d2a45cf4eadb75d0a31307d27ab837735a29698.review.json","24","textflow_ok","True","40632","45986","0","0"
"2e4cd7d5b36c21c9493f399e159f6664495d1b40","https://openalex.org/W2168237278","https://doi.org/10.1002/we.1887","2015","Engineering","Failure rate, repair time and unscheduled O&M cost analysis of offshore wind turbines","out/html/2e4cd7d5b36c21c9493f399e159f6664495d1b40/index.html","","out/md/2e4cd7d5b36c21c9493f399e159f6664495d1b40.md","out/reviews/2e4cd7d5b36c21c9493f399e159f6664495d1b40.review.json","24","textflow_ok","True","41310","51162","0","0"
"2e7b91ce1a95406292a00c0ce21b123680ef2622","https://openalex.org/W2782106236","https://doi.org/10.1002/anie.201710616","2018","Materials Science","MoS 2 ‐on‐MXene Heterostructures as Highly Reversible Anode Materials for Lithium‐Ion Batteries","out/html/2e7b91ce1a95406292a00c0ce21b123680ef2622/index.html","","out/md/2e7b91ce1a95406292a00c0ce21b123680ef2622.md","out/reviews/2e7b91ce1a95406292a00c0ce21b123680ef2622.review.json","7","textflow_ok","True","32485","35947","0","0"
"2eab7825f8b13399e6c4e9ba823806c5a90f22e2","https://openalex.org/W3044029393","https://doi.org/10.1126/science.aba9475","2020","Environmental Science","Evaluating scenarios toward zero plastic pollution","out/html/2eab7825f8b13399e6c4e9ba823806c5a90f22e2/index.html","out/html_ocr/2eab7825f8b13399e6c4e9ba823806c5a90f22e2/index.html","out/md/2eab7825f8b13399e6c4e9ba823806c5a90f22e2.md","out/reviews/2eab7825f8b13399e6c4e9ba823806c5a90f22e2.review.json","51","textflow_ok","True","80135","93533","0","0"
"2f472f81ef198b8ac9db93eda5f291ce0f9f6bec","https://openalex.org/W2762248135","https://doi.org/10.1109/tro.2017.2723903","2017","Engineering","Robot Collisions: A Survey on Detection, Isolation, and Identification","out/html/2f472f81ef198b8ac9db93eda5f291ce0f9f6bec/index.html","out/html_ocr/2f472f81ef198b8ac9db93eda5f291ce0f9f6bec/index.html","out/md/2f472f81ef198b8ac9db93eda5f291ce0f9f6bec.md","out/reviews/2f472f81ef198b8ac9db93eda5f291ce0f9f6bec.review.json","21","textflow_ok","True","103051","113388","0","0"
"2fccdea5baf3829cd309f761adb3f0a4a3c3a6aa","https://openalex.org/W2560455873","https://doi.org/10.1002/adma.201604545","2016","Engineering","π‐Conjugated Lewis Base: Efficient Trap‐Passivation and Charge‐Extraction for Hybrid Perovskite Solar Cells","out/html/2fccdea5baf3829cd309f761adb3f0a4a3c3a6aa/index.html","","out/md/2fccdea5baf3829cd309f761adb3f0a4a3c3a6aa.md","out/reviews/2fccdea5baf3829cd309f761adb3f0a4a3c3a6aa.review.json","41","textflow_ok","True","39614","47008","0","0"
"2fdadbdb1646dd30961283fba077f9351ee33a13","https://openalex.org/W2924254540","https://doi.org/10.1038/s41557-019-0232-y","2019","Materials Science","Molecular spins for quantum computation","out/html/2fdadbdb1646dd30961283fba077f9351ee33a13/index.html","","out/md/2fdadbdb1646dd30961283fba077f9351ee33a13.md","out/reviews/2fdadbdb1646dd30961283fba077f9351ee33a13.review.json","22","textflow_ok","True","56585","60760","0","0"
"3002bb1a173b94133f66f53f6505f150315f0342","https://openalex.org/W2954959763","https://doi.org/10.1038/s41929-019-0306-7","2019","Energy","Designing materials for electrochemical carbon dioxide recycling","out/html/3002bb1a173b94133f66f53f6505f150315f0342/index.html","out/html_ocr/3002bb1a173b94133f66f53f6505f150315f0342/index.html","out/md/3002bb1a173b94133f66f53f6505f150315f0342.md","out/reviews/3002bb1a173b94133f66f53f6505f150315f0342.review.json","47","textflow_ok","True","71887","80942","0","0"
"301832e8035b3a29994fe339bc0d18b699b4f81e","https://openalex.org/W2999306867","https://doi.org/10.1016/j.biortech.2020.122755","2020","Agricultural and Biological Sciences","The significance of biomass in a circular economy","out/html/301832e8035b3a29994fe339bc0d18b699b4f81e/index.html","","out/md/301832e8035b3a29994fe339bc0d18b699b4f81e.md","out/reviews/301832e8035b3a29994fe339bc0d18b699b4f81e.review.json","48","textflow_ok","True","58914","65220","0","0"
"303a9560a80513d019c1fc06564f85d6ef178a5f","https://openalex.org/W2907588123","https://doi.org/10.1038/s41560-018-0312-z","2019","Engineering","High electronic conductivity as the origin of lithium dendrite formation within solid electrolytes","out/html/303a9560a80513d019c1fc06564f85d6ef178a5f/index.html","","out/md/303a9560a80513d019c1fc06564f85d6ef178a5f.md","out/reviews/303a9560a80513d019c1fc06564f85d6ef178a5f.review.json","27","textflow_ok","True","64751","70410","0","0"
"306d37c3ccc76a0a22213ad516d3bdca82fc4a6e","https://openalex.org/W2607802069","https://doi.org/10.1021/acs.chemmater.7b01184","2017","Engineering","Strong Electron–Phonon Coupling and Self-Trapped Excitons in the Defect Halide Perovskites A 3 M 2 I 9 (A = Cs, Rb; M = Bi, Sb)","out/html/306d37c3ccc76a0a22213ad516d3bdca82fc4a6e/index.html","","out/md/306d37c3ccc76a0a22213ad516d3bdca82fc4a6e.md","out/reviews/306d37c3ccc76a0a22213ad516d3bdca82fc4a6e.review.json","40","textflow_ok","True","96937","105033","0","0"
"307508e32a1e8fa6ccc6121cc2fe3fe7ac1a6e87","https://openalex.org/W4296654860","https://doi.org/10.1108/ijchm-05-2022-0631","2022","Computer Science","Metaverse as a driver for customer experience and value co-creation: implications for hospitality and tourism management and marketing","out/html/307508e32a1e8fa6ccc6121cc2fe3fe7ac1a6e87/index.html","","out/md/307508e32a1e8fa6ccc6121cc2fe3fe7ac1a6e87.md","out/reviews/307508e32a1e8fa6ccc6121cc2fe3fe7ac1a6e87.review.json","28","textflow_ok","True","51630","56479","0","0"
"309c6031c76bc365239d760e22e92bc4d7d888ba","https://openalex.org/W2933507162","https://doi.org/10.1086/703055","2019","Earth and Planetary Sciences","Revisiting a Key Innovation in Evolutionary Biology: Felsenstein’s “Phylogenies and the Comparative Method”","out/html/309c6031c76bc365239d760e22e92bc4d7d888ba/index.html","","out/md/309c6031c76bc365239d760e22e92bc4d7d888ba.md","out/reviews/309c6031c76bc365239d760e22e92bc4d7d888ba.review.json","19","textflow_ok","True","94217","99311","0","0"
"30bc3578b3f2480334606228a3c5e882e0dcbd5a","https://openalex.org/W3086056576","https://doi.org/10.1016/j.earscirev.2020.103359","2020","Environmental Science","Machine learning for digital soil mapping: Applications, challenges and suggested solutions","out/html/30bc3578b3f2480334606228a3c5e882e0dcbd5a/index.html","","out/md/30bc3578b3f2480334606228a3c5e882e0dcbd5a.md","out/reviews/30bc3578b3f2480334606228a3c5e882e0dcbd5a.review.json","55","textflow_ok","True","137288","152775","0","0"
"310276afa55dabc8b381f990c1f618c656742940","https://openalex.org/W2767746137","https://doi.org/10.1021/jacs.7b10733","2017","Energy","Formation of Hierarchical In 2 S 3 –CdIn 2 S 4 Heterostructured Nanotubes for Efficient and Stable Visible Light CO 2 Reduction","out/html/310276afa55dabc8b381f990c1f618c656742940/index.html","","out/md/310276afa55dabc8b381f990c1f618c656742940.md","out/reviews/310276afa55dabc8b381f990c1f618c656742940.review.json","6","textflow_ok","True","25033","27267","0","0"
"310cd702c58edfc1566f5b56475ff210590859ca","https://openalex.org/W3004928888","https://doi.org/10.1038/s41561-019-0530-4","2020","Agricultural and Biological Sciences","Global patterns of terrestrial nitrogen and phosphorus limitation","out/html/310cd702c58edfc1566f5b56475ff210590859ca/index.html","","out/md/310cd702c58edfc1566f5b56475ff210590859ca.md","out/reviews/310cd702c58edfc1566f5b56475ff210590859ca.review.json","28","textflow_ok","True","39185","45958","0","0"
"313c2fdb2a7fcaa0b018e1bc0e94102a75737755","https://openalex.org/W4317390902","https://doi.org/10.1038/s41586-022-05500-8","2023","Earth and Planetary Sciences","River ecosystem metabolism and carbon biogeochemistry in a changing world","out/html/313c2fdb2a7fcaa0b018e1bc0e94102a75737755/index.html","","out/md/313c2fdb2a7fcaa0b018e1bc0e94102a75737755.md","out/reviews/313c2fdb2a7fcaa0b018e1bc0e94102a75737755.review.json","11","textflow_ok","True","83539","88885","0","0"
"31fbd4e8d62087307d3a87f54699c196505758d1","https://openalex.org/W2994888728","https://doi.org/10.1002/pip.3228","2019","Engineering","Solar cell efficiency tables (Version 55)","out/html/31fbd4e8d62087307d3a87f54699c196505758d1/index.html","out/html_ocr/31fbd4e8d62087307d3a87f54699c196505758d1/index.html","out/md/31fbd4e8d62087307d3a87f54699c196505758d1.md","out/reviews/31fbd4e8d62087307d3a87f54699c196505758d1.review.json","32","textflow_ok","True","61808","72230","0","0"
"31ff6ca9fcef41b4d93124eb77f51d64e3b92819","https://openalex.org/W2257749782","https://doi.org/10.1021/acs.jmedchem.5b01835","2016","Biochemistry, Genetics and Molecular Biology","Quadruplex Nucleic Acids as Novel Therapeutic Targets","out/html/31ff6ca9fcef41b4d93124eb77f51d64e3b92819/index.html","","out/md/31ff6ca9fcef41b4d93124eb77f51d64e3b92819.md","out/reviews/31ff6ca9fcef41b4d93124eb77f51d64e3b92819.review.json","94","textflow_ok","True","175689","190759","0","0"
"32185cd007490ef566e6d034b2568b4df62c7410","https://openalex.org/W3128816625","https://doi.org/10.1038/s41586-021-03306-8","2021","Environmental Science","A trade-off between plant and soil carbon storage under elevated CO2","out/html/32185cd007490ef566e6d034b2568b4df62c7410/index.html","","out/md/32185cd007490ef566e6d034b2568b4df62c7410.md","out/reviews/32185cd007490ef566e6d034b2568b4df62c7410.review.json","46","textflow_ok","True","78846","91552","0","0"
"32ea3e4cf728dcaa620e39b52423def9013ffcc5","https://openalex.org/W2768145140","https://doi.org/10.1002/aelm.201700339","2017","Materials Science","Asymmetric Flexible MXene‐Reduced Graphene Oxide Micro‐Supercapacitor","out/html/32ea3e4cf728dcaa620e39b52423def9013ffcc5/index.html","","out/md/32ea3e4cf728dcaa620e39b52423def9013ffcc5.md","out/reviews/32ea3e4cf728dcaa620e39b52423def9013ffcc5.review.json","18","textflow_ok","True","34789","38200","0","0"
"3308e01432685fc1b04e60e584f73ff2f518a402","https://openalex.org/W2570504957","https://doi.org/10.1021/acs.energyfuels.6b02510","2017","Chemistry","Techno-economic Analysis of Metal–Organic Frameworks for Hydrogen and Natural Gas Storage","out/html/3308e01432685fc1b04e60e584f73ff2f518a402/index.html","","out/md/3308e01432685fc1b04e60e584f73ff2f518a402.md","out/reviews/3308e01432685fc1b04e60e584f73ff2f518a402.review.json","13","textflow_ok","True","43141","48226","0","0"
"34898ce893daffcef8aa2cf1c4d6fb6bfb2d6555","https://openalex.org/W3012975023","https://doi.org/10.1016/j.jhydrol.2020.124905","2020","Environmental Science","A review of remote sensing applications in agriculture for food security: Crop growth and yield, irrigation, and crop losses","out/html/34898ce893daffcef8aa2cf1c4d6fb6bfb2d6555/index.html","","out/md/34898ce893daffcef8aa2cf1c4d6fb6bfb2d6555.md","out/reviews/34898ce893daffcef8aa2cf1c4d6fb6bfb2d6555.review.json","5","textflow_ok","True","12333","23501","0","0"
"35743ed3b6d8ff8fefe62a81493ea9c3f85884cc","https://openalex.org/W3010287583","https://doi.org/10.1111/icad.12408","2020","Environmental Science","Interpreting insect declines: seven challenges and a way forward","out/html/35743ed3b6d8ff8fefe62a81493ea9c3f85884cc/index.html","","out/md/35743ed3b6d8ff8fefe62a81493ea9c3f85884cc.md","out/reviews/35743ed3b6d8ff8fefe62a81493ea9c3f85884cc.review.json","39","textflow_ok","True","74188","81710","0","0"
"36278d3ea38aa0b2bdefa9583d1b371798a851b5","https://openalex.org/W2566089477","https://doi.org/10.1175/jcli-d-16-0720.1","2016","Earth and Planetary Sciences","Assessment of MERRA-2 Land Surface Hydrology Estimates","out/html/36278d3ea38aa0b2bdefa9583d1b371798a851b5/index.html","","out/md/36278d3ea38aa0b2bdefa9583d1b371798a851b5.md","out/reviews/36278d3ea38aa0b2bdefa9583d1b371798a851b5.review.json","24","textflow_ok","True","90567","97416","0","0"
"363ca042f6b557733d0ea1ced376cea6e61002fe","https://openalex.org/W2924382816","https://doi.org/10.1038/s41560-019-0356-8","2019","Engineering","Data-driven prediction of battery cycle life before capacity degradation","out/html/363ca042f6b557733d0ea1ced376cea6e61002fe/index.html","out/html_ocr/363ca042f6b557733d0ea1ced376cea6e61002fe/index.html","out/md/363ca042f6b557733d0ea1ced376cea6e61002fe.md","out/reviews/363ca042f6b557733d0ea1ced376cea6e61002fe.review.json","39","textflow_ok","True","47980","55401","0","0"
"3643d15ae6835c208eb44a82a699fdd464fba2f7","https://openalex.org/W2735135012","https://doi.org/10.1038/nnano.2017.129","2017","Engineering","Air-stable and freestanding lithium alloy/graphene foil as an alternative to lithium metal anodes","out/html/3643d15ae6835c208eb44a82a699fdd464fba2f7/index.html","","out/md/3643d15ae6835c208eb44a82a699fdd464fba2f7.md","out/reviews/3643d15ae6835c208eb44a82a699fdd464fba2f7.review.json","18","textflow_ok","True","38390","42008","0","0"
"364fad9f043e89b1467a5c2beb4e8178d2c3c809","https://openalex.org/W2560832335","https://doi.org/10.1021/jacs.6b06846","2016","Energy","Atomistic Mechanisms Underlying Selectivities in C1 and C2 Products from Electrochemical Reduction of CO on Cu(111)","out/html/364fad9f043e89b1467a5c2beb4e8178d2c3c809/index.html","","out/md/364fad9f043e89b1467a5c2beb4e8178d2c3c809.md","out/reviews/364fad9f043e89b1467a5c2beb4e8178d2c3c809.review.json","9","textflow_ok","True","34039","37126","0","0"
"3657ee8924fdebc57a22813373251db1dca7c68b","https://openalex.org/W2753428907","https://doi.org/10.1002/anie.201708709","2017","Energy","Vacancy‐Rich Monolayer BiO 2− x as a Highly Efficient UV, Visible, and Near‐Infrared Responsive Photocatalyst","out/html/3657ee8924fdebc57a22813373251db1dca7c68b/index.html","","out/md/3657ee8924fdebc57a22813373251db1dca7c68b.md","out/reviews/3657ee8924fdebc57a22813373251db1dca7c68b.review.json","5","textflow_ok","True","24089","26575","0","0"
"36aa502accc858f7bee0c361f54776e549363ea6","https://openalex.org/W2418723742","https://doi.org/10.1021/acsnano.6b01540","2016","Engineering","High-Efficiency Light-Emitting Diodes of Organometal Halide Perovskite Amorphous Nanoparticles","out/html/36aa502accc858f7bee0c361f54776e549363ea6/index.html","","out/md/36aa502accc858f7bee0c361f54776e549363ea6.md","out/reviews/36aa502accc858f7bee0c361f54776e549363ea6.review.json","8","textflow_ok","True","40816","44145","0","0"
"370830ff67b6f7f6cf9dfa1fc2e46dc268bf84a8","https://openalex.org/W2736380543","https://doi.org/10.1016/j.pmcj.2017.06.018","2017","Computer Science","Advanced internet of things for personalised healthcare systems: A survey","out/html/370830ff67b6f7f6cf9dfa1fc2e46dc268bf84a8/index.html","","out/md/370830ff67b6f7f6cf9dfa1fc2e46dc268bf84a8.md","out/reviews/370830ff67b6f7f6cf9dfa1fc2e46dc268bf84a8.review.json","16","textflow_ok","True","99447","105530","0","0"
"3714d5d0aea4a436e847653c4e916bbe96ba93e7","https://openalex.org/W3099487920","","2018","Environmental Science","Flood Prediction Using Machine Learning Models: Literature Review","out/html/3714d5d0aea4a436e847653c4e916bbe96ba93e7/index.html","","out/md/3714d5d0aea4a436e847653c4e916bbe96ba93e7.md","out/reviews/3714d5d0aea4a436e847653c4e916bbe96ba93e7.review.json","40","textflow_ok","True","164391","176168","0","0"
"375f2d4b3fd3a819a471f46257ba769beb5328ce","https://openalex.org/W2810004461","https://doi.org/10.1016/j.rse.2018.06.034","2018","Engineering","An object-based convolutional neural network (OCNN) for urban land use classification","out/html/375f2d4b3fd3a819a471f46257ba769beb5328ce/index.html","","out/md/375f2d4b3fd3a819a471f46257ba769beb5328ce.md","out/reviews/375f2d4b3fd3a819a471f46257ba769beb5328ce.review.json","34","textflow_ok","True","82314","92337","0","0"
"37a50aeea63c6df5e99c2ad7ee9e0aefba5f0f1d","https://openalex.org/W2471266319","https://doi.org/10.1175/bams-d-16-0017.1","2016","Environmental Science","The Subseasonal to Seasonal (S2S) Prediction Project Database","out/html/37a50aeea63c6df5e99c2ad7ee9e0aefba5f0f1d/index.html","","out/md/37a50aeea63c6df5e99c2ad7ee9e0aefba5f0f1d.md","out/reviews/37a50aeea63c6df5e99c2ad7ee9e0aefba5f0f1d.review.json","40","textflow_ok","True","47170","57759","0","0"
"37d2bad7c9f333efecb01ffa6c53d641f898c184","https://openalex.org/W2622849719","https://doi.org/10.1002/adma.201701678","2017","Engineering","Phase‐Transformation Ductilization of Brittle High‐Entropy Alloys via Metastability Engineering","out/html/37d2bad7c9f333efecb01ffa6c53d641f898c184/index.html","","out/md/37d2bad7c9f333efecb01ffa6c53d641f898c184.md","out/reviews/37d2bad7c9f333efecb01ffa6c53d641f898c184.review.json","22","textflow_ok","True","30790","34662","0","0"
"37dfda9afb73fb9c0d4ec115a5484e5e60f7afa3","https://openalex.org/W2902965611","https://doi.org/10.1080/17425247.2019.1554647","2018","Materials Science","Magnetic iron oxide nanoparticles for drug delivery: applications and characteristics","out/html/37dfda9afb73fb9c0d4ec115a5484e5e60f7afa3/index.html","","out/md/37dfda9afb73fb9c0d4ec115a5484e5e60f7afa3.md","out/reviews/37dfda9afb73fb9c0d4ec115a5484e5e60f7afa3.review.json","11","textflow_ok","True","61158","64762","0","0"
"38038f16e2d7b3466c8c680e731c3bc785866f87","https://openalex.org/W4310251770","https://doi.org/10.1126/science.abq4062","2022","Environmental Science","Grazing and ecosystem service delivery in global drylands","out/html/38038f16e2d7b3466c8c680e731c3bc785866f87/index.html","","out/md/38038f16e2d7b3466c8c680e731c3bc785866f87.md","out/reviews/38038f16e2d7b3466c8c680e731c3bc785866f87.review.json","136","textflow_ok","True","253779","306981","0","0"
"3814e84bac9165805a7a154cd97980695bfffec0","https://openalex.org/W2346699423","https://doi.org/10.1016/j.ejor.2016.04.059","2016","Engineering","Orienteering Problem: A survey of recent variants, solution approaches and applications","out/html/3814e84bac9165805a7a154cd97980695bfffec0/index.html","","out/md/3814e84bac9165805a7a154cd97980695bfffec0.md","out/reviews/3814e84bac9165805a7a154cd97980695bfffec0.review.json","52","textflow_ok","True","123550","132383","0","0"
"38e7e7d87d9c87ba595afb91855e32f9f5b0dc49","https://openalex.org/W2890302349","https://doi.org/10.1016/j.rse.2018.08.026","2018","Earth and Planetary Sciences","Trophic state assessment of global inland waters using a MODIS-derived Forel-Ule index","out/html/38e7e7d87d9c87ba595afb91855e32f9f5b0dc49/index.html","","out/md/38e7e7d87d9c87ba595afb91855e32f9f5b0dc49.md","out/reviews/38e7e7d87d9c87ba595afb91855e32f9f5b0dc49.review.json","54","textflow_ok","True","88338","97695","0","0"
"396443093f5f8a7520258a6c18093e24dd443e6c","https://openalex.org/W3097559636","https://doi.org/10.1038/s41929-020-00519-4","2020","Materials Science","Catalytic upcycling of high-density polyethylene via a processive mechanism","out/html/396443093f5f8a7520258a6c18093e24dd443e6c/index.html","","out/md/396443093f5f8a7520258a6c18093e24dd443e6c.md","out/reviews/396443093f5f8a7520258a6c18093e24dd443e6c.review.json","19","textflow_ok","True","54101","58856","0","0"
"39c5007d0d8b0327712ebaff38b4135c7c0ff48a","https://openalex.org/W2615049565","https://doi.org/10.1080/17452759.2017.1326724","2017","Engineering","3D printing trends in building and construction industry: a review","out/html/39c5007d0d8b0327712ebaff38b4135c7c0ff48a/index.html","","out/md/39c5007d0d8b0327712ebaff38b4135c7c0ff48a.md","out/reviews/39c5007d0d8b0327712ebaff38b4135c7c0ff48a.review.json","39","textflow_ok","True","59750","68160","0","0"
"3a2248e416544755b7018f4988d7240fd199ccc1","https://openalex.org/W2341031032","https://doi.org/10.1002/0471142727.mb3004s114","2016","Biochemistry, Genetics and Molecular Biology","Metabolomics by Gas Chromatography–Mass Spectrometry: Combined Targeted and Untargeted Profiling","out/html/3a2248e416544755b7018f4988d7240fd199ccc1/index.html","out/html_ocr/3a2248e416544755b7018f4988d7240fd199ccc1/index.html","out/md/3a2248e416544755b7018f4988d7240fd199ccc1.md","out/reviews/3a2248e416544755b7018f4988d7240fd199ccc1.review.json","44","textflow_ok","True","109875","125022","0","0"
"3a5740606017e60e0ec43167824c0499b66f9ff7","https://openalex.org/W2343388184","https://doi.org/10.1002/adma.201600466","2016","Biochemistry, Genetics and Molecular Biology","Tough Physical Double‐Network Hydrogels Based on Amphiphilic Triblock Copolymers","out/html/3a5740606017e60e0ec43167824c0499b66f9ff7/index.html","","out/md/3a5740606017e60e0ec43167824c0499b66f9ff7.md","out/reviews/3a5740606017e60e0ec43167824c0499b66f9ff7.review.json","19","textflow_ok","True","28579","32871","0","0"
"3a7458aa19609aa896888d19e87c60eac4d6a005","https://openalex.org/W2293534651","https://doi.org/10.1016/j.enconman.2016.02.045","2016","Engineering","A review of performance enhancement of PCM based latent heat storage system within the context of materials, thermal stability and compatibility","out/html/3a7458aa19609aa896888d19e87c60eac4d6a005/index.html","out/html_ocr/3a7458aa19609aa896888d19e87c60eac4d6a005/index.html","out/md/3a7458aa19609aa896888d19e87c60eac4d6a005.md","out/reviews/3a7458aa19609aa896888d19e87c60eac4d6a005.review.json","65","textflow_ok","True","124528","146683","0","0"
"3a90d08f2ed3fca254c74fe85ec8b99d4aed5714","https://openalex.org/W2293965512","https://doi.org/10.1016/j.ijpharm.2016.03.016","2016","Engineering","Stereolithographic (SLA) 3D printing of oral modified-release dosage forms","out/html/3a90d08f2ed3fca254c74fe85ec8b99d4aed5714/index.html","","out/md/3a90d08f2ed3fca254c74fe85ec8b99d4aed5714.md","out/reviews/3a90d08f2ed3fca254c74fe85ec8b99d4aed5714.review.json","14","textflow_ok","True","26100","30226","0","0"
"3ae68c4de26fb01324e70faf6b4210b417a350d7","https://openalex.org/W3000508506","https://doi.org/10.1109/tnnls.2019.2957109","2020","Computer Science","When Gaussian Process Meets Big Data: A Review of Scalable GPs","out/html/3ae68c4de26fb01324e70faf6b4210b417a350d7/index.html","","out/md/3ae68c4de26fb01324e70faf6b4210b417a350d7.md","out/reviews/3ae68c4de26fb01324e70faf6b4210b417a350d7.review.json","20","textflow_ok","True","128983","136804","0","0"
"3b19586b8c54e25ae451478d72f1325f1017cdd8","https://openalex.org/W2597494773","https://doi.org/10.1126/science.aah3443","2017","Earth and Planetary Sciences","A roadmap for rapid decarbonization","out/html/3b19586b8c54e25ae451478d72f1325f1017cdd8/index.html","out/html_ocr/3b19586b8c54e25ae451478d72f1325f1017cdd8/index.html","out/md/3b19586b8c54e25ae451478d72f1325f1017cdd8.md","out/reviews/3b19586b8c54e25ae451478d72f1325f1017cdd8.review.json","5","textflow_ok","True","15613","17748","0","0"
"3b38591443e5bf6a21551ca323dba7d6b30583e7","https://openalex.org/W3023591493","https://doi.org/10.1038/s41560-020-0607-8","2020","Energy","Efficient electrically powered CO2-to-ethanol via suppression of deoxygenation","out/html/3b38591443e5bf6a21551ca323dba7d6b30583e7/index.html","","out/md/3b38591443e5bf6a21551ca323dba7d6b30583e7.md","out/reviews/3b38591443e5bf6a21551ca323dba7d6b30583e7.review.json","67","textflow_ok","True","30368","41189","0","0"
"3bbd7473e61705ffd46716a188da406ff6970a95","https://openalex.org/W2907323557","https://doi.org/10.1109/tgrs.2018.2858004","2018","Environmental Science","Toward Global Soil Moisture Monitoring With Sentinel-1: Harnessing Assets and Overcoming Obstacles","out/html/3bbd7473e61705ffd46716a188da406ff6970a95/index.html","","out/md/3bbd7473e61705ffd46716a188da406ff6970a95.md","out/reviews/3bbd7473e61705ffd46716a188da406ff6970a95.review.json","21","textflow_ok","True","116280","122141","0","0"
"3bfa1a7e860e235fac8567da962e3452961b852c","https://openalex.org/W2198827077","https://doi.org/10.1126/science.aac7549","2015","Earth and Planetary Sciences","State shift in Deccan volcanism at the Cretaceous-Paleogene boundary, possibly induced by impact","out/html/3bfa1a7e860e235fac8567da962e3452961b852c/index.html","","","","4","textflow_ok","True","22751","25089","0","0"
"3c435a93722a67f2485d1e55b5cb5e24e09952e9","https://openalex.org/W2962843235","https://doi.org/10.17863/cam.52","2016","Physics and Astronomy","Planck 2015 results","out/html/3c435a93722a67f2485d1e55b5cb5e24e09952e9/index.html","","out/md/3c435a93722a67f2485d1e55b5cb5e24e09952e9.md","out/reviews/3c435a93722a67f2485d1e55b5cb5e24e09952e9.review.json","65","textflow_ok","True","330345","367984","0","0"
"3c43fe14789c39b0833442a78d97aa3d0bf0a561","https://openalex.org/W2776793436","https://doi.org/10.1038/s41560-017-0044-5","2017","Materials Science","Robust and conductive two-dimensional metal−organic frameworks with exceptionally high volumetric and areal capacitance","out/html/3c43fe14789c39b0833442a78d97aa3d0bf0a561/index.html","out/html_ocr/3c43fe14789c39b0833442a78d97aa3d0bf0a561/index.html","out/md/3c43fe14789c39b0833442a78d97aa3d0bf0a561.md","out/reviews/3c43fe14789c39b0833442a78d97aa3d0bf0a561.review.json","7","textflow_ok","True","6177","8428","0","0"
"3d3a021f60e27dd24a6c736f0a85973134f6b01a","https://openalex.org/W2591878489","https://doi.org/10.1007/s12200-017-0702-z","2017","Engineering","Characterization of basic physical properties of Sb2Se3 and its relevance for photovoltaics","out/html/3d3a021f60e27dd24a6c736f0a85973134f6b01a/index.html","","out/md/3d3a021f60e27dd24a6c736f0a85973134f6b01a.md","out/reviews/3d3a021f60e27dd24a6c736f0a85973134f6b01a.review.json","38","textflow_ok","True","49222","55555","0","0"
"3d4daba28e14ecafc3615fe0427c8fc78409f7f6","https://openalex.org/W2921749090","https://doi.org/10.1021/acsami.9b01508","2019","Engineering","Ecofriendly Electrospun Membranes Loaded with Visible-Light-Responding Nanoparticles for Multifunctional Usages: Highly Efficient Air Filtration, Dye Scavenging, and Bactericidal Activity","out/html/3d4daba28e14ecafc3615fe0427c8fc78409f7f6/index.html","","out/md/3d4daba28e14ecafc3615fe0427c8fc78409f7f6.md","out/reviews/3d4daba28e14ecafc3615fe0427c8fc78409f7f6.review.json","35","textflow_ok","True","46968","53175","0","0"
"3d99aff925fadd338eb9a6a8a2ae0c8688e0aa6f","https://openalex.org/W2766234355","https://doi.org/10.1002/anie.201704146","2017","Pharmacology, Toxicology and Pharmaceutics","Deuterium‐ and Tritium‐Labelled Compounds: Applications in the Life Sciences","out/html/3d99aff925fadd338eb9a6a8a2ae0c8688e0aa6f/index.html","out/html_ocr/3d99aff925fadd338eb9a6a8a2ae0c8688e0aa6f/index.html","out/md/3d99aff925fadd338eb9a6a8a2ae0c8688e0aa6f.md","out/reviews/3d99aff925fadd338eb9a6a8a2ae0c8688e0aa6f.review.json","26","textflow_ok","True","149389","155318","0","0"
"3db48b4f42372c80d6a5574d00eb7d4eec53718a","https://openalex.org/W2586554840","https://doi.org/10.1021/acs.accounts.6b00577","2017","Chemistry","Postsynthetic Tuning of Metal–Organic Frameworks for Targeted Applications","out/html/3db48b4f42372c80d6a5574d00eb7d4eec53718a/index.html","out/html_ocr/3db48b4f42372c80d6a5574d00eb7d4eec53718a/index.html","out/md/3db48b4f42372c80d6a5574d00eb7d4eec53718a.md","out/reviews/3db48b4f42372c80d6a5574d00eb7d4eec53718a.review.json","17","textflow_ok","True","45198","49923","0","0"
"3e4ea5dae13112d00bf4b09a3505b9372be67f30","https://openalex.org/W2659598858","https://doi.org/10.1126/science.aah4321","2017","Materials Science","Atomic-layered Au clusters on α-MoC as catalysts for the low-temperature water-gas shift reaction","out/html/3e4ea5dae13112d00bf4b09a3505b9372be67f30/index.html","out/html_ocr/3e4ea5dae13112d00bf4b09a3505b9372be67f30/index.html","out/md/3e4ea5dae13112d00bf4b09a3505b9372be67f30.md","out/reviews/3e4ea5dae13112d00bf4b09a3505b9372be67f30.review.json","13","textflow_ok","True","26099","31451","0","0"
"3ed0a75b6a4cc44c4d37f590be9e3700d28fa25c","https://openalex.org/W2604156473","https://doi.org/10.1002/anie.201702148","2017","Chemistry","Cyclic (Alkyl)(amino)carbenes (CAACs): Recent Developments","out/html/3ed0a75b6a4cc44c4d37f590be9e3700d28fa25c/index.html","out/html_ocr/3ed0a75b6a4cc44c4d37f590be9e3700d28fa25c/index.html","out/md/3ed0a75b6a4cc44c4d37f590be9e3700d28fa25c.md","out/reviews/3ed0a75b6a4cc44c4d37f590be9e3700d28fa25c.review.json","56","textflow_ok","True","104534","124668","0","0"
"3ee9508462604e0e9a7a70de132ad9c86bed68e4","https://openalex.org/W2537935631","https://doi.org/10.1021/acs.chemmater.6b02282","2016","Engineering","Fluoroethylene Carbonate and Vinylene Carbonate Reduction: Understanding Lithium-Ion Battery Electrolyte Additives and Solid Electrolyte Interphase Formation","out/html/3ee9508462604e0e9a7a70de132ad9c86bed68e4/index.html","","out/md/3ee9508462604e0e9a7a70de132ad9c86bed68e4.md","out/reviews/3ee9508462604e0e9a7a70de132ad9c86bed68e4.review.json","11","textflow_ok","True","58175","62032","0","0"
"3eeb2800f5edf4c9f208bd45e09ce4ef3cbc2124","https://openalex.org/W2340814919","https://doi.org/10.1021/jacs.5b08212","2015","Energy","Metal–Organic Frameworks for Electrocatalytic Reduction of Carbon Dioxide","out/html/3eeb2800f5edf4c9f208bd45e09ce4ef3cbc2124/index.html","out/html_ocr/3eeb2800f5edf4c9f208bd45e09ce4ef3cbc2124/index.html","out/md/3eeb2800f5edf4c9f208bd45e09ce4ef3cbc2124.md","out/reviews/3eeb2800f5edf4c9f208bd45e09ce4ef3cbc2124.review.json","7","textflow_ok","True","39838","42941","0","0"
"3f4423d858bedb9875fe99a215b79d4ed3f17048","https://openalex.org/W2749247755","https://doi.org/10.1109/jiot.2017.2740569","2017","Computer Science","Blockchain-Based Dynamic Key Management for Heterogeneous Intelligent Transportation Systems","out/html/3f4423d858bedb9875fe99a215b79d4ed3f17048/index.html","","out/md/3f4423d858bedb9875fe99a215b79d4ed3f17048.md","out/reviews/3f4423d858bedb9875fe99a215b79d4ed3f17048.review.json","13","textflow_ok","True","66884","70951","0","0"
"3f705da5dd00109dc842ac52c48742c49cf7a82d","https://openalex.org/W2950018803","https://doi.org/10.1021/acs.accounts.9b00033","2019","Engineering","Ni/Li Disordering in Layered Transition Metal Oxide: Electrochemical Impact, Origin, and Control","out/html/3f705da5dd00109dc842ac52c48742c49cf7a82d/index.html","","out/md/3f705da5dd00109dc842ac52c48742c49cf7a82d.md","out/reviews/3f705da5dd00109dc842ac52c48742c49cf7a82d.review.json","33","textflow_ok","True","50733","55825","0","0"
"3fc0efc04327802d746658d39b4ce75be0b26718","https://openalex.org/W2585502432","https://doi.org/10.1016/j.enbuild.2017.01.083","2017","Engineering","Data driven prediction models of energy use of appliances in a low-energy house","out/html/3fc0efc04327802d746658d39b4ce75be0b26718/index.html","","out/md/3fc0efc04327802d746658d39b4ce75be0b26718.md","out/reviews/3fc0efc04327802d746658d39b4ce75be0b26718.review.json","17","textflow_ok","True","63121","68928","0","0"
"3fee22c16cdb0ff166ae029da4dd8db8d09aa935","https://openalex.org/W2898852317","https://doi.org/10.1021/jacs.8b10282","2018","Engineering","Inducing High Ionic Conductivity in the Lithium Superionic Argyrodites Li 6+ x P 1– x Ge x S 5 I for All-Solid-State Batteries","out/html/3fee22c16cdb0ff166ae029da4dd8db8d09aa935/index.html","","out/md/3fee22c16cdb0ff166ae029da4dd8db8d09aa935.md","out/reviews/3fee22c16cdb0ff166ae029da4dd8db8d09aa935.review.json","26","textflow_ok","True","52370","61677","0","0"
"3ffa33e0b37866c355f586f11c1c9f9a4ba2d747","https://openalex.org/W2915352471","https://doi.org/10.1016/j.rser.2019.02.022","2019","Environmental Science","Comprehensive investigation on hydrogen and fuel cell technology in the aviation and aerospace sectors","out/html/3ffa33e0b37866c355f586f11c1c9f9a4ba2d747/index.html","","out/md/3ffa33e0b37866c355f586f11c1c9f9a4ba2d747.md","out/reviews/3ffa33e0b37866c355f586f11c1c9f9a4ba2d747.review.json","43","textflow_ok","True","68268","78033","0","0"
"40210763f20070178bf404d2d1bf691f269e9d48","https://openalex.org/W2793600331","https://doi.org/10.1002/aenm.201703487","2018","Energy","Electrochemical CO2 Reduction with Atomic Iron‐Dispersed on Nitrogen‐Doped Graphene","out/html/40210763f20070178bf404d2d1bf691f269e9d48/index.html","","out/md/40210763f20070178bf404d2d1bf691f269e9d48.md","out/reviews/40210763f20070178bf404d2d1bf691f269e9d48.review.json","11","textflow_ok","True","44069","47204","0","0"
"402427c702cb14fd955114fe9e3c460b2c27a511","https://openalex.org/W2612483862","https://doi.org/10.1109/jproc.2017.2696878","2017","Engineering","Distributed Power-Generation Systems and Protection","out/html/402427c702cb14fd955114fe9e3c460b2c27a511/index.html","","out/md/402427c702cb14fd955114fe9e3c460b2c27a511.md","out/reviews/402427c702cb14fd955114fe9e3c460b2c27a511.review.json","21","textflow_ok","True","107304","113586","0","0"
"40406ff3a392b066d31b23174cdba61acceddd5e","https://openalex.org/W3106714810","https://doi.org/10.1038/s41566-020-00716-4","2020","Physics and Astronomy","Machine learning and applications in ultrafast photonics","out/html/40406ff3a392b066d31b23174cdba61acceddd5e/index.html","","out/md/40406ff3a392b066d31b23174cdba61acceddd5e.md","out/reviews/40406ff3a392b066d31b23174cdba61acceddd5e.review.json","26","textflow_ok","True","58236","64469","0","0"
"40cd522034363d784908c545b82a038a40249014","https://openalex.org/W2342359684","https://doi.org/10.1021/jacs.5b06382","2015","Energy","Nature of Activated Manganese Oxide for Oxygen Evolution","out/html/40cd522034363d784908c545b82a038a40249014/index.html","","out/md/40cd522034363d784908c545b82a038a40249014.md","out/reviews/40cd522034363d784908c545b82a038a40249014.review.json","20","textflow_ok","True","112179","117667","0","0"
"41017839e75ab80a52ea6251d47d76fa4d004552","https://openalex.org/W2603505833","https://doi.org/10.1021/jacs.7b01409","2017","Engineering","Ligand Mediated Transformation of Cesium Lead Bromide Perovskite Nanocrystals to Lead Depleted Cs 4 PbBr 6 Nanocrystals","out/html/41017839e75ab80a52ea6251d47d76fa4d004552/index.html","","out/md/41017839e75ab80a52ea6251d47d76fa4d004552.md","out/reviews/41017839e75ab80a52ea6251d47d76fa4d004552.review.json","4","textflow_ok","True","23697","26168","0","0"
"411ed762225e1f3e274734b18080b01b51494378","https://openalex.org/W2371153789","https://doi.org/10.1109/tpel.2016.2565642","2016","Engineering","Three-Phase PLLs: A Review of Recent Advances","out/html/411ed762225e1f3e274734b18080b01b51494378/index.html","out/html_ocr/411ed762225e1f3e274734b18080b01b51494378/index.html","out/md/411ed762225e1f3e274734b18080b01b51494378.md","out/reviews/411ed762225e1f3e274734b18080b01b51494378.review.json","15","textflow_ok","True","76890","81833","0","0"
"413941756442f6f3168c84042e5f89a18d5a4095","https://openalex.org/W1909359706","https://doi.org/10.17863/cam.32861","2016","Physics and Astronomy","Planck 2015 results","out/html/413941756442f6f3168c84042e5f89a18d5a4095/index.html","out/html_ocr/413941756442f6f3168c84042e5f89a18d5a4095/index.html","out/md/413941756442f6f3168c84042e5f89a18d5a4095.md","out/reviews/413941756442f6f3168c84042e5f89a18d5a4095.review.json","63","textflow_ok","True","370993","399736","0","0"
"4192427eb128fcb4dd21ce8176a2d0c36a171650","https://openalex.org/W3006505366","https://doi.org/10.1021/acs.accounts.9b00544","2020","Chemistry","Electrochemical Oxidation of Organic Molecules at Lower Overpotential: Accessing Broader Functional Group Compatibility with Electron−Proton Transfer Mediators","out/html/4192427eb128fcb4dd21ce8176a2d0c36a171650/index.html","","out/md/4192427eb128fcb4dd21ce8176a2d0c36a171650.md","out/reviews/4192427eb128fcb4dd21ce8176a2d0c36a171650.review.json","43","textflow_ok","True","66650","83455","0","0"
"420065e525763a419eb68bbbcc24230616607260","https://openalex.org/W2507159821","https://doi.org/10.1016/j.envpol.2016.09.008","2016","Environmental Science","Comparison of pollution indices for the assessment of heavy metal in Brisbane River sediment","out/html/420065e525763a419eb68bbbcc24230616607260/index.html","","out/md/420065e525763a419eb68bbbcc24230616607260.md","out/reviews/420065e525763a419eb68bbbcc24230616607260.review.json","38","textflow_ok","True","94985","102438","0","0"
"423138e590f6565c290957af582f8e5ddb324f57","https://openalex.org/W2904218127","https://doi.org/10.1016/j.sigpro.2018.12.005","2018","Engineering","Multi-Layer domain adaptation method for rolling bearing fault diagnosis","out/html/423138e590f6565c290957af582f8e5ddb324f57/index.html","","","","38","textflow_ok","True","74230","80241","0","0"
"424e00a077cd926dd936d5c0692d97d9a5ea45ec","https://openalex.org/W2765279177","https://doi.org/10.1126/science.aam6014","2017","Engineering","Atomic structure of sensitive battery materials and interfaces revealed by cryo–electron microscopy","out/html/424e00a077cd926dd936d5c0692d97d9a5ea45ec/index.html","out/html_ocr/424e00a077cd926dd936d5c0692d97d9a5ea45ec/index.html","out/md/424e00a077cd926dd936d5c0692d97d9a5ea45ec.md","out/reviews/424e00a077cd926dd936d5c0692d97d9a5ea45ec.review.json","9","textflow_ok","True","21612","24366","0","0"
"4298e38bfc15538ddec68997ed040e58dbefb608","https://openalex.org/W2910086439","https://doi.org/10.1038/s41928-018-0189-7","2019","Engineering","Three-dimensional piezoelectric polymer microsystems for vibrational energy harvesting, robotic interfaces and biomedical implants","out/html/4298e38bfc15538ddec68997ed040e58dbefb608/index.html","","out/md/4298e38bfc15538ddec68997ed040e58dbefb608.md","out/reviews/4298e38bfc15538ddec68997ed040e58dbefb608.review.json","29","textflow_ok","True","60735","69931","0","0"
"42e32cf317e16f17b80b9df92c0104bdb8550f05","https://openalex.org/W2587852741","https://doi.org/10.1038/nclimate3223","2017","Environmental Science","Species’ traits influenced their response to recent climate change","out/html/42e32cf317e16f17b80b9df92c0104bdb8550f05/index.html","","","","22","textflow_ok","True","36563","42237","0","0"
"4305eece60d8af7c4fd80dfa6015fbe775fd6963","https://openalex.org/W3037306179","https://doi.org/10.1038/s41560-020-0648-z","2020","Engineering","Understanding and applying coulombic efficiency in lithium metal batteries","out/html/4305eece60d8af7c4fd80dfa6015fbe775fd6963/index.html","out/html_ocr/4305eece60d8af7c4fd80dfa6015fbe775fd6963/index.html","out/md/4305eece60d8af7c4fd80dfa6015fbe775fd6963.md","out/reviews/4305eece60d8af7c4fd80dfa6015fbe775fd6963.review.json","8","textflow_ok","True","43552","46178","0","0"
"43cf440920e940b3033291f84bf64ccc47f16772","https://openalex.org/W3009486424","https://doi.org/10.1021/jacs.9b13347","2020","Chemical Engineering","Enhanced Nitrate-to-Ammonia Activity on Copper–Nickel Alloys via Tuning of Intermediate Adsorption","out/html/43cf440920e940b3033291f84bf64ccc47f16772/index.html","out/html_ocr/43cf440920e940b3033291f84bf64ccc47f16772/index.html","out/md/43cf440920e940b3033291f84bf64ccc47f16772.md","out/reviews/43cf440920e940b3033291f84bf64ccc47f16772.review.json","23","textflow_ok","True","32539","37891","0","0"
"43f856b233b10835135fbd245fc923fc96b105f8","https://openalex.org/W2810866966","https://doi.org/10.1039/c8ee00364e","2018","Engineering","Effect of electrolyte on the nanostructure of the solid electrolyte interphase (SEI) and performance of lithium metal anodes","out/html/43f856b233b10835135fbd245fc923fc96b105f8/index.html","","out/md/43f856b233b10835135fbd245fc923fc96b105f8.md","out/reviews/43f856b233b10835135fbd245fc923fc96b105f8.review.json","21","textflow_ok","True","38924","43471","0","0"
"449138f7f6b7fad5addda594337837496f676330","https://openalex.org/W2754928350","https://doi.org/10.1038/nmat4976","2017","Engineering","Reversible magnesium and aluminium ions insertion in cation-deficient anatase TiO2","out/html/449138f7f6b7fad5addda594337837496f676330/index.html","","out/md/449138f7f6b7fad5addda594337837496f676330.md","out/reviews/449138f7f6b7fad5addda594337837496f676330.review.json","25","textflow_ok","True","54066","59016","0","0"
"44acac3436578ebec7cb6caa249871fdcb088419","https://openalex.org/W4313555657","https://doi.org/10.1126/science.abj4396","2023","Engineering","Lithium niobate photonics: Unlocking the electromagnetic spectrum","out/html/44acac3436578ebec7cb6caa249871fdcb088419/index.html","","out/md/44acac3436578ebec7cb6caa249871fdcb088419.md","out/reviews/44acac3436578ebec7cb6caa249871fdcb088419.review.json","32","textflow_ok","True","85780","91567","0","0"
"44c5377986bae89d5b020c3bbc172cf45879b47d","https://openalex.org/W2800538760","https://doi.org/10.1016/j.paerosci.2018.06.002","2018","Engineering","A review of modelling and analysis of morphing wings","out/html/44c5377986bae89d5b020c3bbc172cf45879b47d/index.html","","out/md/44c5377986bae89d5b020c3bbc172cf45879b47d.md","out/reviews/44c5377986bae89d5b020c3bbc172cf45879b47d.review.json","1","textflow_ok","True","2249","3965","0","0"
"44df9582bee4612cd513a64bc4f1a5494a39de78","https://openalex.org/W2884266673","https://doi.org/10.1016/j.biocon.2018.07.022","2018","Environmental Science","Is habitat fragmentation good for biodiversity?","out/html/44df9582bee4612cd513a64bc4f1a5494a39de78/index.html","out/html_ocr/44df9582bee4612cd513a64bc4f1a5494a39de78/index.html","out/md/44df9582bee4612cd513a64bc4f1a5494a39de78.md","out/reviews/44df9582bee4612cd513a64bc4f1a5494a39de78.review.json","31","textflow_ok","True","57517","63337","0","0"
"451f3ea163eef7314a4091b42dd7988192109f09","https://openalex.org/W2793912109","https://doi.org/10.1002/adma.201703779","2018","Materials Science","Advanced Materials through Assembly of Nanocelluloses","out/html/451f3ea163eef7314a4091b42dd7988192109f09/index.html","","out/md/451f3ea163eef7314a4091b42dd7988192109f09.md","out/reviews/451f3ea163eef7314a4091b42dd7988192109f09.review.json","108","textflow_ok","True","192775","213399","0","0"
"45284e3bbd6671241b08012c0d025df26bc295cc","https://openalex.org/W2589006297","https://doi.org/10.1016/j.jembe.2017.01.017","2017","Earth and Planetary Sciences","The role of kelp species as biogenic habitat formers in coastal marine ecosystems","out/html/45284e3bbd6671241b08012c0d025df26bc295cc/index.html","","out/md/45284e3bbd6671241b08012c0d025df26bc295cc.md","out/reviews/45284e3bbd6671241b08012c0d025df26bc295cc.review.json","64","textflow_ok","True","127278","140393","0","0"
"453512a653597c43e46dc6ddc0bc124829fec628","https://openalex.org/W4306888855","https://doi.org/10.1038/s41563-022-01380-5","2022","Energy","Non-iridium-based electrocatalyst for durable acidic oxygen evolution reaction in proton exchange membrane water electrolysis","out/html/453512a653597c43e46dc6ddc0bc124829fec628/index.html","","out/md/453512a653597c43e46dc6ddc0bc124829fec628.md","out/reviews/453512a653597c43e46dc6ddc0bc124829fec628.review.json","28","textflow_ok","True","60946","70291","0","0"
"454d80a8edf89d1d5ba2a7d9634ad95719397c3f","https://openalex.org/W2898664959","https://doi.org/10.1038/s41929-018-0170-x","2018","Energy","Highly selective oxidation of methane to methanol at ambient conditions by titanium dioxide-supported iron species","out/html/454d80a8edf89d1d5ba2a7d9634ad95719397c3f/index.html","","out/md/454d80a8edf89d1d5ba2a7d9634ad95719397c3f.md","out/reviews/454d80a8edf89d1d5ba2a7d9634ad95719397c3f.review.json","19","textflow_ok","True","46129","51096","0","0"
"45588c0d838b6b3077cd4f42236241437c5db8c9","https://openalex.org/W3020956046","https://doi.org/10.1038/s41586-020-2219-7","2020","Engineering","Two-dimensional halide perovskite lateral epitaxial heterostructures","out/html/45588c0d838b6b3077cd4f42236241437c5db8c9/index.html","","","","56","textflow_ok","True","87189","95916","0","0"
"4559f0f3ee2f4ef52ea2df3d96ccd57463704f38","https://openalex.org/W2906683991","https://doi.org/10.1016/j.enconman.2018.12.080","2019","Environmental Science","How to decarbonise international shipping: Options for fuels, technologies and policies","out/html/4559f0f3ee2f4ef52ea2df3d96ccd57463704f38/index.html","","out/md/4559f0f3ee2f4ef52ea2df3d96ccd57463704f38.md","out/reviews/4559f0f3ee2f4ef52ea2df3d96ccd57463704f38.review.json","46","textflow_ok","True","120188","130720","0","0"
"457aba9eaa9788208378997c45d35e4927c18786","https://openalex.org/W2888659315","https://doi.org/10.1016/j.conbuildmat.2018.07.207","2018","Engineering","Clayey soil stabilization using geopolymer and Portland cement","out/html/457aba9eaa9788208378997c45d35e4927c18786/index.html","","out/md/457aba9eaa9788208378997c45d35e4927c18786.md","out/reviews/457aba9eaa9788208378997c45d35e4927c18786.review.json","26","textflow_ok","True","38874","43510","0","0"
"4593959edb397aba959b4b51eed6b69966288fba","https://openalex.org/W2229989501","https://doi.org/10.1021/acs.chemmater.5b01627","2015","Engineering","The Effect of Fluoroethylene Carbonate as an Additive on the Solid Electrolyte Interphase on Silicon Lithium-Ion Electrodes","out/html/4593959edb397aba959b4b51eed6b69966288fba/index.html","","out/md/4593959edb397aba959b4b51eed6b69966288fba.md","out/reviews/4593959edb397aba959b4b51eed6b69966288fba.review.json","17","textflow_ok","True","76666","82613","0","0"
"459ddd21de6cad7381ca059dbb2db71c93bc0d53","https://openalex.org/W1523078206","https://doi.org/10.1126/science.1261071","2015","Agricultural and Biological Sciences","Soil and human security in the 21st century","out/html/459ddd21de6cad7381ca059dbb2db71c93bc0d53/index.html","out/html_ocr/459ddd21de6cad7381ca059dbb2db71c93bc0d53/index.html","out/md/459ddd21de6cad7381ca059dbb2db71c93bc0d53.md","out/reviews/459ddd21de6cad7381ca059dbb2db71c93bc0d53.review.json","9","textflow_ok","True","46556","49927","0","0"
"45abea8564c65f11038774ca707a2c088c70fb51","https://openalex.org/W2234054032","https://doi.org/10.1126/science.aad5845","2016","Engineering","A mixed-cation lead mixed-halide perovskite absorber for tandem solar cells","out/html/45abea8564c65f11038774ca707a2c088c70fb51/index.html","out/html_ocr/45abea8564c65f11038774ca707a2c088c70fb51/index.html","out/md/45abea8564c65f11038774ca707a2c088c70fb51.md","out/reviews/45abea8564c65f11038774ca707a2c088c70fb51.review.json","11","textflow_ok","True","29634","32415","0","0"
"45cd4baa45e3abc458a37030992c1e183ce54cc2","https://openalex.org/W3099515649","","2019","Physics and Astronomy","Laser cavity-soliton microcombs","out/html/45cd4baa45e3abc458a37030992c1e183ce54cc2/index.html","","out/md/45cd4baa45e3abc458a37030992c1e183ce54cc2.md","out/reviews/45cd4baa45e3abc458a37030992c1e183ce54cc2.review.json","14","textflow_ok","True","34337","38220","0","0"
"45d2853c40724299cb066f2d724d061c9bce84c7","https://openalex.org/W2811133697","https://doi.org/10.1126/science.aas9793","2018","Energy","Net-zero emissions energy systems","out/html/45d2853c40724299cb066f2d724d061c9bce84c7/index.html","out/html_ocr/45d2853c40724299cb066f2d724d061c9bce84c7/index.html","out/md/45d2853c40724299cb066f2d724d061c9bce84c7.md","out/reviews/45d2853c40724299cb066f2d724d061c9bce84c7.review.json","29","textflow_ok","True","125635","132657","0","0"
"45d4ec25b600707d28e6c8a6b5441a3ea6ceb705","https://openalex.org/W3099927755","","2019","Physics and Astronomy","Binary Black Hole Population Properties Inferred from the First and Second Observing Runs of Advanced LIGO and Advanced Virgo","out/html/45d4ec25b600707d28e6c8a6b5441a3ea6ceb705/index.html","","out/md/45d4ec25b600707d28e6c8a6b5441a3ea6ceb705.md","out/reviews/45d4ec25b600707d28e6c8a6b5441a3ea6ceb705.review.json","42","textflow_ok","True","166440","175790","0","0"
"46b8bc7660c4d5ee1698eba7594b62d7e151a22c","https://openalex.org/W3098546160","https://doi.org/10.4208/cicp.oa-2020-0164","2020","Physics and Astronomy","Extended Physics-Informed Neural Networks (XPINNs): A Generalized Space-Time Domain Decomposition Based Deep Learning Framework for Nonlinear Partial Differential Equations","out/html/46b8bc7660c4d5ee1698eba7594b62d7e151a22c/index.html","out/html_ocr/46b8bc7660c4d5ee1698eba7594b62d7e151a22c/index.html","out/md/46b8bc7660c4d5ee1698eba7594b62d7e151a22c.md","out/reviews/46b8bc7660c4d5ee1698eba7594b62d7e151a22c.review.json","6","textflow_ok","True","30104","34072","0","0"
"46e5aa21e63a2af7121832ea0737df718df54dcd","https://openalex.org/W2975042721","https://doi.org/10.1038/s41586-019-1592-6","2019","Agricultural and Biological Sciences","Harnessing global fisheries to tackle micronutrient deficiencies","out/html/46e5aa21e63a2af7121832ea0737df718df54dcd/index.html","","out/md/46e5aa21e63a2af7121832ea0737df718df54dcd.md","out/reviews/46e5aa21e63a2af7121832ea0737df718df54dcd.review.json","23","textflow_ok","True","48533","53798","0","0"
"470be5151f8aa7bbaf788fce52ffb21bd227cdd7","https://openalex.org/W2177971463","https://doi.org/10.1158/1078-0432.ccr-15-0685","2015","Immunology and Microbiology","How Do Cytotoxic Lymphocytes Kill Cancer Cells?","out/html/470be5151f8aa7bbaf788fce52ffb21bd227cdd7/index.html","out/html_ocr/470be5151f8aa7bbaf788fce52ffb21bd227cdd7/index.html","out/md/470be5151f8aa7bbaf788fce52ffb21bd227cdd7.md","out/reviews/470be5151f8aa7bbaf788fce52ffb21bd227cdd7.review.json","24","textflow_ok","True","41637","46119","0","0"
"47a3001f3df70d636f88bd2ec9edce9890006bf8","https://openalex.org/W3165555416","https://doi.org/10.1126/science.abg6582","2021","Energy","CO 2 electrolysis to multicarbon products in strong acid","out/html/47a3001f3df70d636f88bd2ec9edce9890006bf8/index.html","out/html_ocr/47a3001f3df70d636f88bd2ec9edce9890006bf8/index.html","out/md/47a3001f3df70d636f88bd2ec9edce9890006bf8.md","out/reviews/47a3001f3df70d636f88bd2ec9edce9890006bf8.review.json","14","textflow_ok","True","30405","34509","0","0"
"47c09db1e8ba2253eeb3556b268e56b18f23f509","https://openalex.org/W2737378308","https://doi.org/10.1002/adma.201701169","2017","Engineering","Protected Lithium‐Metal Anodes in Batteries: From Liquid to Solid","out/html/47c09db1e8ba2253eeb3556b268e56b18f23f509/index.html","out/html_ocr/47c09db1e8ba2253eeb3556b268e56b18f23f509/index.html","out/md/47c09db1e8ba2253eeb3556b268e56b18f23f509.md","out/reviews/47c09db1e8ba2253eeb3556b268e56b18f23f509.review.json","66","textflow_ok","True","113058","123172","0","0"
"47d3702cbc71ee160bf6dc463f0064e87ed66ae2","https://openalex.org/W4281751308","https://doi.org/10.1038/s41586-022-04689-y","2022","Engineering","Origin of structural degradation in Li-rich layered oxide cathode","out/html/47d3702cbc71ee160bf6dc463f0064e87ed66ae2/index.html","","out/md/47d3702cbc71ee160bf6dc463f0064e87ed66ae2.md","out/reviews/47d3702cbc71ee160bf6dc463f0064e87ed66ae2.review.json","27","textflow_ok","True","54643","59669","0","0"
"480dc09213efaf945874f632fc722deaddd44496","https://openalex.org/W2895982214","https://doi.org/10.1038/s41929-018-0168-4","2018","Energy","Copper nanocavities confine intermediates for efficient electrosynthesis of C3 alcohol fuels from carbon monoxide","out/html/480dc09213efaf945874f632fc722deaddd44496/index.html","","out/md/480dc09213efaf945874f632fc722deaddd44496.md","out/reviews/480dc09213efaf945874f632fc722deaddd44496.review.json","22","textflow_ok","True","35287","40455","0","0"
"481a9077eae496ac3c05e53a74b1c390c3cba88a","https://openalex.org/W2530918466","https://doi.org/10.1126/science.aag1992","2016","Engineering","Polaritons in van der Waals materials","out/html/481a9077eae496ac3c05e53a74b1c390c3cba88a/index.html","out/html_ocr/481a9077eae496ac3c05e53a74b1c390c3cba88a/index.html","out/md/481a9077eae496ac3c05e53a74b1c390c3cba88a.md","out/reviews/481a9077eae496ac3c05e53a74b1c390c3cba88a.review.json","10","textflow_ok","True","65651","70496","0","0"
"489cd00667e539851e22d36f8525030d65b818fc","https://openalex.org/W2110019070","https://doi.org/10.1109/tip.2015.2460013","2015","Computer Science","Consistent Video Saliency Using Local Gradient Flow Optimization and Global Refinement","out/html/489cd00667e539851e22d36f8525030d65b818fc/index.html","","out/md/489cd00667e539851e22d36f8525030d65b818fc.md","out/reviews/489cd00667e539851e22d36f8525030d65b818fc.review.json","15","textflow_ok","True","58214","63174","0","0"
"495036473cdeca074d9ce5a320054eeb8666bf5e","https://openalex.org/W2271549028","https://doi.org/10.1126/science.aac5253","2016","Biochemistry, Genetics and Molecular Biology","Transcriptome-wide distribution and function of RNA hydroxymethylcytosine","out/html/495036473cdeca074d9ce5a320054eeb8666bf5e/index.html","","out/md/495036473cdeca074d9ce5a320054eeb8666bf5e.md","out/reviews/495036473cdeca074d9ce5a320054eeb8666bf5e.review.json","4","textflow_ok","True","22978","27090","0","0"
"499ffcb111a0b902eafe5c1b97e2d055d78e1ccc","https://openalex.org/W2467676124","https://doi.org/10.1126/science.aaf4610","2016","Agricultural and Biological Sciences","Mycorrhizal association as a primary control of the CO 2 fertilization effect","out/html/499ffcb111a0b902eafe5c1b97e2d055d78e1ccc/index.html","","out/md/499ffcb111a0b902eafe5c1b97e2d055d78e1ccc.md","out/reviews/499ffcb111a0b902eafe5c1b97e2d055d78e1ccc.review.json","17","textflow_ok","True","42682","48002","0","0"
"49a50427ff7f2dec9709d1453f4345debc162cd3","https://openalex.org/W3042021489","https://doi.org/10.1038/s41586-020-2442-2","2020","Computer Science","A mobile robotic chemist","out/html/49a50427ff7f2dec9709d1453f4345debc162cd3/index.html","out/html_ocr/49a50427ff7f2dec9709d1453f4345debc162cd3/index.html","out/md/49a50427ff7f2dec9709d1453f4345debc162cd3.md","out/reviews/49a50427ff7f2dec9709d1453f4345debc162cd3.review.json","21","textflow_ok","True","43332","47210","0","0"
"49fe015bc6d2f0e28619d72a5158d928aa2e0243","https://openalex.org/W2552147221","https://doi.org/10.1038/nmat4785","2016","Engineering","High operational and environmental stability of high-mobility conjugated polymer field-effect transistors through the use of molecular additives","out/html/49fe015bc6d2f0e28619d72a5158d928aa2e0243/index.html","","out/md/49fe015bc6d2f0e28619d72a5158d928aa2e0243.md","out/reviews/49fe015bc6d2f0e28619d72a5158d928aa2e0243.review.json","23","textflow_ok","True","45755","52449","0","0"
"4a01f32a10392efd9fcd73d5196fda53e4b906d7","https://openalex.org/W2786482165","https://doi.org/10.1109/jstqe.2018.2793945","2018","Engineering","Low-Loss Si3N4 TriPleX Optical Waveguides: Technology and Applications Overview","out/html/4a01f32a10392efd9fcd73d5196fda53e4b906d7/index.html","","out/md/4a01f32a10392efd9fcd73d5196fda53e4b906d7.md","out/reviews/4a01f32a10392efd9fcd73d5196fda53e4b906d7.review.json","21","textflow_ok","True","110962","116171","0","0"
"4a2dbcce4606f2520157c2e20d7bb93cd21f9491","https://openalex.org/W4384155265","https://doi.org/10.1126/science.adi4107","2023","Engineering","Engineering ligand reactivity enables high-temperature operation of stable perovskite solar cells","out/html/4a2dbcce4606f2520157c2e20d7bb93cd21f9491/index.html","","out/md/4a2dbcce4606f2520157c2e20d7bb93cd21f9491.md","out/reviews/4a2dbcce4606f2520157c2e20d7bb93cd21f9491.review.json","17","textflow_ok","True","39963","44946","0","0"
"4a3f50c5adf0633c761d430dcf21fba8e7607844","https://openalex.org/W2388008412","https://doi.org/10.1063/1.4948245","2016","Materials Science","Tutorial: Defects in semiconductors—Combining experiment and theory","out/html/4a3f50c5adf0633c761d430dcf21fba8e7607844/index.html","","out/md/4a3f50c5adf0633c761d430dcf21fba8e7607844.md","out/reviews/4a3f50c5adf0633c761d430dcf21fba8e7607844.review.json","12","textflow_ok","True","60767","65159","0","0"
"4a91e4efd5e6da299158e91911677b91effbd3e0","https://openalex.org/W4319591926","https://doi.org/10.1038/s41586-022-05627-8","2023","Engineering","Electrolyte design for Li-ion batteries under extreme operating conditions","out/html/4a91e4efd5e6da299158e91911677b91effbd3e0/index.html","","out/md/4a91e4efd5e6da299158e91911677b91effbd3e0.md","out/reviews/4a91e4efd5e6da299158e91911677b91effbd3e0.review.json","30","textflow_ok","True","50040","55000","0","0"
"4abcb8979096a55261c3e228b1346deafa8957ad","https://openalex.org/W2791172047","https://doi.org/10.1002/anie.201801063","2018","Materials Science","The Chemistry behind Catechol‐Based Adhesion","out/html/4abcb8979096a55261c3e228b1346deafa8957ad/index.html","out/html_ocr/4abcb8979096a55261c3e228b1346deafa8957ad/index.html","out/md/4abcb8979096a55261c3e228b1346deafa8957ad.md","out/reviews/4abcb8979096a55261c3e228b1346deafa8957ad.review.json","21","textflow_ok","True","94596","98913","0","0"
"4c7e8e7d26bef514868b3c9e4b6d4d6e44a57b2a","https://openalex.org/W3113149630","https://doi.org/10.1007/s10462-023-10448-w","2023","Computer Science","Neurosymbolic AI: the 3rd wave","out/html/4c7e8e7d26bef514868b3c9e4b6d4d6e44a57b2a/index.html","","out/md/4c7e8e7d26bef514868b3c9e4b6d4d6e44a57b2a.md","out/reviews/4c7e8e7d26bef514868b3c9e4b6d4d6e44a57b2a.review.json","38","textflow_ok","True","93306","99172","0","0"
"4cbd3700cdd9ea42b228a049af5a9cdc022183b5","https://openalex.org/W2187537484","https://doi.org/10.1109/tcyb.2015.2475174","2015","Computer Science","Genetic Learning Particle Swarm Optimization","out/html/4cbd3700cdd9ea42b228a049af5a9cdc022183b5/index.html","","out/md/4cbd3700cdd9ea42b228a049af5a9cdc022183b5.md","out/reviews/4cbd3700cdd9ea42b228a049af5a9cdc022183b5.review.json","14","textflow_ok","True","70840","74992","0","0"
"4cf5154b1b53fd122058327fca14e6db71f92882","https://openalex.org/W2947879750","https://doi.org/10.1126/science.aaw1845","2019","Physics and Astronomy","Terawatt-scale photovoltaics: Transform global energy","out/html/4cf5154b1b53fd122058327fca14e6db71f92882/index.html","","out/md/4cf5154b1b53fd122058327fca14e6db71f92882.md","out/reviews/4cf5154b1b53fd122058327fca14e6db71f92882.review.json","3","textflow_ok","True","22774","24992","0","0"
"4d09955d0989c661cc76c3f64840c9dfc9f071d5","https://openalex.org/W2970682474","https://doi.org/10.1016/j.jclepro.2019.118198","2019","Environmental Science","Barriers to smart waste management for a circular economy in China","out/html/4d09955d0989c661cc76c3f64840c9dfc9f071d5/index.html","","out/md/4d09955d0989c661cc76c3f64840c9dfc9f071d5.md","out/reviews/4d09955d0989c661cc76c3f64840c9dfc9f071d5.review.json","42","textflow_ok","True","80330","86314","0","0"
"4d396a276b1d7d53c21748e66febe6f87e3df809","https://openalex.org/W2810885441","https://doi.org/10.1016/j.addma.2018.06.020","2018","Engineering","Invited review article: Strategies and processes for high quality wire arc additive manufacturing","out/html/4d396a276b1d7d53c21748e66febe6f87e3df809/index.html","out/html_ocr/4d396a276b1d7d53c21748e66febe6f87e3df809/index.html","out/md/4d396a276b1d7d53c21748e66febe6f87e3df809.md","out/reviews/4d396a276b1d7d53c21748e66febe6f87e3df809.review.json","42","textflow_ok","True","102670","110015","0","0"
"4d6ea5c1cfdd237fbd3b391318bdf1d732b143c2","https://openalex.org/W2460652072","https://doi.org/10.1021/acsnano.6b04005","2016","Chemical Engineering","A Wearable Electrochemical Platform for Noninvasive Simultaneous Monitoring of Ca2+ and pH","out/html/4d6ea5c1cfdd237fbd3b391318bdf1d732b143c2/index.html","","out/md/4d6ea5c1cfdd237fbd3b391318bdf1d732b143c2.md","out/reviews/4d6ea5c1cfdd237fbd3b391318bdf1d732b143c2.review.json","18","textflow_ok","True","36863","40352","0","0"
"4d84d5ab0525138e5c51c760519801e5355e3adf","https://openalex.org/W4318071656","https://doi.org/10.1038/s41587-022-01618-2","2023","Biochemistry, Genetics and Molecular Biology","Large language models generate functional protein sequences across diverse families","out/html/4d84d5ab0525138e5c51c760519801e5355e3adf/index.html","out/html_ocr/4d84d5ab0525138e5c51c760519801e5355e3adf/index.html","out/md/4d84d5ab0525138e5c51c760519801e5355e3adf.md","out/reviews/4d84d5ab0525138e5c51c760519801e5355e3adf.review.json","28","textflow_ok","True","85002","91775","0","0"
"4e0f7eed5201ae7237f28a0ef79b11d5fd51c917","https://openalex.org/W609503659","https://doi.org/10.1016/j.omega.2015.05.013","2015","Engineering","Comparative analysis of MCDM methods for the assessment of sustainable housing affordability","out/html/4e0f7eed5201ae7237f28a0ef79b11d5fd51c917/index.html","","out/md/4e0f7eed5201ae7237f28a0ef79b11d5fd51c917.md","out/reviews/4e0f7eed5201ae7237f28a0ef79b11d5fd51c917.review.json","4","textflow_ok","True","839","2962","0","0"
"4e2c3dc0a39fc5624e469e0e265afc3f9afca988","https://openalex.org/W2546109980","https://doi.org/10.1109/tsmc.2016.2616544","2016","Engineering","Security Control for Discrete-Time Stochastic Nonlinear Systems Subject to Deception Attacks","out/html/4e2c3dc0a39fc5624e469e0e265afc3f9afca988/index.html","","out/md/4e2c3dc0a39fc5624e469e0e265afc3f9afca988.md","out/reviews/4e2c3dc0a39fc5624e469e0e265afc3f9afca988.review.json","11","textflow_ok","True","52476","59844","0","0"
"4e70c07fa904b3d8680025fd2bc863636340f779","https://openalex.org/W2802575142","https://doi.org/10.1038/s41586-018-0091-5","2018","Physics and Astronomy","Electron magnetic reconnection without ion coupling in Earth’s turbulent magnetosheath","out/html/4e70c07fa904b3d8680025fd2bc863636340f779/index.html","","out/md/4e70c07fa904b3d8680025fd2bc863636340f779.md","out/reviews/4e70c07fa904b3d8680025fd2bc863636340f779.review.json","21","textflow_ok","True","32518","38961","0","0"
"4e921233c4da240493bc1396bec83011afb96281","https://openalex.org/W2906050845","https://doi.org/10.1016/j.trac.2018.11.038","2018","Environmental Science","Significance of interactions between microplastics and POPs in the marine environment: A critical overview","out/html/4e921233c4da240493bc1396bec83011afb96281/index.html","","","","33","textflow_ok","True","60326","70495","0","0"
"4ea9bc5ee037e741f45bec3e405593901815ef23","https://openalex.org/W3156138561","https://doi.org/10.1021/jacs.1c00384","2021","Energy","Stabilizing Highly Active Ru Sites by Suppressing Lattice Oxygen Participation in Acidic Water Oxidation","out/html/4ea9bc5ee037e741f45bec3e405593901815ef23/index.html","","out/md/4ea9bc5ee037e741f45bec3e405593901815ef23.md","out/reviews/4ea9bc5ee037e741f45bec3e405593901815ef23.review.json","15","textflow_ok","True","32577","36310","0","0"
"4f53c97362c66632bad047e1440e69ed41896204","https://openalex.org/W3008629526","","2019","Computer Science","Advances in Quantum Cryptography","out/html/4f53c97362c66632bad047e1440e69ed41896204/index.html","out/html_ocr/4f53c97362c66632bad047e1440e69ed41896204/index.html","out/md/4f53c97362c66632bad047e1440e69ed41896204.md","out/reviews/4f53c97362c66632bad047e1440e69ed41896204.review.json","144","textflow_ok","True","738657","782657","0","0"
"4fa8c70852e949534440dc0a4350a7cf813f1bbf","https://openalex.org/W2937021910","https://doi.org/10.1038/s41557-019-0246-5","2019","Materials Science","N-heterocyclic carbene-functionalized magic-number gold nanoclusters","out/html/4fa8c70852e949534440dc0a4350a7cf813f1bbf/index.html","","out/md/4fa8c70852e949534440dc0a4350a7cf813f1bbf.md","out/reviews/4fa8c70852e949534440dc0a4350a7cf813f1bbf.review.json","14","textflow_ok","True","42758","46770","0","0"
"4fea4aac5239d1b249f2be74765379ad9cef2c87","https://openalex.org/W2785057478","https://doi.org/10.1021/acsenergylett.7b01255","2018","Engineering","Compositional Engineering for Efficient Wide Band Gap Perovskites with Improved Stability to Photoinduced Phase Segregation","out/html/4fea4aac5239d1b249f2be74765379ad9cef2c87/index.html","","out/md/4fea4aac5239d1b249f2be74765379ad9cef2c87.md","out/reviews/4fea4aac5239d1b249f2be74765379ad9cef2c87.review.json","14","textflow_ok","True","34724","38554","0","0"
"4fedd25c584118822b484a8a176d365cf7ac0b86","https://openalex.org/W2619565046","https://doi.org/10.1126/science.aai9383","2017","Immunology and Microbiology","Vaginal bacteria modify HIV tenofovir microbicide efficacy in African women","out/html/4fedd25c584118822b484a8a176d365cf7ac0b86/index.html","","out/md/4fedd25c584118822b484a8a176d365cf7ac0b86.md","out/reviews/4fedd25c584118822b484a8a176d365cf7ac0b86.review.json","8","textflow_ok","True","48953","52158","0","0"
"506e7abf8565c8922dc5ff1f89c68a5db9da8658","https://openalex.org/W2323065125","https://doi.org/10.1021/jacs.5b11364","2016","Energy","Transition Metal Nitride Coated with Atomic Layers of Pt as a Low-Cost, Highly Stable Electrocatalyst for the Oxygen Reduction Reaction","out/html/506e7abf8565c8922dc5ff1f89c68a5db9da8658/index.html","","out/md/506e7abf8565c8922dc5ff1f89c68a5db9da8658.md","out/reviews/506e7abf8565c8922dc5ff1f89c68a5db9da8658.review.json","22","textflow_ok","True","35917","40805","0","0"
"5074f236d62f4b91ae8d0b5f72f1959672f2b0e7","https://openalex.org/W2968409655","https://doi.org/10.1016/j.ymssp.2019.106272","2019","Engineering","Mechanical fault diagnosis using Convolutional Neural Networks and Extreme Learning Machine","out/html/5074f236d62f4b91ae8d0b5f72f1959672f2b0e7/index.html","","out/md/5074f236d62f4b91ae8d0b5f72f1959672f2b0e7.md","out/reviews/5074f236d62f4b91ae8d0b5f72f1959672f2b0e7.review.json","27","textflow_ok","True","75283","83452","0","0"
"50c0dd36c0c0961182efed8d5610a0ce501d8923","https://openalex.org/W3067010295","https://doi.org/10.1038/s41928-020-0461-5","2020","Engineering","Opportunities and challenges for spintronics in the microelectronics industry","out/html/50c0dd36c0c0961182efed8d5610a0ce501d8923/index.html","out/html_ocr/50c0dd36c0c0961182efed8d5610a0ce501d8923/index.html","out/md/50c0dd36c0c0961182efed8d5610a0ce501d8923.md","out/reviews/50c0dd36c0c0961182efed8d5610a0ce501d8923.review.json","27","textflow_ok","True","79285","84244","0","0"
"50f7fd9dd2e77a4158747dcc29dafd85db77999a","https://openalex.org/W2898449596","https://doi.org/10.1038/s41586-018-0631-z","2018","Materials Science","Magnetism in two-dimensional van der Waals materials","out/html/50f7fd9dd2e77a4158747dcc29dafd85db77999a/index.html","out/html_ocr/50f7fd9dd2e77a4158747dcc29dafd85db77999a/index.html","out/md/50f7fd9dd2e77a4158747dcc29dafd85db77999a.md","out/reviews/50f7fd9dd2e77a4158747dcc29dafd85db77999a.review.json","16","textflow_ok","True","38178","42800","0","0"
"510e12d16d4b4044b043602301a416cb84703715","https://openalex.org/W2755116647","https://doi.org/10.1002/aenm.201701694","2017","Energy","Single‐Crystalline Ultrathin Co 3 O 4 Nanosheets with Massive Vacancy Defects for Enhanced Electrocatalysis","out/html/510e12d16d4b4044b043602301a416cb84703715/index.html","","out/md/510e12d16d4b4044b043602301a416cb84703715.md","out/reviews/510e12d16d4b4044b043602301a416cb84703715.review.json","32","textflow_ok","True","47247","53863","0","0"
"5119685c52fbb98a38baee80ad9b574f807170d1","https://openalex.org/W2418973097","https://doi.org/10.1063/1.4952647","2016","Materials Science","ω B97M-V: A combinatorially optimized, range-separated hybrid, meta-GGA density functional with VV10 nonlocal correlation","out/html/5119685c52fbb98a38baee80ad9b574f807170d1/index.html","out/html_ocr/5119685c52fbb98a38baee80ad9b574f807170d1/index.html","out/md/5119685c52fbb98a38baee80ad9b574f807170d1.md","out/reviews/5119685c52fbb98a38baee80ad9b574f807170d1.review.json","37","textflow_ok","True","121741","133029","0","0"
"513f0c427f9f6581723d5f20c455d069415896c7","https://openalex.org/W2212370034","https://doi.org/10.11588/ans.2015.100.20553","2015","Computer Science","The FEniCS Project Version 1.5","out/html/513f0c427f9f6581723d5f20c455d069415896c7/index.html","out/html_ocr/513f0c427f9f6581723d5f20c455d069415896c7/index.html","out/md/513f0c427f9f6581723d5f20c455d069415896c7.md","out/reviews/513f0c427f9f6581723d5f20c455d069415896c7.review.json","15","textflow_ok","True","43631","53612","0","0"
"5144e65ae33284b314952e68bd07b779f70631cc","https://openalex.org/W2024183493","https://doi.org/10.1038/nature14189","2015","Immunology and Microbiology","The biology of innate lymphoid cells","out/html/5144e65ae33284b314952e68bd07b779f70631cc/index.html","out/html_ocr/5144e65ae33284b314952e68bd07b779f70631cc/index.html","out/md/5144e65ae33284b314952e68bd07b779f70631cc.md","out/reviews/5144e65ae33284b314952e68bd07b779f70631cc.review.json","10","textflow_ok","True","70568","74994","0","0"
"515d3fd48cb5fd6af9a7b49012fd4fe87c1273f7","https://openalex.org/W2238632339","https://doi.org/10.1111/desc.12372","2016","Mathematics","Associations of non‐symbolic and symbolic numerical magnitude processing with mathematical competence: a meta‐analysis","out/html/515d3fd48cb5fd6af9a7b49012fd4fe87c1273f7/index.html","","out/md/515d3fd48cb5fd6af9a7b49012fd4fe87c1273f7.md","out/reviews/515d3fd48cb5fd6af9a7b49012fd4fe87c1273f7.review.json","42","textflow_ok","True","77936","86944","0","0"
"5175bb40ca8bd71d1f612ecf1ebf13e9bfab3c30","https://openalex.org/W1536766557","https://doi.org/10.1086/691465","2017","Environmental Science","Every Breath You Take—Every Dollar You’ll Make: The Long-Term Consequences of the Clean Air Act of 1970","out/html/5175bb40ca8bd71d1f612ecf1ebf13e9bfab3c30/index.html","","out/md/5175bb40ca8bd71d1f612ecf1ebf13e9bfab3c30.md","out/reviews/5175bb40ca8bd71d1f612ecf1ebf13e9bfab3c30.review.json","89","textflow_ok","True","228529","251503","0","0"
"5237b56a337eb6ade7b6a204df35a03c30ed3a9a","https://openalex.org/W2977917184","https://doi.org/10.1002/aenm.201902579","2019","Engineering","Additive Engineering for Efficient and Stable Perovskite Solar Cells","out/html/5237b56a337eb6ade7b6a204df35a03c30ed3a9a/index.html","out/html_ocr/5237b56a337eb6ade7b6a204df35a03c30ed3a9a/index.html","out/md/5237b56a337eb6ade7b6a204df35a03c30ed3a9a.md","out/reviews/5237b56a337eb6ade7b6a204df35a03c30ed3a9a.review.json","68","textflow_ok","True","142918","160434","0","0"
"5387de00911ecea68b0a6820ae154513c42dcb8d","https://openalex.org/W2345413944","https://doi.org/10.1038/nphys3736","2016","Physics and Astronomy","Inertial-confinement fusion with lasers","out/html/5387de00911ecea68b0a6820ae154513c42dcb8d/index.html","out/html_ocr/5387de00911ecea68b0a6820ae154513c42dcb8d/index.html","out/md/5387de00911ecea68b0a6820ae154513c42dcb8d.md","out/reviews/5387de00911ecea68b0a6820ae154513c42dcb8d.review.json","38","textflow_ok","True","91265","96720","0","0"
"53a8cfbdb88130eaa7e2f93a4965fa037db0971a","https://openalex.org/W2286419477","https://doi.org/10.1016/j.bandc.2015.11.003","2016","Neuroscience","A review of predictive coding algorithms","out/html/53a8cfbdb88130eaa7e2f93a4965fa037db0971a/index.html","","out/md/53a8cfbdb88130eaa7e2f93a4965fa037db0971a.md","out/reviews/53a8cfbdb88130eaa7e2f93a4965fa037db0971a.review.json","8","textflow_ok","True","35664","38772","0","0"
"53a983db35de437ef0bcf1d5b2dace3ed987cbcf","https://openalex.org/W2326411711","https://doi.org/10.1016/j.ccr.2015.02.015","2015","Materials Science","Interpretation of europium(III) spectra","out/html/53a983db35de437ef0bcf1d5b2dace3ed987cbcf/index.html","out/html_ocr/53a983db35de437ef0bcf1d5b2dace3ed987cbcf/index.html","out/md/53a983db35de437ef0bcf1d5b2dace3ed987cbcf.md","out/reviews/53a983db35de437ef0bcf1d5b2dace3ed987cbcf.review.json","187","textflow_ok","True","335255","363029","0","0"
"53aeb3f413c819b56b5bc90577b3fdbcfabbaa74","https://openalex.org/W4388726580","https://doi.org/10.1126/science.adk1633","2023","Engineering","Bimolecularly passivated interface enables efficient and stable inverted perovskite solar cells","out/html/53aeb3f413c819b56b5bc90577b3fdbcfabbaa74/index.html","","out/md/53aeb3f413c819b56b5bc90577b3fdbcfabbaa74.md","out/reviews/53aeb3f413c819b56b5bc90577b3fdbcfabbaa74.review.json","14","textflow_ok","True","33358","37037","0","0"
"53e8d5b300c9950e35b3cad33fa7fec76286ad2a","https://openalex.org/W2572501381","https://doi.org/10.1038/nature21048","2017","Environmental Science","Age, extent and carbon storage of the central Congo Basin peatland complex","out/html/53e8d5b300c9950e35b3cad33fa7fec76286ad2a/index.html","","out/md/53e8d5b300c9950e35b3cad33fa7fec76286ad2a.md","out/reviews/53e8d5b300c9950e35b3cad33fa7fec76286ad2a.review.json","16","textflow_ok","True","29466","33417","0","0"
"5474232b90ec512d77b8f9a28e8565fa6f566489","https://openalex.org/W2765831433","https://doi.org/10.1126/science.aan8871","2017","Neuroscience","What is consciousness, and could machines have it?","out/html/5474232b90ec512d77b8f9a28e8565fa6f566489/index.html","","out/md/5474232b90ec512d77b8f9a28e8565fa6f566489.md","out/reviews/5474232b90ec512d77b8f9a28e8565fa6f566489.review.json","9","textflow_ok","True","61884","65762","0","0"
"5504015bf09aa90ce0c4f98ab6c162af2532d066","https://openalex.org/W4224244958","https://doi.org/10.1021/jacs.1c12764","2022","Engineering","Co-Solvent Electrolyte Engineering for Stable Anode-Free Zinc Metal Batteries","out/html/5504015bf09aa90ce0c4f98ab6c162af2532d066/index.html","","out/md/5504015bf09aa90ce0c4f98ab6c162af2532d066.md","out/reviews/5504015bf09aa90ce0c4f98ab6c162af2532d066.review.json","11","textflow_ok","True","54966","58553","0","0"
"55224ceca02509fcec80fdcb0cefd6db9620554f","https://openalex.org/W2904422658","https://doi.org/10.1038/s42256-018-0004-1","2018","Computer Science","The need for uncertainty quantification in machine-assisted medical decision making","out/html/55224ceca02509fcec80fdcb0cefd6db9620554f/index.html","","out/md/55224ceca02509fcec80fdcb0cefd6db9620554f.md","out/reviews/55224ceca02509fcec80fdcb0cefd6db9620554f.review.json","7","textflow_ok","True","25093","27499","0","0"
"5585f6801658cfae92afd840843b45d49d746c41","https://openalex.org/W2581066391","https://doi.org/10.1021/jacs.6b12598","2017","Engineering","Low-Cost High-Energy Potassium Cathode","out/html/5585f6801658cfae92afd840843b45d49d746c41/index.html","","out/md/5585f6801658cfae92afd840843b45d49d746c41.md","out/reviews/5585f6801658cfae92afd840843b45d49d746c41.review.json","6","textflow_ok","True","16451","18923","0","0"
"55ba39d8f6d06c2f8b7e47a77e5c92471ea765d6","https://openalex.org/W4213138979","https://doi.org/10.1038/s41587-021-01195-w","2022","Biochemistry, Genetics and Molecular Biology","Carbon-negative production of acetone and isopropanol by gas fermentation at industrial pilot scale","out/html/55ba39d8f6d06c2f8b7e47a77e5c92471ea765d6/index.html","","out/md/55ba39d8f6d06c2f8b7e47a77e5c92471ea765d6.md","out/reviews/55ba39d8f6d06c2f8b7e47a77e5c92471ea765d6.review.json","14","textflow_ok","True","68872","72175","0","0"
"561c9a793bf78990c3ab0a2eb7b8f1b418eb56d7","https://openalex.org/W2608790738","https://doi.org/10.1021/acsnano.7b03186","2017","Materials Science","Janus Monolayer Transition-Metal Dichalcogenides","out/html/561c9a793bf78990c3ab0a2eb7b8f1b418eb56d7/index.html","out/html_ocr/561c9a793bf78990c3ab0a2eb7b8f1b418eb56d7/index.html","out/md/561c9a793bf78990c3ab0a2eb7b8f1b418eb56d7.md","out/reviews/561c9a793bf78990c3ab0a2eb7b8f1b418eb56d7.review.json","22","textflow_ok","True","32628","36866","0","0"
"562227596917384b60de22d2f0713f216a63fa0e","https://openalex.org/W2568836777","https://doi.org/10.1038/ngeo2869","2017","Earth and Planetary Sciences","Relative contribution of monsoon precipitation and pumping to changes in groundwater storage in India","out/html/562227596917384b60de22d2f0713f216a63fa0e/index.html","","out/md/562227596917384b60de22d2f0713f216a63fa0e.md","out/reviews/562227596917384b60de22d2f0713f216a63fa0e.review.json","11","textflow_ok","True","49700","57560","0","0"
"564e0b876751a2fb1e2031a881fd790546c64e75","https://openalex.org/W2156301562","https://doi.org/10.1111/gcb.12865","2015","Environmental Science","The Contribution of Agriculture, Forestry and other Land Use activities to Global Warming, 1990–2012","out/html/564e0b876751a2fb1e2031a881fd790546c64e75/index.html","","out/md/564e0b876751a2fb1e2031a881fd790546c64e75.md","out/reviews/564e0b876751a2fb1e2031a881fd790546c64e75.review.json","26","textflow_ok","True","34767","40569","0","0"
"56f4a362ef9b625a072e1c76387cc03e3265611e","https://openalex.org/W2884793593","https://doi.org/10.1038/s41586-018-0347-0","2018","Engineering","Niobium tungsten oxides for high-rate lithium-ion energy storage","out/html/56f4a362ef9b625a072e1c76387cc03e3265611e/index.html","out/html_ocr/56f4a362ef9b625a072e1c76387cc03e3265611e/index.html","out/md/56f4a362ef9b625a072e1c76387cc03e3265611e.md","out/reviews/56f4a362ef9b625a072e1c76387cc03e3265611e.review.json","19","textflow_ok","True","40363","44998","0","0"
"5746f1125594791142669caf8cfeaf1407b9f7a7","https://openalex.org/W2558659093","https://doi.org/10.1021/jacs.6b05940","2016","Materials Science","All The Catalytic Active Sites of MoS 2 for Hydrogen Evolution","out/html/5746f1125594791142669caf8cfeaf1407b9f7a7/index.html","out/html_ocr/5746f1125594791142669caf8cfeaf1407b9f7a7/index.html","out/md/5746f1125594791142669caf8cfeaf1407b9f7a7.md","out/reviews/5746f1125594791142669caf8cfeaf1407b9f7a7.review.json","17","textflow_ok","True","40791","44447","0","0"
"5748b398c6d5a56023b33692101be5397a4256b1","https://openalex.org/W2557055507","https://doi.org/10.1109/mcs.2016.2602087","2016","Engineering","Stochastic Model Predictive Control: An Overview and Perspectives for Future Research","out/html/5748b398c6d5a56023b33692101be5397a4256b1/index.html","out/html_ocr/5748b398c6d5a56023b33692101be5397a4256b1/index.html","out/md/5748b398c6d5a56023b33692101be5397a4256b1.md","out/reviews/5748b398c6d5a56023b33692101be5397a4256b1.review.json","16","textflow_ok","True","87899","92902","0","0"
"577d00620d7f6efdb7f13e6415cdd6a5bd5753ba","https://openalex.org/W2995918333","https://doi.org/10.1126/science.aay8224","2019","Chemistry","Redox reactions of small organic molecules using ball milling and piezoelectric materials","out/html/577d00620d7f6efdb7f13e6415cdd6a5bd5753ba/index.html","","out/md/577d00620d7f6efdb7f13e6415cdd6a5bd5753ba.md","out/reviews/577d00620d7f6efdb7f13e6415cdd6a5bd5753ba.review.json","13","textflow_ok","True","25582","29325","0","0"
"57e5ddf0cfcf8512d36acfd638a8a4124d7936c3","https://openalex.org/W2599135875","https://doi.org/10.1038/nature21708","2017","Environmental Science","Capacity shortfalls hinder the performance of marine protected areas globally","out/html/57e5ddf0cfcf8512d36acfd638a8a4124d7936c3/index.html","out/html_ocr/57e5ddf0cfcf8512d36acfd638a8a4124d7936c3/index.html","out/md/57e5ddf0cfcf8512d36acfd638a8a4124d7936c3.md","out/reviews/57e5ddf0cfcf8512d36acfd638a8a4124d7936c3.review.json","26","textflow_ok","True","52729","58354","0","0"
"58051c3803d636a8b54f8e2c880bfe8f2cccdf33","https://openalex.org/W2898936282","https://doi.org/10.1038/s41565-018-0284-y","2018","Engineering","In situ quantification of interphasial chemistry in Li-ion battery","out/html/58051c3803d636a8b54f8e2c880bfe8f2cccdf33/index.html","","out/md/58051c3803d636a8b54f8e2c880bfe8f2cccdf33.md","out/reviews/58051c3803d636a8b54f8e2c880bfe8f2cccdf33.review.json","21","textflow_ok","True","37620","41783","0","0"
"58b9eb71ef13c85f8545cb63e0bb97c44b208efe","https://openalex.org/W4211124276","https://doi.org/10.1002/anie.201800907","2018","Engineering","Soft Robotics","out/html/58b9eb71ef13c85f8545cb63e0bb97c44b208efe/index.html","out/html_ocr/58b9eb71ef13c85f8545cb63e0bb97c44b208efe/index.html","out/md/58b9eb71ef13c85f8545cb63e0bb97c44b208efe.md","out/reviews/58b9eb71ef13c85f8545cb63e0bb97c44b208efe.review.json","28","textflow_ok","True","78672","83890","0","0"
"58e1441206e2580dffc9afce6e7547099821db28","https://openalex.org/W3007475430","https://doi.org/10.1038/s41563-020-0610-2","2020","Energy","Molecular enhancement of heterogeneous CO2 reduction","out/html/58e1441206e2580dffc9afce6e7547099821db28/index.html","out/html_ocr/58e1441206e2580dffc9afce6e7547099821db28/index.html","out/md/58e1441206e2580dffc9afce6e7547099821db28.md","out/reviews/58e1441206e2580dffc9afce6e7547099821db28.review.json","33","textflow_ok","True","54825","64387","0","0"
"58e3985f1b4d339532c36d0f233badad7d7a588a","https://openalex.org/W2613314665","https://doi.org/10.1137/15m1054924","2017","Engineering","Higher Order Dynamic Mode Decomposition","out/html/58e3985f1b4d339532c36d0f233badad7d7a588a/index.html","","out/md/58e3985f1b4d339532c36d0f233badad7d7a588a.md","out/reviews/58e3985f1b4d339532c36d0f233badad7d7a588a.review.json","45","textflow_ok","True","128808","141666","0","0"
"5983b560841438501c6f660aebaed0afc4ac1dfd","https://openalex.org/W2470926071","https://doi.org/10.1038/nature18273","2016","Environmental Science","Evidence for climate change in the satellite cloud record","out/html/5983b560841438501c6f660aebaed0afc4ac1dfd/index.html","","out/md/5983b560841438501c6f660aebaed0afc4ac1dfd.md","out/reviews/5983b560841438501c6f660aebaed0afc4ac1dfd.review.json","35","textflow_ok","True","50605","57121","0","0"
"5a3f416e0381e29ea73c09a26827fb38251cbede","https://openalex.org/W1983491960","https://doi.org/10.1016/j.pmatsci.2015.02.003","2015","Engineering","Recent advances in fiber/matrix interphase engineering for polymer composites","out/html/5a3f416e0381e29ea73c09a26827fb38251cbede/index.html","","out/md/5a3f416e0381e29ea73c09a26827fb38251cbede.md","out/reviews/5a3f416e0381e29ea73c09a26827fb38251cbede.review.json","59","textflow_ok","True","137306","149396","0","0"
"5b8adeabb5f1ded83875e0c001b0bcbf8649484c","https://openalex.org/W2606017501","https://doi.org/10.1002/adma.201606800","2017","Energy","Cations in Octahedral Sites: A Descriptor for Oxygen Electrocatalysis on Transition‐Metal Spinels","out/html/5b8adeabb5f1ded83875e0c001b0bcbf8649484c/index.html","out/html_ocr/5b8adeabb5f1ded83875e0c001b0bcbf8649484c/index.html","out/md/5b8adeabb5f1ded83875e0c001b0bcbf8649484c.md","out/reviews/5b8adeabb5f1ded83875e0c001b0bcbf8649484c.review.json","27","textflow_ok","True","39048","44252","0","0"
"5bdb0ab76063008e2d282f71d2b34d3cba737e81","https://openalex.org/W3022979298","https://doi.org/10.1126/science.aav8215","2019","Environmental Science","Nitrogen in the environment","out/html/5bdb0ab76063008e2d282f71d2b34d3cba737e81/index.html","","out/md/5bdb0ab76063008e2d282f71d2b34d3cba737e81.md","out/reviews/5bdb0ab76063008e2d282f71d2b34d3cba737e81.review.json","5","textflow_ok","True","10419","12586","0","0"
"5c4c2fbd6193e72773cb5e53a7e346350fc9ac36","https://openalex.org/W2340047248","https://doi.org/10.1016/j.jhazmat.2016.04.045","2016","Environmental Science","Progress in the biological and chemical treatment technologies for emerging contaminant removal from wastewater: A critical review","out/html/5c4c2fbd6193e72773cb5e53a7e346350fc9ac36/index.html","out/html_ocr/5c4c2fbd6193e72773cb5e53a7e346350fc9ac36/index.html","out/md/5c4c2fbd6193e72773cb5e53a7e346350fc9ac36.md","out/reviews/5c4c2fbd6193e72773cb5e53a7e346350fc9ac36.review.json","63","textflow_ok","True","119535","128384","0","0"
"5c7e1d25a12c1f3976a6d437e7eb2bf5c15a3082","https://openalex.org/W2945416817","https://doi.org/10.1126/science.aaw5145","2019","Chemistry","Chloride capture using a C–H hydrogen-bonding cage","out/html/5c7e1d25a12c1f3976a6d437e7eb2bf5c15a3082/index.html","","out/md/5c7e1d25a12c1f3976a6d437e7eb2bf5c15a3082.md","out/reviews/5c7e1d25a12c1f3976a6d437e7eb2bf5c15a3082.review.json","9","textflow_ok","True","30124","33520","0","0"
"5c91d3cd1d9e6a8ffa759a29641b02a934a8fbdc","https://openalex.org/W2090946717","https://doi.org/10.1016/j.buildenv.2015.03.013","2015","Engineering","A review of the corrective power of personal comfort systems in non-neutral ambient environments","out/html/5c91d3cd1d9e6a8ffa759a29641b02a934a8fbdc/index.html","","","","51","textflow_ok","True","94784","119172","0","0"
"5cbd9d401db52cbc90a21a1f20776db4ee9d05b0","https://openalex.org/W2495097577","https://doi.org/10.1021/acsnano.6b03863","2016","Engineering","Insight into the Ligand-Mediated Synthesis of Colloidal CsPbBr 3 Perovskite Nanocrystals: The Role of Organic Acid, Base, and Cesium Precursors","out/html/5cbd9d401db52cbc90a21a1f20776db4ee9d05b0/index.html","out/html_ocr/5cbd9d401db52cbc90a21a1f20776db4ee9d05b0/index.html","out/md/5cbd9d401db52cbc90a21a1f20776db4ee9d05b0.md","out/reviews/5cbd9d401db52cbc90a21a1f20776db4ee9d05b0.review.json","13","textflow_ok","True","53153","57344","0","0"
"5ceba5f3cc1593dc46356598d6f1fba6b2c90cf3","https://openalex.org/W3194048913","https://doi.org/10.1038/s41591-021-01456-w","2021","Neuroscience","Microglial activation and tau propagate jointly across Braak stages","out/html/5ceba5f3cc1593dc46356598d6f1fba6b2c90cf3/index.html","","out/md/5ceba5f3cc1593dc46356598d6f1fba6b2c90cf3.md","out/reviews/5ceba5f3cc1593dc46356598d6f1fba6b2c90cf3.review.json","22","textflow_ok","True","41344","46827","0","0"
"5d5ff29f1aa6812a21f2b8e2ae1abd0d38e92134","https://openalex.org/W2989693584","https://doi.org/10.1038/s41586-019-1782-2","2019","Energy","Molecular tuning of CO2-to-ethylene conversion","out/html/5d5ff29f1aa6812a21f2b8e2ae1abd0d38e92134/index.html","out/html_ocr/5d5ff29f1aa6812a21f2b8e2ae1abd0d38e92134/index.html","out/md/5d5ff29f1aa6812a21f2b8e2ae1abd0d38e92134.md","out/reviews/5d5ff29f1aa6812a21f2b8e2ae1abd0d38e92134.review.json","19","textflow_ok","True","26967","32351","0","0"
"5d75d8dcf196b39fff1fd277dac9bc706d5330b3","https://openalex.org/W2559458927","https://doi.org/10.1021/acscatal.6b02754","2016","Materials Science","2D MXenes: A New Family of Promising Catalysts for the Hydrogen Evolution Reaction","out/html/5d75d8dcf196b39fff1fd277dac9bc706d5330b3/index.html","out/html_ocr/5d75d8dcf196b39fff1fd277dac9bc706d5330b3/index.html","out/md/5d75d8dcf196b39fff1fd277dac9bc706d5330b3.md","out/reviews/5d75d8dcf196b39fff1fd277dac9bc706d5330b3.review.json","18","textflow_ok","True","30240","35263","0","0"
"5eb8f3a38425e2b6edbebbbe94803bd404cdf1dd","https://openalex.org/W2310703973","https://doi.org/10.1126/science.aad3000","2016","Materials Science","Reproducibility in density functional theory calculations of solids","out/html/5eb8f3a38425e2b6edbebbbe94803bd404cdf1dd/index.html","out/html_ocr/5eb8f3a38425e2b6edbebbbe94803bd404cdf1dd/index.html","out/md/5eb8f3a38425e2b6edbebbbe94803bd404cdf1dd.md","out/reviews/5eb8f3a38425e2b6edbebbbe94803bd404cdf1dd.review.json","29","textflow_ok","True","51299","55830","0","0"
"5ed964de39f9a90d22c5268ade2f6c2171f829b2","https://openalex.org/W2883445762","https://doi.org/10.1038/s41586-018-0361-2","2018","Physics and Astronomy","Machine learning at the energy and intensity frontiers of particle physics","out/html/5ed964de39f9a90d22c5268ade2f6c2171f829b2/index.html","","out/md/5ed964de39f9a90d22c5268ade2f6c2171f829b2.md","out/reviews/5ed964de39f9a90d22c5268ade2f6c2171f829b2.review.json","8","textflow_ok","True","58388","61957","0","0"
"5f0b9bca05631268611572900d74cce2f2a988a4","https://openalex.org/W1998751443","https://doi.org/10.1002/anie.201410744","2015","Engineering","Organic Synthesis: March of the Machines","out/html/5f0b9bca05631268611572900d74cce2f2a988a4/index.html","","out/md/5f0b9bca05631268611572900d74cce2f2a988a4.md","out/reviews/5f0b9bca05631268611572900d74cce2f2a988a4.review.json","17","textflow_ok","True","64873","70644","0","0"
"5f77e008f618fa073bdc949e139ecae3a44b3d50","https://openalex.org/W2767493122","https://doi.org/10.1002/adma.201703737","2017","Engineering","Perovskite Solar Cells with ZnO Electron‐Transporting Materials","out/html/5f77e008f618fa073bdc949e139ecae3a44b3d50/index.html","","out/md/5f77e008f618fa073bdc949e139ecae3a44b3d50.md","out/reviews/5f77e008f618fa073bdc949e139ecae3a44b3d50.review.json","62","textflow_ok","True","109476","122156","0","0"
"60862af9e0f6c777ef5fb09347487a40ac222138","https://openalex.org/W2582903515","https://doi.org/10.1111/acps.12698","2017","Neuroscience","Peripheral cytokine and chemokine alterations in depression: a meta‐analysis of 82 studies","out/html/60862af9e0f6c777ef5fb09347487a40ac222138/index.html","out/html_ocr/60862af9e0f6c777ef5fb09347487a40ac222138/index.html","out/md/60862af9e0f6c777ef5fb09347487a40ac222138.md","out/reviews/60862af9e0f6c777ef5fb09347487a40ac222138.review.json","34","textflow_ok","True","56480","61849","0","0"
"60c82dbdde97cb21f923a615340a039417d32caf","https://openalex.org/W2990889969","https://doi.org/10.1038/s41590-019-0479-x","2019","Immunology and Microbiology","Flip the coin: IL-7 and IL-7R in health and disease","out/html/60c82dbdde97cb21f923a615340a039417d32caf/index.html","","","","36","textflow_ok","True","64829","71177","0","0"
"60d3e5c4f53dba791ac4fbafc833631b4fcb5db8","https://openalex.org/W2784008656","https://doi.org/10.1038/nature25450","2018","Environmental Science","Emergent constraint on equilibrium climate sensitivity from global temperature variability","out/html/60d3e5c4f53dba791ac4fbafc833631b4fcb5db8/index.html","","out/md/60d3e5c4f53dba791ac4fbafc833631b4fcb5db8.md","out/reviews/60d3e5c4f53dba791ac4fbafc833631b4fcb5db8.review.json","16","textflow_ok","True","28721","33555","0","0"
"60e7b78bc3608d89ffd7512980dac5e0c7e6fb16","https://openalex.org/W2500231039","https://doi.org/10.1039/c6cp03784d","2016","Energy","Probing non-covalent interactions with a second generation energy decomposition analysis using absolutely localized molecular orbitals","out/html/60e7b78bc3608d89ffd7512980dac5e0c7e6fb16/index.html","","","","16","textflow_ok","True","65910","70736","0","0"
"6101ffce61bfdc44ba508e8e56a172d0e1ebaa1e","https://openalex.org/W2791443927","https://doi.org/10.1038/s41928-018-0043-y","2018","Engineering","Wearable sweat sensors","out/html/6101ffce61bfdc44ba508e8e56a172d0e1ebaa1e/index.html","out/html_ocr/6101ffce61bfdc44ba508e8e56a172d0e1ebaa1e/index.html","out/md/6101ffce61bfdc44ba508e8e56a172d0e1ebaa1e.md","out/reviews/6101ffce61bfdc44ba508e8e56a172d0e1ebaa1e.review.json","57","textflow_ok","True","80078","90767","0","0"
"61ce8878ee88f5d8a1553fa37e13dc479c2b9efe","https://openalex.org/W2740748703","https://doi.org/10.1038/nenergy.2017.125","2017","Energy","Energy storage deployment and innovation for the clean energy transition","out/html/61ce8878ee88f5d8a1553fa37e13dc479c2b9efe/index.html","out/html_ocr/61ce8878ee88f5d8a1553fa37e13dc479c2b9efe/index.html","out/md/61ce8878ee88f5d8a1553fa37e13dc479c2b9efe.md","out/reviews/61ce8878ee88f5d8a1553fa37e13dc479c2b9efe.review.json","7","textflow_ok","True","44749","49269","0","0"
"623069532857c28ec5bb674dab8bc4315bde2632","https://openalex.org/W4319592083","https://doi.org/10.1038/s41586-022-05540-0","2023","Energy","Operando studies reveal active Cu nanograins for CO2 electroreduction","out/html/623069532857c28ec5bb674dab8bc4315bde2632/index.html","","out/md/623069532857c28ec5bb674dab8bc4315bde2632.md","out/reviews/623069532857c28ec5bb674dab8bc4315bde2632.review.json","20","textflow_ok","True","50930","54687","0","0"
"623560ee54a94478bc47828250675f36b9eb82cc","https://openalex.org/W2945994085","https://doi.org/10.1039/c9ta03220g","2019","Energy","Recent advances in transition metal-based electrocatalysts for alkaline hydrogen evolution","out/html/623560ee54a94478bc47828250675f36b9eb82cc/index.html","","out/md/623560ee54a94478bc47828250675f36b9eb82cc.md","out/reviews/623560ee54a94478bc47828250675f36b9eb82cc.review.json","80","textflow_ok","True","166513","183775","0","0"
"627454d5be0b521d031a5935b5ec635c0808cd10","https://openalex.org/W4205954867","https://doi.org/10.1002/adma.202001537","2020","Materials Science","Weighted Mobility","out/html/627454d5be0b521d031a5935b5ec635c0808cd10/index.html","out/html_ocr/627454d5be0b521d031a5935b5ec635c0808cd10/index.html","out/md/627454d5be0b521d031a5935b5ec635c0808cd10.md","out/reviews/627454d5be0b521d031a5935b5ec635c0808cd10.review.json","9","textflow_ok","True","26422","30096","0","0"
"627c24e74872a4c9cf1fa8fa69206faa312fc4d9","https://openalex.org/W4293584584","https://doi.org/10.4230/oasics.ng-res.2024.2","2024","Computer Science","A Multi-Modal Distributed Real-Time IoT System for Urban Traffic Control (Invited Paper)","out/html/627c24e74872a4c9cf1fa8fa69206faa312fc4d9/index.html","out/html_ocr/627c24e74872a4c9cf1fa8fa69206faa312fc4d9/index.html","out/md/627c24e74872a4c9cf1fa8fa69206faa312fc4d9.md","out/reviews/627c24e74872a4c9cf1fa8fa69206faa312fc4d9.review.json","10","textflow_ok","True","26864","30293","0","0"
"62b97ab29c6fd62ccd40ba285a527d3b118ec292","https://openalex.org/W2156936307","https://doi.org/10.1109/tip.2015.2446191","2015","Computer Science","A Fast Single Image Haze Removal Algorithm Using Color Attenuation Prior","out/html/62b97ab29c6fd62ccd40ba285a527d3b118ec292/index.html","out/html_ocr/62b97ab29c6fd62ccd40ba285a527d3b118ec292/index.html","out/md/62b97ab29c6fd62ccd40ba285a527d3b118ec292.md","out/reviews/62b97ab29c6fd62ccd40ba285a527d3b118ec292.review.json","12","textflow_ok","True","54610","59075","0","0"
"6369bd673b0f260a53ff2868fc741a4f7dad9450","https://openalex.org/W2063197949","https://doi.org/10.1038/nphoton.2014.321","2015","Engineering","Lasing in direct-bandgap GeSn alloy grown on Si","out/html/6369bd673b0f260a53ff2868fc741a4f7dad9450/index.html","out/html_ocr/6369bd673b0f260a53ff2868fc741a4f7dad9450/index.html","out/md/6369bd673b0f260a53ff2868fc741a4f7dad9450.md","out/reviews/6369bd673b0f260a53ff2868fc741a4f7dad9450.review.json","22","textflow_ok","True","31317","38185","0","0"
"63977a291814106939013fddec14de5a28dfd748","https://openalex.org/W2557062329","https://doi.org/10.1038/nphys3946","2016","Materials Science","High-harmonic generation from an atomically thin semiconductor","out/html/63977a291814106939013fddec14de5a28dfd748/index.html","","out/md/63977a291814106939013fddec14de5a28dfd748.md","out/reviews/63977a291814106939013fddec14de5a28dfd748.review.json","18","textflow_ok","True","28211","33116","0","0"
"63bd0c80b8a734a6ce76e1a842ef9956ba953af4","https://openalex.org/W2909025469","https://doi.org/10.1021/acs.accounts.8b00550","2019","Chemistry","NHC-Catalyzed Generation of α,β-Unsaturated Acylazoliums for the Enantioselective Synthesis of Heterocycles and Carbocycles","out/html/63bd0c80b8a734a6ce76e1a842ef9956ba953af4/index.html","","out/md/63bd0c80b8a734a6ce76e1a842ef9956ba953af4.md","out/reviews/63bd0c80b8a734a6ce76e1a842ef9956ba953af4.review.json","70","textflow_ok","True","76743","90698","0","0"
"63d3fed7a268374c4075ca7501c4ef6d6bb7da15","https://openalex.org/W2921893165","https://doi.org/10.1038/s41561-019-0322-x","2019","Earth and Planetary Sciences","Worldwide alteration of lake mixing regimes in response to climate change","out/html/63d3fed7a268374c4075ca7501c4ef6d6bb7da15/index.html","","out/md/63d3fed7a268374c4075ca7501c4ef6d6bb7da15.md","out/reviews/63d3fed7a268374c4075ca7501c4ef6d6bb7da15.review.json","30","textflow_ok","True","59429","66368","0","0"
"6426f84fb7ed80720ec6c6a7882e6b2985c5cb8b","https://openalex.org/W2891372519","https://doi.org/10.1002/aenm.201802139","2018","Engineering","Engineering Stress in Perovskite Solar Cells to Improve Stability","out/html/6426f84fb7ed80720ec6c6a7882e6b2985c5cb8b/index.html","","out/md/6426f84fb7ed80720ec6c6a7882e6b2985c5cb8b.md","out/reviews/6426f84fb7ed80720ec6c6a7882e6b2985c5cb8b.review.json","20","textflow_ok","True","36707","41553","0","0"
"64285a95c62c1f8f5dd27e1528e9278cbec3a1c1","https://openalex.org/W3004862826","https://doi.org/10.1016/j.enpol.2020.111300","2020","Energy","Green hydrogen characterisation initiatives: Definitions, standards, guarantees of origin, and challenges","out/html/64285a95c62c1f8f5dd27e1528e9278cbec3a1c1/index.html","","out/md/64285a95c62c1f8f5dd27e1528e9278cbec3a1c1.md","out/reviews/64285a95c62c1f8f5dd27e1528e9278cbec3a1c1.review.json","54","textflow_ok","True","78553","89649","0","0"
"64ad6fa375d27aae86b2c7461e1d48436225697b","https://openalex.org/W3033607892","https://doi.org/10.1063/5.0004837","2020","Physics and Astronomy","Coupled-cluster techniques for computational chemistry: The CFOUR program package","out/html/64ad6fa375d27aae86b2c7461e1d48436225697b/index.html","","out/md/64ad6fa375d27aae86b2c7461e1d48436225697b.md","out/reviews/64ad6fa375d27aae86b2c7461e1d48436225697b.review.json","35","textflow_ok","True","218319","229568","0","0"
"64de1cec9a48b42b03c9412c57afb58b98f55d06","https://openalex.org/W2727409292","https://doi.org/10.1038/s41477-017-0083-8","2017","Agricultural and Biological Sciences","Speed breeding is a powerful tool to accelerate crop research and breeding","out/html/64de1cec9a48b42b03c9412c57afb58b98f55d06/index.html","out/html_ocr/64de1cec9a48b42b03c9412c57afb58b98f55d06/index.html","out/md/64de1cec9a48b42b03c9412c57afb58b98f55d06.md","out/reviews/64de1cec9a48b42b03c9412c57afb58b98f55d06.review.json","17","textflow_ok","True","43463","47387","0","0"
"654fd29e5f7ac17f9df846f71196adff58420723","https://openalex.org/W1015675232","https://doi.org/10.1007/s00799-015-0156-0","2015","Computer Science","Research-paper recommender systems: a literature survey","out/html/654fd29e5f7ac17f9df846f71196adff58420723/index.html","out/html_ocr/654fd29e5f7ac17f9df846f71196adff58420723/index.html","out/md/654fd29e5f7ac17f9df846f71196adff58420723.md","out/reviews/654fd29e5f7ac17f9df846f71196adff58420723.review.json","34","textflow_ok","True","185057","197997","0","0"
"65589c235ce169a6ca89ab83851cccc3a80da1b1","https://openalex.org/W2552299751","https://doi.org/10.1002/adma.201604310","2016","Engineering","Li‐Ion Synaptic Transistor for Low Power Analog Computing","out/html/65589c235ce169a6ca89ab83851cccc3a80da1b1/index.html","","out/md/65589c235ce169a6ca89ab83851cccc3a80da1b1.md","out/reviews/65589c235ce169a6ca89ab83851cccc3a80da1b1.review.json","33","textflow_ok","True","63087","69861","0","0"
"65ba287a8416584c76980362793eaf18dff9fcde","https://openalex.org/W2977332479","https://doi.org/10.1038/s41560-019-0468-1","2019","Earth and Planetary Sciences","Substantial emission reductions from Chinese power plants after the introduction of ultra-low emissions standards","out/html/65ba287a8416584c76980362793eaf18dff9fcde/index.html","","out/md/65ba287a8416584c76980362793eaf18dff9fcde.md","out/reviews/65ba287a8416584c76980362793eaf18dff9fcde.review.json","28","textflow_ok","True","58915","63953","0","0"
"65d45ed3fc19ba4a5c47620ec41568f12692b676","https://openalex.org/W2524983888","https://doi.org/10.1038/nplants.2016.153","2016","Agricultural and Biological Sciences","Cotton plants export microRNAs to inhibit virulence gene expression in a fungal pathogen","out/html/65d45ed3fc19ba4a5c47620ec41568f12692b676/index.html","","out/md/65d45ed3fc19ba4a5c47620ec41568f12692b676.md","out/reviews/65d45ed3fc19ba4a5c47620ec41568f12692b676.review.json","7","textflow_ok","True","35529","40377","0","0"
"66069ac0220dfbf6c2d9f3892a7c325311bb69f4","https://openalex.org/W3085093239","https://doi.org/10.1080/02619768.2020.1821184","2020","Computer Science","COVID-19 and teacher education: a literature review of online teaching and learning practices","out/html/66069ac0220dfbf6c2d9f3892a7c325311bb69f4/index.html","out/html_ocr/66069ac0220dfbf6c2d9f3892a7c325311bb69f4/index.html","out/md/66069ac0220dfbf6c2d9f3892a7c325311bb69f4.md","out/reviews/66069ac0220dfbf6c2d9f3892a7c325311bb69f4.review.json","23","textflow_ok","True","78250","83767","0","0"
"6660accc87fb3729a3411cf0d9417383999149f8","https://openalex.org/W2053820372","https://doi.org/10.1016/j.apgeochem.2015.01.009","2015","Environmental Science","Geochemical and mineralogical aspects of sulfide mine tailings","out/html/6660accc87fb3729a3411cf0d9417383999149f8/index.html","","out/md/6660accc87fb3729a3411cf0d9417383999149f8.md","out/reviews/6660accc87fb3729a3411cf0d9417383999149f8.review.json","71","textflow_ok","True","138990","152586","0","0"
"66702ff1a0903bae740273793c82f0337b256aa4","https://openalex.org/W2784762259","https://doi.org/10.1002/adma.201704386","2018","Materials Science","Carbon‐Nanotube‐Based Thermoelectric Materials and Devices","out/html/66702ff1a0903bae740273793c82f0337b256aa4/index.html","","out/md/66702ff1a0903bae740273793c82f0337b256aa4.md","out/reviews/66702ff1a0903bae740273793c82f0337b256aa4.review.json","35","textflow_ok","True","173710","188067","0","0"
"6685d35225152d56a6d234e6f4e7159da89a3709","https://openalex.org/W2737628516","https://doi.org/10.1109/tsg.2017.2720471","2017","Engineering","A Survey of Distributed Optimization and Control Algorithms for Electric Power Systems","out/html/6685d35225152d56a6d234e6f4e7159da89a3709/index.html","out/html_ocr/6685d35225152d56a6d234e6f4e7159da89a3709/index.html","out/md/6685d35225152d56a6d234e6f4e7159da89a3709.md","out/reviews/6685d35225152d56a6d234e6f4e7159da89a3709.review.json","22","textflow_ok","True","148648","155647","0","0"
"66918ca1a39fb3dca35f846b5eff9c70d36e1062","https://openalex.org/W3049618663","https://doi.org/10.1016/j.addma.2020.101538","2020","Engineering","Machine learning in additive manufacturing: State-of-the-art and perspectives","out/html/66918ca1a39fb3dca35f846b5eff9c70d36e1062/index.html","","out/md/66918ca1a39fb3dca35f846b5eff9c70d36e1062.md","out/reviews/66918ca1a39fb3dca35f846b5eff9c70d36e1062.review.json","42","textflow_ok","True","99098","113124","0","0"
"66c056dc845f2eb1e2dfea7fd8bd38b0af381582","https://openalex.org/W2112686410","https://doi.org/10.1002/net.21628","2015","Engineering","Dynamic vehicle routing problems: Three decades and counting","out/html/66c056dc845f2eb1e2dfea7fd8bd38b0af381582/index.html","","out/md/66c056dc845f2eb1e2dfea7fd8bd38b0af381582.md","out/reviews/66c056dc845f2eb1e2dfea7fd8bd38b0af381582.review.json","48","textflow_ok","True","133596","154388","0","0"
"66d5d69b6866fd39b20555eb8f2363910ad0337b","https://openalex.org/W2119642490","https://doi.org/10.1038/nature14677","2015","Environmental Science","Reduced carbon emission estimates from fossil fuel combustion and cement production in China","out/html/66d5d69b6866fd39b20555eb8f2363910ad0337b/index.html","","out/md/66d5d69b6866fd39b20555eb8f2363910ad0337b.md","out/reviews/66d5d69b6866fd39b20555eb8f2363910ad0337b.review.json","23","textflow_ok","True","46436","53849","0","0"
"674497eb97d9f2308f74319de04dcbd575b638eb","https://openalex.org/W2436645641","https://doi.org/10.1021/jacs.6b02878","2016","Energy","A Molecular Surface Functionalization Approach to Tuning Nanoparticle Electrocatalysts for Carbon Dioxide Reduction","out/html/674497eb97d9f2308f74319de04dcbd575b638eb/index.html","","out/md/674497eb97d9f2308f74319de04dcbd575b638eb.md","out/reviews/674497eb97d9f2308f74319de04dcbd575b638eb.review.json","7","textflow_ok","True","33201","36411","0","0"
"676036add5e107cd6b1a31696f494cb49690cb57","https://openalex.org/W1601221684","https://doi.org/10.1111/1462-2920.12981","2015","Chemistry","Network succession reveals the importance of competition in response to emulsified vegetable oil amendment for uranium bioremediation","out/html/676036add5e107cd6b1a31696f494cb49690cb57/index.html","","out/md/676036add5e107cd6b1a31696f494cb49690cb57.md","out/reviews/676036add5e107cd6b1a31696f494cb49690cb57.review.json","59","textflow_ok","True","87743","100471","0","0"
"676c46a22e5b7fad7f872dfec0f7a434f3a100cc","https://openalex.org/W2976567048","https://doi.org/10.1038/s41586-019-1603-7","2019","Energy","PdMo bimetallene for oxygen reduction catalysis","out/html/676c46a22e5b7fad7f872dfec0f7a434f3a100cc/index.html","","out/md/676c46a22e5b7fad7f872dfec0f7a434f3a100cc.md","out/reviews/676c46a22e5b7fad7f872dfec0f7a434f3a100cc.review.json","21","textflow_ok","True","61436","67282","0","0"
"6871c1def0b877707ef16bb77634fdf5decddd09","https://openalex.org/W2936566509","https://doi.org/10.1038/s41561-019-0335-5","2019","Environmental Science","Atmospheric transport and deposition of microplastics in a remote mountain catchment","out/html/6871c1def0b877707ef16bb77634fdf5decddd09/index.html","out/html_ocr/6871c1def0b877707ef16bb77634fdf5decddd09/index.html","out/md/6871c1def0b877707ef16bb77634fdf5decddd09.md","out/reviews/6871c1def0b877707ef16bb77634fdf5decddd09.review.json","33","textflow_ok","True","56567","64940","0","0"
"6877c75280b348725d623a7762c59b96befdfecd","https://openalex.org/W2572468047","https://doi.org/10.1021/acs.jpclett.6b02800","2017","Engineering","High Defect Tolerance in Lead Halide Perovskite CsPbBr 3","out/html/6877c75280b348725d623a7762c59b96befdfecd/index.html","","out/md/6877c75280b348725d623a7762c59b96befdfecd.md","out/reviews/6877c75280b348725d623a7762c59b96befdfecd.review.json","18","textflow_ok","True","35728","41303","0","0"
"687a79b1033e1a75ec439f563e9e032d7caf9d5f","https://openalex.org/W3108348094","https://doi.org/10.1002/aenm.202002887","2020","Energy","High‐Entropy Metal Sulfide Nanoparticles Promise High‐Performance Oxygen Evolution Reaction","out/html/687a79b1033e1a75ec439f563e9e032d7caf9d5f/index.html","","out/md/687a79b1033e1a75ec439f563e9e032d7caf9d5f.md","out/reviews/687a79b1033e1a75ec439f563e9e032d7caf9d5f.review.json","23","textflow_ok","True","33102","37349","0","0"
"68b2e068fad555a5ddb86762bd988147b7ed03da","https://openalex.org/W2170331782","https://doi.org/10.1002/adma.201503298","2015","Engineering","A Low‐Temperature, Solution‐Processable, Cu‐Doped Nickel Oxide Hole‐Transporting Layer via the Combustion Method for High‐Performance Thin‐Film Perovskite Solar Cells","out/html/68b2e068fad555a5ddb86762bd988147b7ed03da/index.html","","out/md/68b2e068fad555a5ddb86762bd988147b7ed03da.md","out/reviews/68b2e068fad555a5ddb86762bd988147b7ed03da.review.json","7","textflow_ok","True","35419","38576","0","0"
"68ba17cb5cc1351c2c1c0c01cb1a7e788c39ed8e","https://openalex.org/W2781926103","https://doi.org/10.1016/j.techfore.2017.09.022","2017","Computer Science","Enhancing ICT for environmental sustainability in sub-Saharan Africa","out/html/68ba17cb5cc1351c2c1c0c01cb1a7e788c39ed8e/index.html","","out/md/68ba17cb5cc1351c2c1c0c01cb1a7e788c39ed8e.md","out/reviews/68ba17cb5cc1351c2c1c0c01cb1a7e788c39ed8e.review.json","9","textflow_ok","True","13870","16596","0","0"
"692091a79827e05096c19df481f929be69a631e4","https://openalex.org/W4377013814","https://doi.org/10.1126/science.abo2812","2023","Environmental Science","Satellites reveal widespread decline in global lake water storage","out/html/692091a79827e05096c19df481f929be69a631e4/index.html","","out/md/692091a79827e05096c19df481f929be69a631e4.md","out/reviews/692091a79827e05096c19df481f929be69a631e4.review.json","8","textflow_ok","True","41579","45359","0","0"
"694eb343d01873a3505bbbab34ff081026c065a9","https://openalex.org/W2607136061","https://doi.org/10.1016/j.cryobiol.2017.04.004","2017","Agricultural and Biological Sciences","Cryoprotectants: A review of the actions and applications of cryoprotective solutes that modulate cell recovery from ultra-low temperatures","out/html/694eb343d01873a3505bbbab34ff081026c065a9/index.html","","out/md/694eb343d01873a3505bbbab34ff081026c065a9.md","out/reviews/694eb343d01873a3505bbbab34ff081026c065a9.review.json","78","textflow_ok","True","146357","157802","0","0"
"6a2e534d39f110e2c1d571ddb2142d0b88df1cc8","https://openalex.org/W1971414972","https://doi.org/10.1016/j.apenergy.2015.03.017","2015","Engineering","Optimization problems in natural gas transportation systems: A state-of-the-art review","out/html/6a2e534d39f110e2c1d571ddb2142d0b88df1cc8/index.html","","out/md/6a2e534d39f110e2c1d571ddb2142d0b88df1cc8.md","out/reviews/6a2e534d39f110e2c1d571ddb2142d0b88df1cc8.review.json","51","textflow_ok","True","139673","148792","0","0"
"6a3da258e7d9af84e5a169f7f910284d2832a6e6","https://openalex.org/W2795339847","https://doi.org/10.1002/adma.201705479","2018","Materials Science","Covalent Organic Frameworks as a Decorating Platform for Utilization and Affinity Enhancement of Chelating Sites for Radionuclide Sequestration","out/html/6a3da258e7d9af84e5a169f7f910284d2832a6e6/index.html","","out/md/6a3da258e7d9af84e5a169f7f910284d2832a6e6.md","out/reviews/6a3da258e7d9af84e5a169f7f910284d2832a6e6.review.json","9","textflow_ok","True","44928","48042","0","0"
"6a89dd8b31fcaf00de6717de2a546d56c30a3b6a","https://openalex.org/W3207246534","https://doi.org/10.1038/s41560-021-00917-3","2021","Engineering","Pressure-tailored lithium deposition and dissolution in lithium metal batteries","out/html/6a89dd8b31fcaf00de6717de2a546d56c30a3b6a/index.html","","out/md/6a89dd8b31fcaf00de6717de2a546d56c30a3b6a.md","out/reviews/6a89dd8b31fcaf00de6717de2a546d56c30a3b6a.review.json","12","textflow_ok","True","31723","36088","0","0"
"6b5ac63fade73ce3e785e814cebce8f83f2da679","https://openalex.org/W2560782406","https://doi.org/10.1126/science.aai8034","2016","Earth and Planetary Sciences","Active sites in heterogeneous ice nucleation—the example of K-rich feldspars","out/html/6b5ac63fade73ce3e785e814cebce8f83f2da679/index.html","","out/md/6b5ac63fade73ce3e785e814cebce8f83f2da679.md","out/reviews/6b5ac63fade73ce3e785e814cebce8f83f2da679.review.json","33","textflow_ok","True","35166","41132","0","0"
"6c93b9b52926f9d5faf77e71f998c287cdce053e","https://openalex.org/W2996755838","https://doi.org/10.1038/s41929-019-0397-1","2019","Energy","Catalyst synthesis under CO2 electroreduction favours faceting and promotes renewable fuels electrosynthesis","out/html/6c93b9b52926f9d5faf77e71f998c287cdce053e/index.html","","out/md/6c93b9b52926f9d5faf77e71f998c287cdce053e.md","out/reviews/6c93b9b52926f9d5faf77e71f998c287cdce053e.review.json","34","textflow_ok","True","56566","64652","0","0"
"6cefe885dba06638fa94667a75c329f923b6b53e","https://openalex.org/W2561294066","https://doi.org/10.1016/j.clnu.2016.12.027","2017","Biochemistry, Genetics and Molecular Biology","ESPEN guideline: Clinical nutrition in inflammatory bowel disease","out/html/6cefe885dba06638fa94667a75c329f923b6b53e/index.html","","out/md/6cefe885dba06638fa94667a75c329f923b6b53e.md","out/reviews/6cefe885dba06638fa94667a75c329f923b6b53e.review.json","146","textflow_ok","True","355739","384598","0","0"
"6d86c90451282751521894d3a4b4148c64d731dc","https://openalex.org/W2317865868","https://doi.org/10.1182/blood-2016-01-688887","2016","Immunology and Microbiology","Neutrophil heterogeneity: implications for homeostasis and pathogenesis","out/html/6d86c90451282751521894d3a4b4148c64d731dc/index.html","","out/md/6d86c90451282751521894d3a4b4148c64d731dc.md","out/reviews/6d86c90451282751521894d3a4b4148c64d731dc.review.json","10","textflow_ok","True","61061","66425","0","0"
"6df184e7c1682b35087c16ba9366fec4b7c78923","https://openalex.org/W2911483290","https://doi.org/10.1002/aenm.201803689","2019","Energy","Rational Design of Graphene‐Supported Single Atom Catalysts for Hydrogen Evolution Reaction","out/html/6df184e7c1682b35087c16ba9366fec4b7c78923/index.html","","out/md/6df184e7c1682b35087c16ba9366fec4b7c78923.md","out/reviews/6df184e7c1682b35087c16ba9366fec4b7c78923.review.json","24","textflow_ok","True","47086","51397","0","0"
"6df43807777c666479e99091b3b3861526397646","https://openalex.org/W2766475873","https://doi.org/10.1016/j.progpolymsci.2017.10.003","2017","Materials Science","Progress in electrospun polymeric nanofibrous membranes for water treatment: Fabrication, modification and applications","out/html/6df43807777c666479e99091b3b3861526397646/index.html","","out/md/6df43807777c666479e99091b3b3861526397646.md","out/reviews/6df43807777c666479e99091b3b3861526397646.review.json","97","textflow_ok","True","154504","168041","0","0"
"6e0e30342f7fdecc7293b609a38a53f9a088773d","https://openalex.org/W2967188570","https://doi.org/10.1038/s41565-019-0518-7","2019","Materials Science","High temperature shockwave stabilized single atoms","out/html/6e0e30342f7fdecc7293b609a38a53f9a088773d/index.html","","out/md/6e0e30342f7fdecc7293b609a38a53f9a088773d.md","out/reviews/6e0e30342f7fdecc7293b609a38a53f9a088773d.review.json","28","textflow_ok","True","45986","52652","0","0"
"6e7bfb27b13aecdc4425f5143524c1e5db409707","https://openalex.org/W3112920764","https://doi.org/10.1016/j.soilbio.2020.108111","2020","Agricultural and Biological Sciences","How microbes can, and cannot, be used to assess soil health","out/html/6e7bfb27b13aecdc4425f5143524c1e5db409707/index.html","","out/md/6e7bfb27b13aecdc4425f5143524c1e5db409707.md","out/reviews/6e7bfb27b13aecdc4425f5143524c1e5db409707.review.json","14","textflow_ok","True","48461","52117","0","0"
"6ea98494d57a486eb98a9f88deba8728839bbdc5","https://openalex.org/W2863731766","https://doi.org/10.1038/s41586-018-0338-1","2018","Earth and Planetary Sciences","Genome-centric view of carbon processing in thawing permafrost","out/html/6ea98494d57a486eb98a9f88deba8728839bbdc5/index.html","","out/md/6ea98494d57a486eb98a9f88deba8728839bbdc5.md","out/reviews/6ea98494d57a486eb98a9f88deba8728839bbdc5.review.json","35","textflow_ok","True","99441","111526","0","0"
"6ed3166d342731ef66c05ff10baf416adac6d215","https://openalex.org/W4385245566","https://doi.org/10.4230/lipics.itp.2023.19","2023","Computer Science","Exploiting Generative AI to Scale up Intelligent Tutoring Systems","out/html/6ed3166d342731ef66c05ff10baf416adac6d215/index.html","out/html_ocr/6ed3166d342731ef66c05ff10baf416adac6d215/index.html","out/md/6ed3166d342731ef66c05ff10baf416adac6d215.md","out/reviews/6ed3166d342731ef66c05ff10baf416adac6d215.review.json","22","textflow_ok","True","78119","84729","0","0"
"6f5479ed4a1ee5cbc4f6dbc192711c9583cd75cd","https://openalex.org/W3014167299","https://doi.org/10.1038/s41586-020-2146-7","2020","Environmental Science","Rebuilding marine life","out/html/6f5479ed4a1ee5cbc4f6dbc192711c9583cd75cd/index.html","out/html_ocr/6f5479ed4a1ee5cbc4f6dbc192711c9583cd75cd/index.html","out/md/6f5479ed4a1ee5cbc4f6dbc192711c9583cd75cd.md","out/reviews/6f5479ed4a1ee5cbc4f6dbc192711c9583cd75cd.review.json","45","textflow_ok","True","95859","105701","0","0"
"6f7cf41e8dab55b18c1d99399197eb6217d158df","https://openalex.org/W2784555771","https://doi.org/10.1021/acsearthspacechem.7b00120","2018","Earth and Planetary Sciences","The Role of Organic Aerosol in Atmospheric Ice Nucleation: A Review","out/html/6f7cf41e8dab55b18c1d99399197eb6217d158df/index.html","","out/md/6f7cf41e8dab55b18c1d99399197eb6217d158df.md","out/reviews/6f7cf41e8dab55b18c1d99399197eb6217d158df.review.json","104","textflow_ok","True","269657","288728","0","0"
"6ff5074b617b318c653b5af3b2147e6314e809e3","https://openalex.org/W2336845479","https://doi.org/10.1002/anie.201601582","2016","Energy","Tailoring Copper Nanocrystals towards C2 Products in Electrochemical CO2 Reduction","out/html/6ff5074b617b318c653b5af3b2147e6314e809e3/index.html","","out/md/6ff5074b617b318c653b5af3b2147e6314e809e3.md","out/reviews/6ff5074b617b318c653b5af3b2147e6314e809e3.review.json","6","textflow_ok","True","22094","25061","0","0"
"7065df3317a782bcdba78dffec0cfc72d679570d","https://openalex.org/W2782439335","https://doi.org/10.1038/nature25173","2018","Biochemistry, Genetics and Molecular Biology","Terminal Pleistocene Alaskan genome reveals first founding population of Native Americans","out/html/7065df3317a782bcdba78dffec0cfc72d679570d/index.html","","out/md/7065df3317a782bcdba78dffec0cfc72d679570d.md","out/reviews/7065df3317a782bcdba78dffec0cfc72d679570d.review.json","9","textflow_ok","True","28162","30746","0","0"
"706c05a0bad418b53aec5badfc134eb90798bc5e","https://openalex.org/W3118601980","https://doi.org/10.1021/acsenergylett.0c02371","2021","Engineering","Alleviation of Dendrite Formation on Zinc Anodes via Electrolyte Additives","out/html/706c05a0bad418b53aec5badfc134eb90798bc5e/index.html","","out/md/706c05a0bad418b53aec5badfc134eb90798bc5e.md","out/reviews/706c05a0bad418b53aec5badfc134eb90798bc5e.review.json","18","textflow_ok","True","40442","43909","0","0"
"7090245752c93807d60dd360aee5f461709f84e9","https://openalex.org/W3163655275","https://doi.org/10.1177/13621688211014538","2021","Neuroscience","Teacher enthusiasm and students’ social-behavioral learning engagement: The mediating role of student enjoyment and boredom in Chinese EFL classes","out/html/7090245752c93807d60dd360aee5f461709f84e9/index.html","","out/md/7090245752c93807d60dd360aee5f461709f84e9.md","out/reviews/7090245752c93807d60dd360aee5f461709f84e9.review.json","25","textflow_ok","True","75559","81698","0","0"
"717bd3eeb2912c0eaa3194c2009fc5f046ba6c73","https://openalex.org/W2523277388","https://doi.org/10.1016/j.scitotenv.2016.09.040","2016","Engineering","On-road vehicle emissions and their control in China: A review and outlook","out/html/717bd3eeb2912c0eaa3194c2009fc5f046ba6c73/index.html","","out/md/717bd3eeb2912c0eaa3194c2009fc5f046ba6c73.md","out/reviews/717bd3eeb2912c0eaa3194c2009fc5f046ba6c73.review.json","57","textflow_ok","True","145889","158903","0","0"
"717d9f5c1f227db7078751287272770d3f4e8724","https://openalex.org/W3211054674","https://doi.org/10.1016/j.eswa.2021.116087","2021","Computer Science","Structural similarity index (SSIM) revisited: A data-driven approach","out/html/717d9f5c1f227db7078751287272770d3f4e8724/index.html","","out/md/717d9f5c1f227db7078751287272770d3f4e8724.md","out/reviews/717d9f5c1f227db7078751287272770d3f4e8724.review.json","34","textflow_ok","True","126235","136814","0","0"
"71bf30a17f4ceb3589ea3a7264fa729da882cf20","https://openalex.org/W2491008760","https://doi.org/10.1126/science.aaf8818","2016","Environmental Science","Accurate design of megadalton-scale two-component icosahedral protein complexes","out/html/71bf30a17f4ceb3589ea3a7264fa729da882cf20/index.html","","out/md/71bf30a17f4ceb3589ea3a7264fa729da882cf20.md","out/reviews/71bf30a17f4ceb3589ea3a7264fa729da882cf20.review.json","16","textflow_ok","True","38305","42323","0","0"
"71cce72bd7b8d4c9b699e7512484155ce9f86665","https://openalex.org/W2783074270","https://doi.org/10.1080/09506608.2017.1421439","2018","Materials Science","Magnesium extrusion alloys: a review of developments and prospects","out/html/71cce72bd7b8d4c9b699e7512484155ce9f86665/index.html","","out/md/71cce72bd7b8d4c9b699e7512484155ce9f86665.md","out/reviews/71cce72bd7b8d4c9b699e7512484155ce9f86665.review.json","54","textflow_ok","True","128738","137098","0","0"
"71e26b0db372356cea5236adf30f2bd4ca4d1d2a","https://openalex.org/W2074933455","https://doi.org/10.1038/nature14121","2015","Biochemistry, Genetics and Molecular Biology","Biocontainment of genetically modified organisms by synthetic protein design","out/html/71e26b0db372356cea5236adf30f2bd4ca4d1d2a/index.html","","out/md/71e26b0db372356cea5236adf30f2bd4ca4d1d2a.md","out/reviews/71e26b0db372356cea5236adf30f2bd4ca4d1d2a.review.json","35","textflow_ok","True","91258","99884","0","0"
"721d0ad07316b1319e90bdc04e3158735e0ef28d","https://openalex.org/W2990292985","https://doi.org/10.1038/s41558-019-0630-6","2019","Environmental Science","Increasing impacts of extreme droughts on vegetation productivity under climate change","out/html/721d0ad07316b1319e90bdc04e3158735e0ef28d/index.html","","out/md/721d0ad07316b1319e90bdc04e3158735e0ef28d.md","out/reviews/721d0ad07316b1319e90bdc04e3158735e0ef28d.review.json","19","textflow_ok","True","32396","36306","0","0"
"723febad5ac9dd0dfbea5ff9467387f72bf117db","https://openalex.org/W2944826525","https://doi.org/10.1002/adma.201807166","2019","Energy","Electrochemical CO 2 Reduction into Chemical Feedstocks: From Mechanistic Electrocatalysis Models to System Design","out/html/723febad5ac9dd0dfbea5ff9467387f72bf117db/index.html","out/html_ocr/723febad5ac9dd0dfbea5ff9467387f72bf117db/index.html","out/md/723febad5ac9dd0dfbea5ff9467387f72bf117db.md","out/reviews/723febad5ac9dd0dfbea5ff9467387f72bf117db.review.json","45","textflow_ok","True","119727","126515","0","0"
"725460bfc04f5f9a2e77a30526b9cd5f7d7071eb","https://openalex.org/W2918983997","https://doi.org/10.1016/j.jenvman.2019.02.075","2019","Energy","Polymeric graphitic carbon nitride (g-C3N4)-based semiconducting nanostructured materials: Synthesis methods, properties and photocatalytic applications","out/html/725460bfc04f5f9a2e77a30526b9cd5f7d7071eb/index.html","","out/md/725460bfc04f5f9a2e77a30526b9cd5f7d7071eb.md","out/reviews/725460bfc04f5f9a2e77a30526b9cd5f7d7071eb.review.json","15","textflow_ok","True","53775","59169","0","0"
"727193262d6a9be2d1de95c63c569434537ab848","https://openalex.org/W2792084808","https://doi.org/10.1037/bul0000142","2018","Neuroscience","Is bilingualism associated with enhanced executive functioning in adults? A meta-analytic review.","out/html/727193262d6a9be2d1de95c63c569434537ab848/index.html","","out/md/727193262d6a9be2d1de95c63c569434537ab848.md","out/reviews/727193262d6a9be2d1de95c63c569434537ab848.review.json","111","textflow_ok","True","193641","261460","0","0"
"727839b068cf1ade38774864476266432a7aafc6","https://openalex.org/W2546299924","https://doi.org/10.1109/tevc.2016.2622301","2016","Computer Science","A Surrogate-Assisted Reference Vector Guided Evolutionary Algorithm for Computationally Expensive Many-Objective Optimization","out/html/727839b068cf1ade38774864476266432a7aafc6/index.html","","out/md/727839b068cf1ade38774864476266432a7aafc6.md","out/reviews/727839b068cf1ade38774864476266432a7aafc6.review.json","38","textflow_ok","True","99323","111310","0","0"
"72be16d570936f3d0e4a96dca05c1618ad5d1941","https://openalex.org/W2323275360","https://doi.org/10.1021/ja511559d","2015","Energy","Identification of Highly Active Fe Sites in (Ni,Fe)OOH for Electrocatalytic Water Splitting","out/html/72be16d570936f3d0e4a96dca05c1618ad5d1941/index.html","","out/md/72be16d570936f3d0e4a96dca05c1618ad5d1941.md","out/reviews/72be16d570936f3d0e4a96dca05c1618ad5d1941.review.json","9","textflow_ok","True","52083","56321","0","0"
"72c80de76bd801e41e3407630aa8130dfda73421","https://openalex.org/W2763682599","https://doi.org/10.1016/j.rser.2017.09.113","2017","Engineering","Processing thermogravimetric analysis data for isoconversional kinetic analysis of lignocellulosic biomass pyrolysis: Case study of corn stalk","out/html/72c80de76bd801e41e3407630aa8130dfda73421/index.html","","out/md/72c80de76bd801e41e3407630aa8130dfda73421.md","out/reviews/72c80de76bd801e41e3407630aa8130dfda73421.review.json","41","textflow_ok","True","56412","64277","0","0"
"7371227c087e2f8629b1f1fa30c49d9d79815209","https://openalex.org/W2808111113","https://doi.org/10.1126/science.aat4458","2018","Engineering","Ultrastable laser interferometry for earthquake detection with terrestrial and submarine cables","out/html/7371227c087e2f8629b1f1fa30c49d9d79815209/index.html","","out/md/7371227c087e2f8629b1f1fa30c49d9d79815209.md","out/reviews/7371227c087e2f8629b1f1fa30c49d9d79815209.review.json","13","textflow_ok","True","24724","27776","0","0"
"73e75582d1b428ac4d05cfb4cee2e32f81d0dbde","https://openalex.org/W2922520136","https://doi.org/10.1109/tii.2019.2905295","2019","Engineering","A Survey on Model-Based Distributed Control and Filtering for Industrial Cyber-Physical Systems","out/html/73e75582d1b428ac4d05cfb4cee2e32f81d0dbde/index.html","","out/md/73e75582d1b428ac4d05cfb4cee2e32f81d0dbde.md","out/reviews/73e75582d1b428ac4d05cfb4cee2e32f81d0dbde.review.json","16","textflow_ok","True","114187","119931","0","0"
"73f4c190f840beefcae89a1f672145d0fc098838","https://openalex.org/W2475220770","https://doi.org/10.1016/j.jbusres.2016.06.010","2016","Environmental Science","Exploring pro-environmental behaviors of consumers: An analysis of contextual factors, attitude, and behaviors","out/html/73f4c190f840beefcae89a1f672145d0fc098838/index.html","","out/md/73f4c190f840beefcae89a1f672145d0fc098838.md","out/reviews/73f4c190f840beefcae89a1f672145d0fc098838.review.json","30","textflow_ok","True","60498","66981","0","0"
"7405c4633179d98dd06c27c0b948de5e08554fea","https://openalex.org/W4210576962","https://doi.org/10.1016/j.scitotenv.2022.153555","2022","Environmental Science","Recovery, regeneration and sustainable management of spent adsorbents from wastewater treatment streams: A review","out/html/7405c4633179d98dd06c27c0b948de5e08554fea/index.html","","out/md/7405c4633179d98dd06c27c0b948de5e08554fea.md","out/reviews/7405c4633179d98dd06c27c0b948de5e08554fea.review.json","91","textflow_ok","True","190191","215016","0","0"
"743edc85e7f85b0aa64ee1efb985e926c307b3c3","https://openalex.org/W3094108931","https://doi.org/10.1139/gen-2020-0131","2020","Biochemistry, Genetics and Molecular Biology","Machine learning for precision medicine","out/html/743edc85e7f85b0aa64ee1efb985e926c307b3c3/index.html","","out/md/743edc85e7f85b0aa64ee1efb985e926c307b3c3.md","out/reviews/743edc85e7f85b0aa64ee1efb985e926c307b3c3.review.json","33","textflow_ok","True","56125","63382","0","0"
"74c50e7556ec092712864286752443ff5a2f2e36","https://openalex.org/W2933733113","https://doi.org/10.1021/acs.accounts.8b00602","2019","Environmental Science","Separation and Analysis of Microplastics and Nanoplastics in Complex Environmental Samples","out/html/74c50e7556ec092712864286752443ff5a2f2e36/index.html","","out/md/74c50e7556ec092712864286752443ff5a2f2e36.md","out/reviews/74c50e7556ec092712864286752443ff5a2f2e36.review.json","23","textflow_ok","True","47362","51710","0","0"
"74d76c43770ef42b36b82b5ece1f4f233f21c54c","https://openalex.org/W4212959311","https://doi.org/10.1038/s41558-022-01290-z","2022","Earth and Planetary Sciences","Rapid intensification of the emerging southwestern North American megadrought in 2020–2021","out/html/74d76c43770ef42b36b82b5ece1f4f233f21c54c/index.html","","out/md/74d76c43770ef42b36b82b5ece1f4f233f21c54c.md","out/reviews/74d76c43770ef42b36b82b5ece1f4f233f21c54c.review.json","15","textflow_ok","True","35012","41243","0","0"
"74f7556b9f1c123a516e61e7a132c7fe38d87481","https://openalex.org/W2402594575","https://doi.org/10.1016/j.conbuildmat.2016.05.085","2016","Engineering","Development of geopolymer mortar under ambient temperature for in situ applications","out/html/74f7556b9f1c123a516e61e7a132c7fe38d87481/index.html","","out/md/74f7556b9f1c123a516e61e7a132c7fe38d87481.md","out/reviews/74f7556b9f1c123a516e61e7a132c7fe38d87481.review.json","49","textflow_ok","True","49497","57107","0","0"
"752bafbacbc30e43852826b517c6b8a2fe960b94","https://openalex.org/W3008295325","https://doi.org/10.1039/c9ee03757h","2020","Engineering","Advances in two-dimensional organic–inorganic hybrid perovskites","out/html/752bafbacbc30e43852826b517c6b8a2fe960b94/index.html","","out/md/752bafbacbc30e43852826b517c6b8a2fe960b94.md","out/reviews/752bafbacbc30e43852826b517c6b8a2fe960b94.review.json","33","textflow_ok","True","170008","179954","0","0"
"752c4cd1508648cc3203a85653d14b8bd7f55bd9","https://openalex.org/W2804654620","https://doi.org/10.1016/j.optlaseng.2018.04.019","2018","Computer Science","Phase shifting algorithms for fringe projection profilometry: A review","out/html/752c4cd1508648cc3203a85653d14b8bd7f55bd9/index.html","","out/md/752c4cd1508648cc3203a85653d14b8bd7f55bd9.md","out/reviews/752c4cd1508648cc3203a85653d14b8bd7f55bd9.review.json","109","textflow_ok","True","184801","210988","0","0"
"75e03e6aa67e6633a3e58dbb92a518ac1d12fc51","https://openalex.org/W2595116276","https://doi.org/10.1016/j.progpolymsci.2017.02.004","2017","Materials Science","Lifetime prediction of biodegradable polymers","out/html/75e03e6aa67e6633a3e58dbb92a518ac1d12fc51/index.html","","out/md/75e03e6aa67e6633a3e58dbb92a518ac1d12fc51.md","out/reviews/75e03e6aa67e6633a3e58dbb92a518ac1d12fc51.review.json","170","textflow_ok","True","286073","311959","0","0"
"760f47caee1e4db29fbd4da8e5c5cc9f747b9ebf","https://openalex.org/W2791167881","https://doi.org/10.1038/s41559-017-0461-7","2018","Environmental Science","Redefining ecosystem multifunctionality","out/html/760f47caee1e4db29fbd4da8e5c5cc9f747b9ebf/index.html","out/html_ocr/760f47caee1e4db29fbd4da8e5c5cc9f747b9ebf/index.html","out/md/760f47caee1e4db29fbd4da8e5c5cc9f747b9ebf.md","out/reviews/760f47caee1e4db29fbd4da8e5c5cc9f747b9ebf.review.json","20","textflow_ok","True","65889","71348","0","0"
"76353ed27346601ce1ee1ee26c04b83a14f96572","https://openalex.org/W2951500999","https://doi.org/10.1051/0004-6361/202039657","2021","Physics and Astronomy","Gaia Early Data Release 3 Summary of the contents and survey properties","out/html/76353ed27346601ce1ee1ee26c04b83a14f96572/index.html","","out/md/76353ed27346601ce1ee1ee26c04b83a14f96572.md","out/reviews/76353ed27346601ce1ee1ee26c04b83a14f96572.review.json","21","textflow_ok","True","118720","124601","0","0"
"76c139f77d11f224365a7e1f902b34ab830dfd20","https://openalex.org/W3010910207","https://doi.org/10.1111/j.1365","2016","Environmental Science","Is deep-water gastropod decline in the ancient lakes Malawi and Tanganyika heralding ecosystem change ?","out/html/76c139f77d11f224365a7e1f902b34ab830dfd20/index.html","","","","23","textflow_ok","True","32596","38173","0","0"
"77bfc7e5227eefd5e669c09458ad29f0772bf0a7","https://openalex.org/W3093148868","https://doi.org/10.1126/science.aba2894","2020","Biochemistry, Genetics and Molecular Biology","The nucleus acts as a ruler tailoring cell responses to spatial constraints","out/html/77bfc7e5227eefd5e669c09458ad29f0772bf0a7/index.html","","out/md/77bfc7e5227eefd5e669c09458ad29f0772bf0a7.md","out/reviews/77bfc7e5227eefd5e669c09458ad29f0772bf0a7.review.json","31","textflow_ok","True","84959","91760","0","0"
"77ee9b2a38fbf6008e202e4b517b574dd29e773d","https://openalex.org/W2582575549","https://doi.org/10.1038/nature21071","2017","Agricultural and Biological Sciences","Ecosystem restoration strengthens pollination network resilience and function","out/html/77ee9b2a38fbf6008e202e4b517b574dd29e773d/index.html","","out/md/77ee9b2a38fbf6008e202e4b517b574dd29e773d.md","out/reviews/77ee9b2a38fbf6008e202e4b517b574dd29e773d.review.json","29","textflow_ok","True","51431","56490","0","0"
"780bac60eb1158a15532ee14bbfeb9a5b738963f","https://openalex.org/W2173126837","https://doi.org/10.1016/j.envsoft.2015.08.013","2015","Mathematics","Markov chain Monte Carlo simulation using the DREAM software package: Theory, concepts, and MATLAB implementation","out/html/780bac60eb1158a15532ee14bbfeb9a5b738963f/index.html","out/html_ocr/780bac60eb1158a15532ee14bbfeb9a5b738963f/index.html","out/md/780bac60eb1158a15532ee14bbfeb9a5b738963f.md","out/reviews/780bac60eb1158a15532ee14bbfeb9a5b738963f.review.json","45","textflow_ok","True","212823","226789","0","0"
"781215b4ef4b58dfda97d34b22ea707bb4912c2d","https://openalex.org/W2229224778","https://doi.org/10.1021/acsnano.5b06199","2015","Materials Science","Nonradiative Plasmon Decay and Hot Carrier Dynamics: Effects of Phonons, Surfaces, and Geometry","out/html/781215b4ef4b58dfda97d34b22ea707bb4912c2d/index.html","out/html_ocr/781215b4ef4b58dfda97d34b22ea707bb4912c2d/index.html","out/md/781215b4ef4b58dfda97d34b22ea707bb4912c2d.md","out/reviews/781215b4ef4b58dfda97d34b22ea707bb4912c2d.review.json","12","textflow_ok","True","41737","46590","0","0"
"7812214950ec1937efcd3d432156899d03a62156","https://openalex.org/W3009827509","https://doi.org/10.1126/science.aaz3691","2020","Engineering","Efficient tandem solar cells with solution-processed perovskite on textured crystalline silicon","out/html/7812214950ec1937efcd3d432156899d03a62156/index.html","out/html_ocr/7812214950ec1937efcd3d432156899d03a62156/index.html","out/md/7812214950ec1937efcd3d432156899d03a62156.md","out/reviews/7812214950ec1937efcd3d432156899d03a62156.review.json","15","textflow_ok","True","39066","44819","0","0"
"7836af1fbfe235565a0d88186aee48d998b09540","https://openalex.org/W2979396152","https://doi.org/10.1109/tie.2019.2945265","2019","Engineering","SDDNet: Real-Time Crack Segmentation","out/html/7836af1fbfe235565a0d88186aee48d998b09540/index.html","","out/md/7836af1fbfe235565a0d88186aee48d998b09540.md","out/reviews/7836af1fbfe235565a0d88186aee48d998b09540.review.json","131","textflow_ok","True","165962","199689","0","0"
"78a4c6a0861faa3f77182661e39284ddaf8616e8","https://openalex.org/W3022258762","https://doi.org/10.1038/s41586-020-2269-x","2020","Biochemistry, Genetics and Molecular Biology","Statin therapy is associated with lower prevalence of gut microbiota dysbiosis","out/html/78a4c6a0861faa3f77182661e39284ddaf8616e8/index.html","","out/md/78a4c6a0861faa3f77182661e39284ddaf8616e8.md","out/reviews/78a4c6a0861faa3f77182661e39284ddaf8616e8.review.json","29","textflow_ok","True","69096","75742","0","0"
"78d24471d60cff29cd0421e5473d4cb31fc71555","https://openalex.org/W2904264105","https://doi.org/10.17705/1jais.00518","2018","Computer Science","Governance in the Blockchain Economy: A Framework and Research Agenda","out/html/78d24471d60cff29cd0421e5473d4cb31fc71555/index.html","","out/md/78d24471d60cff29cd0421e5473d4cb31fc71555.md","out/reviews/78d24471d60cff29cd0421e5473d4cb31fc71555.review.json","40","textflow_ok","True","55436","62173","0","0"
"78f43fea6914a777be520ef3fd751c3123a87c8a","https://openalex.org/W3006328145","https://doi.org/10.1126/science.aau1567","2020","Engineering","A sustainable wood biorefinery for low–carbon footprint chemicals production","out/html/78f43fea6914a777be520ef3fd751c3123a87c8a/index.html","out/html_ocr/78f43fea6914a777be520ef3fd751c3123a87c8a/index.html","out/md/78f43fea6914a777be520ef3fd751c3123a87c8a.md","out/reviews/78f43fea6914a777be520ef3fd751c3123a87c8a.review.json","6","textflow_ok","True","32053","34501","0","0"
"799a019f7c74c9417b6ebf964a007652d4a5e054","https://openalex.org/W2561535772","https://doi.org/10.1126/science.aah7111","2016","Biochemistry, Genetics and Molecular Biology","CRISPRi-based genome-scale identification of functional long noncoding RNA loci in human cells","out/html/799a019f7c74c9417b6ebf964a007652d4a5e054/index.html","","out/md/799a019f7c74c9417b6ebf964a007652d4a5e054.md","out/reviews/799a019f7c74c9417b6ebf964a007652d4a5e054.review.json","20","textflow_ok","True","52126","57056","0","0"
"79a287dea3a9c8575f6edfe0223f2d7534d802d3","https://openalex.org/W2944722173","https://doi.org/10.1002/smll.201900307","2019","Energy","Single Fe Atom on Hierarchically Porous S, N‐Codoped Nanocarbon Derived from Porphyra Enable Boosted Oxygen Catalysis for Rechargeable Zn‐Air Batteries","out/html/79a287dea3a9c8575f6edfe0223f2d7534d802d3/index.html","","out/md/79a287dea3a9c8575f6edfe0223f2d7534d802d3.md","out/reviews/79a287dea3a9c8575f6edfe0223f2d7534d802d3.review.json","27","textflow_ok","True","46732","51902","0","0"
"79e74d7adb72e647b24468985608385c6ea3a3ed","https://openalex.org/W3038464575","https://doi.org/10.1161/circresaha.120.316851","2020","Biochemistry, Genetics and Molecular Biology","Basic and Therapeutic Aspects of Angiogenesis Updated","out/html/79e74d7adb72e647b24468985608385c6ea3a3ed/index.html","","out/md/79e74d7adb72e647b24468985608385c6ea3a3ed.md","out/reviews/79e74d7adb72e647b24468985608385c6ea3a3ed.review.json","57","textflow_ok","True","106850","123097","0","0"
"7a49a4a9b5732cd92b192aeff0d59badb9e99a25","https://openalex.org/W2304116750","https://doi.org/10.1021/acs.nanolett.5b00964","2015","Materials Science","Monolayer PtSe 2 , a New Semiconducting Transition-Metal-Dichalcogenide, Epitaxially Grown by Direct Selenization of Pt","out/html/7a49a4a9b5732cd92b192aeff0d59badb9e99a25/index.html","","out/md/7a49a4a9b5732cd92b192aeff0d59badb9e99a25.md","out/reviews/7a49a4a9b5732cd92b192aeff0d59badb9e99a25.review.json","17","textflow_ok","True","30085","34483","0","0"
"7abc52a38689afc6054b136effe88eb86c16d172","https://openalex.org/W2625229689","https://doi.org/10.1038/nenergy.2017.90","2017","Engineering","Burning lithium in CS2 for high-performing compact Li2S–graphene nanocapsules for Li–S batteries","out/html/7abc52a38689afc6054b136effe88eb86c16d172/index.html","","out/md/7abc52a38689afc6054b136effe88eb86c16d172.md","out/reviews/7abc52a38689afc6054b136effe88eb86c16d172.review.json","23","textflow_ok","True","53845","58788","0","0"
"7ad18909d51927a781f55a81702271db80963d48","https://openalex.org/W4309158972","https://doi.org/10.1038/s41586-022-05541-z","2022","Engineering","Regulating surface potential maximizes voltage in all-perovskite tandems","out/html/7ad18909d51927a781f55a81702271db80963d48/index.html","","out/md/7ad18909d51927a781f55a81702271db80963d48.md","out/reviews/7ad18909d51927a781f55a81702271db80963d48.review.json","29","textflow_ok","True","52033","58001","0","0"
"7b651c3d4f87aedf15766674bd6933534ada14f5","https://openalex.org/W2994259506","https://doi.org/10.1002/adma.201906657","2019","Engineering","Magnetic Shape Memory Polymers with Integrated Multifunctional Shape Manipulation","out/html/7b651c3d4f87aedf15766674bd6933534ada14f5/index.html","","out/md/7b651c3d4f87aedf15766674bd6933534ada14f5.md","out/reviews/7b651c3d4f87aedf15766674bd6933534ada14f5.review.json","23","textflow_ok","True","39230","43965","0","0"
"7bcba069297b43c2f2e4db34d8b391339dddd911","https://openalex.org/W2998506103","https://doi.org/10.1016/j.ymssp.2019.106587","2020","Engineering","Applications of machine learning to machine fault diagnosis: A review and roadmap","out/html/7bcba069297b43c2f2e4db34d8b391339dddd911/index.html","out/html_ocr/7bcba069297b43c2f2e4db34d8b391339dddd911/index.html","out/md/7bcba069297b43c2f2e4db34d8b391339dddd911.md","out/reviews/7bcba069297b43c2f2e4db34d8b391339dddd911.review.json","136","textflow_ok","True","216969","239942","0","0"
"7beaa750dace273830eebc750b8af3ac19430a3c","https://openalex.org/W3157665187","https://doi.org/10.1038/s41586-021-03454-x","2021","Energy","Correlative operando microscopy of oxygen evolution electrocatalysts","out/html/7beaa750dace273830eebc750b8af3ac19430a3c/index.html","","out/md/7beaa750dace273830eebc750b8af3ac19430a3c.md","out/reviews/7beaa750dace273830eebc750b8af3ac19430a3c.review.json","64","textflow_ok","True","103845","113877","0","0"
"7c596355b7c17f101bb67d6864e0cecc03d891ad","https://openalex.org/W2605648440","https://doi.org/10.1002/adma.201606042","2017","Engineering","Reducing Interfacial Resistance between Garnet‐Structured Solid‐State Electrolyte and Li‐Metal Anode by a Germanium Layer","out/html/7c596355b7c17f101bb67d6864e0cecc03d891ad/index.html","","out/md/7c596355b7c17f101bb67d6864e0cecc03d891ad.md","out/reviews/7c596355b7c17f101bb67d6864e0cecc03d891ad.review.json","32","textflow_ok","True","35999","41774","0","0"
"7caf5b7ad6651dead8c6e2a2f4d037eb255f240a","https://openalex.org/W2944471439","https://doi.org/10.1109/tpel.2019.2915675","2019","Engineering","Cost-Optimal Energy Management of Hybrid Electric Vehicles Using Fuel Cell/Battery Health-Aware Predictive Control","out/html/7caf5b7ad6651dead8c6e2a2f4d037eb255f240a/index.html","","out/md/7caf5b7ad6651dead8c6e2a2f4d037eb255f240a.md","out/reviews/7caf5b7ad6651dead8c6e2a2f4d037eb255f240a.review.json","12","textflow_ok","True","54586","59301","0","0"
"7d7fccd9976c302c1ea4edeccc91c73797718d2c","https://openalex.org/W3169129413","https://doi.org/10.1021/jacs.1c02186","2021","Energy","Origin of Selective Production of Hydrogen Peroxide by Electrochemical Oxygen Reduction","out/html/7d7fccd9976c302c1ea4edeccc91c73797718d2c/index.html","","out/md/7d7fccd9976c302c1ea4edeccc91c73797718d2c.md","out/reviews/7d7fccd9976c302c1ea4edeccc91c73797718d2c.review.json","15","textflow_ok","True","31312","34376","0","0"
"7d96a68dbc6925c3351dd4d30955b4965c71794a","https://openalex.org/W4327550242","https://doi.org/10.1126/science.add5901","2023","Materials Science","Chemical scissor–mediated structural editing of layered transition metal carbides","out/html/7d96a68dbc6925c3351dd4d30955b4965c71794a/index.html","","out/md/7d96a68dbc6925c3351dd4d30955b4965c71794a.md","out/reviews/7d96a68dbc6925c3351dd4d30955b4965c71794a.review.json","12","textflow_ok","True","38481","41385","0","0"
"7dfd751a990cbea25e30048450eaedd41b5b6958","https://openalex.org/W2119831027","https://doi.org/10.1126/science.aaa7031","2015","Agricultural and Biological Sciences","Climate change impacts on bumblebees converge across continents","out/html/7dfd751a990cbea25e30048450eaedd41b5b6958/index.html","out/html_ocr/7dfd751a990cbea25e30048450eaedd41b5b6958/index.html","out/md/7dfd751a990cbea25e30048450eaedd41b5b6958.md","out/reviews/7dfd751a990cbea25e30048450eaedd41b5b6958.review.json","5","textflow_ok","True","38220","41065","0","0"
"7ee0ba661d4e58f372e505538cbf0fa0cedecaf1","https://openalex.org/W1926387934","https://doi.org/10.1038/nmat4289","2015","Biochemistry, Genetics and Molecular Biology","Conformal piezoelectric systems for clinical and experimental characterization of soft tissue biomechanics","out/html/7ee0ba661d4e58f372e505538cbf0fa0cedecaf1/index.html","","out/md/7ee0ba661d4e58f372e505538cbf0fa0cedecaf1.md","out/reviews/7ee0ba661d4e58f372e505538cbf0fa0cedecaf1.review.json","83","textflow_ok","True","86285","109410","0","0"
"7ef80b9524b749e316be6b24f6f70f7c6b6c4e50","https://openalex.org/W2776687276","https://doi.org/10.1038/s41929-017-0008-y","2017","Energy","General synthesis and definitive structural identification of MN4C4 single-atom catalysts with tunable electrocatalytic activities","out/html/7ef80b9524b749e316be6b24f6f70f7c6b6c4e50/index.html","out/html_ocr/7ef80b9524b749e316be6b24f6f70f7c6b6c4e50/index.html","out/md/7ef80b9524b749e316be6b24f6f70f7c6b6c4e50.md","out/reviews/7ef80b9524b749e316be6b24f6f70f7c6b6c4e50.review.json","12","textflow_ok","True","66872","73884","0","0"
"7f8bcc851323aa1a74829fd05a567773a3494603","https://openalex.org/W2407102379","https://doi.org/10.1103/physrevlett.115.126802","2015","Materials Science","Electrical Tuning of Exciton Binding Energies in Monolayer WS2","out/html/7f8bcc851323aa1a74829fd05a567773a3494603/index.html","","out/md/7f8bcc851323aa1a74829fd05a567773a3494603.md","out/reviews/7f8bcc851323aa1a74829fd05a567773a3494603.review.json","6","textflow_ok","True","28936","31293","0","0"
"7f8ff286ffc5b636db7fd4da00feaa4a1310ef4e","https://openalex.org/W2622172960","https://doi.org/10.1038/nenergy.2017.89","2017","Engineering","Two-dimensional heterostructures for energy storage","out/html/7f8ff286ffc5b636db7fd4da00feaa4a1310ef4e/index.html","","out/md/7f8ff286ffc5b636db7fd4da00feaa4a1310ef4e.md","out/reviews/7f8ff286ffc5b636db7fd4da00feaa4a1310ef4e.review.json","18","textflow_ok","True","41472","45242","0","0"
"8094b6c452c08c89c41da2ba273e7fbd696be3e7","https://openalex.org/W2891749881","https://doi.org/10.1002/adfm.201804170","2018","Engineering","All‐Solid‐State Synaptic Transistor with Ultralow Conductance for Neuromorphic Computing","out/html/8094b6c452c08c89c41da2ba273e7fbd696be3e7/index.html","","out/md/8094b6c452c08c89c41da2ba273e7fbd696be3e7.md","out/reviews/8094b6c452c08c89c41da2ba273e7fbd696be3e7.review.json","27","textflow_ok","True","51212","58783","0","0"
"809af16c10358cb7a9d7f0e9c264717800144cfa","https://openalex.org/W2738629485","https://doi.org/10.1021/jacs.7b06765","2017","Energy","Promoter Effects of Alkali Metal Cations on the Electrochemical Reduction of Carbon Dioxide","out/html/809af16c10358cb7a9d7f0e9c264717800144cfa/index.html","out/html_ocr/809af16c10358cb7a9d7f0e9c264717800144cfa/index.html","out/md/809af16c10358cb7a9d7f0e9c264717800144cfa.md","out/reviews/809af16c10358cb7a9d7f0e9c264717800144cfa.review.json","28","textflow_ok","True","51914","56724","0","0"
"80fc1b3ab3c85cc36fa017377bbf6c2001d39c64","https://openalex.org/W2294817944","https://doi.org/10.1016/j.ijhydene.2016.02.057","2016","Engineering","Advances in stationary and portable fuel cell applications","out/html/80fc1b3ab3c85cc36fa017377bbf6c2001d39c64/index.html","","out/md/80fc1b3ab3c85cc36fa017377bbf6c2001d39c64.md","out/reviews/80fc1b3ab3c85cc36fa017377bbf6c2001d39c64.review.json","36","textflow_ok","True","75511","83269","0","0"
"82a5568e20cc1350fee6004633de5119919ae9c3","https://openalex.org/W1718306640","https://doi.org/10.1016/j.compind.2015.08.004","2015","Engineering","Industrial automation based on cyber-physical systems technologies: Prototype implementations and challenges","out/html/82a5568e20cc1350fee6004633de5119919ae9c3/index.html","","out/md/82a5568e20cc1350fee6004633de5119919ae9c3.md","out/reviews/82a5568e20cc1350fee6004633de5119919ae9c3.review.json","15","textflow_ok","True","85253","90215","0","0"
"82b368e134439808a1d6bea3a6506c8aee01ae16","https://openalex.org/W2942255051","https://doi.org/10.1007/s00145-019-09319-x","2019","Computer Science","TFHE: Fast Fully Homomorphic Encryption Over the Torus","out/html/82b368e134439808a1d6bea3a6506c8aee01ae16/index.html","out/html_ocr/82b368e134439808a1d6bea3a6506c8aee01ae16/index.html","out/md/82b368e134439808a1d6bea3a6506c8aee01ae16.md","out/reviews/82b368e134439808a1d6bea3a6506c8aee01ae16.review.json","62","textflow_ok","True","155926","173913","0","0"
"82fec7a704a22825840a2099d432e8ded612f155","https://openalex.org/W2564407156","https://doi.org/10.1038/nenergy.2015.12","2016","Engineering","In situ observation of heat-induced degradation of perovskite solar cells","out/html/82fec7a704a22825840a2099d432e8ded612f155/index.html","out/html_ocr/82fec7a704a22825840a2099d432e8ded612f155/index.html","out/md/82fec7a704a22825840a2099d432e8ded612f155.md","out/reviews/82fec7a704a22825840a2099d432e8ded612f155.review.json","12","textflow_ok","True","32313","35785","0","0"
"835e61886e9588f9efded9d6e82b6ef6abc4f4ff","https://openalex.org/W2008359794","https://doi.org/10.1016/j.compmedimag.2015.02.007","2015","Computer Science","WM-DOVA maps for accurate polyp highlighting in colonoscopy: Validation vs. saliency maps from physicians","out/html/835e61886e9588f9efded9d6e82b6ef6abc4f4ff/index.html","out/html_ocr/835e61886e9588f9efded9d6e82b6ef6abc4f4ff/index.html","out/md/835e61886e9588f9efded9d6e82b6ef6abc4f4ff.md","out/reviews/835e61886e9588f9efded9d6e82b6ef6abc4f4ff.review.json","29","textflow_ok","True","66783","72600","0","0"
"8466af16745cbe487bec229fbba1497e2f3081db","https://openalex.org/W2269030342","https://doi.org/10.1038/nature16534","2016","Biochemistry, Genetics and Molecular Biology","Sub-particle reaction and photocurrent mapping to optimize catalyst-modified photoanodes","out/html/8466af16745cbe487bec229fbba1497e2f3081db/index.html","","out/md/8466af16745cbe487bec229fbba1497e2f3081db.md","out/reviews/8466af16745cbe487bec229fbba1497e2f3081db.review.json","26","textflow_ok","True","66852","71744","0","0"
"846cdf901df12ce39c4a05c2922daee5caf09cf1","https://openalex.org/W2887786160","https://doi.org/10.1021/acs.est.8b01913","2018","Environmental Science","Methane Production and Conductive Materials: A Critical Review","out/html/846cdf901df12ce39c4a05c2922daee5caf09cf1/index.html","","out/md/846cdf901df12ce39c4a05c2922daee5caf09cf1.md","out/reviews/846cdf901df12ce39c4a05c2922daee5caf09cf1.review.json","13","textflow_ok","True","79595","84630","0","0"
"8515eeba9ed330baaef3fa018f447cff355bea5a","https://openalex.org/W2884059031","https://doi.org/10.1038/s41893-018-0114-0","2018","Agricultural and Biological Sciences","Global assessment of agricultural system redesign for sustainable intensification","out/html/8515eeba9ed330baaef3fa018f447cff355bea5a/index.html","out/html_ocr/8515eeba9ed330baaef3fa018f447cff355bea5a/index.html","out/md/8515eeba9ed330baaef3fa018f447cff355bea5a.md","out/reviews/8515eeba9ed330baaef3fa018f447cff355bea5a.review.json","17","textflow_ok","True","45222","49080","0","0"
"85468fb3a8944f7352f464a2c48251c0c4c75839","https://openalex.org/W2616554041","https://doi.org/10.1002/anie.201703970","2017","Engineering","Bandgap Engineering of Lead‐Free Double Perovskite Cs 2 AgBiBr 6 through Trivalent Metal Alloying","out/html/85468fb3a8944f7352f464a2c48251c0c4c75839/index.html","","out/md/85468fb3a8944f7352f464a2c48251c0c4c75839.md","out/reviews/85468fb3a8944f7352f464a2c48251c0c4c75839.review.json","6","textflow_ok","True","23227","25543","0","0"
"857f5fc0eb0ddf378d61ef885d482707a84b92f7","https://openalex.org/W3036600965","https://doi.org/10.1109/jproc.2020.2998530","2020","Engineering","Digital Twin in the IoT Context: A Survey on Technical Features, Scenarios, and Architectural Models","out/html/857f5fc0eb0ddf378d61ef885d482707a84b92f7/index.html","out/html_ocr/857f5fc0eb0ddf378d61ef885d482707a84b92f7/index.html","out/md/857f5fc0eb0ddf378d61ef885d482707a84b92f7.md","out/reviews/857f5fc0eb0ddf378d61ef885d482707a84b92f7.review.json","41","textflow_ok","True","257600","267077","0","0"
"85878aaf54de6c38cfaa44a5e3cf6d89a3a70221","https://openalex.org/W2901015627","https://doi.org/10.1038/s41561-018-0258-6","2018","Agricultural and Biological Sciences","Microbial formation of stable soil carbon is more efficient from belowground than aboveground input","out/html/85878aaf54de6c38cfaa44a5e3cf6d89a3a70221/index.html","out/html_ocr/85878aaf54de6c38cfaa44a5e3cf6d89a3a70221/index.html","out/md/85878aaf54de6c38cfaa44a5e3cf6d89a3a70221.md","out/reviews/85878aaf54de6c38cfaa44a5e3cf6d89a3a70221.review.json","12","textflow_ok","True","64752","70307","0","0"
"85a9c132c466a60a0a0597e44f6e3530f044e718","https://openalex.org/W1946383872","https://doi.org/10.1039/c5ta06398a","2015","Engineering","Inorganic caesium lead iodide perovskite solar cells","out/html/85a9c132c466a60a0a0597e44f6e3530f044e718/index.html","out/html_ocr/85a9c132c466a60a0a0597e44f6e3530f044e718/index.html","out/md/85a9c132c466a60a0a0597e44f6e3530f044e718.md","out/reviews/85a9c132c466a60a0a0597e44f6e3530f044e718.review.json","19","textflow_ok","True","42463","47802","0","0"
"85b9bbb40ffa742b0835c2137b87537a8a9f0560","https://openalex.org/W2988034372","https://doi.org/10.1002/adma.201904664","2019","Engineering","Disruptive, Soft, Wearable Sensors","out/html/85b9bbb40ffa742b0835c2137b87537a8a9f0560/index.html","","out/md/85b9bbb40ffa742b0835c2137b87537a8a9f0560.md","out/reviews/85b9bbb40ffa742b0835c2137b87537a8a9f0560.review.json","45","textflow_ok","True","61868","70119","0","0"
"85bbdef5b48ac9b81667b78fb71486b1e21bfc13","https://openalex.org/W2623414978","https://doi.org/10.1021/jacs.7b05176","2017","Engineering","Designing Air-Stable O3-Type Cathode Materials by Combined Structure Modulation for Na-Ion Batteries","out/html/85bbdef5b48ac9b81667b78fb71486b1e21bfc13/index.html","","out/md/85bbdef5b48ac9b81667b78fb71486b1e21bfc13.md","out/reviews/85bbdef5b48ac9b81667b78fb71486b1e21bfc13.review.json","7","textflow_ok","True","23920","26632","0","0"
"85e7f4b2f4cfe03d4966e108ad4b375f02b5ac96","https://openalex.org/W2474894284","https://doi.org/10.1038/nature18306","2016","Engineering","High-efficiency two-dimensional Ruddlesden–Popper perovskite solar cells","out/html/85e7f4b2f4cfe03d4966e108ad4b375f02b5ac96/index.html","","out/md/85e7f4b2f4cfe03d4966e108ad4b375f02b5ac96.md","out/reviews/85e7f4b2f4cfe03d4966e108ad4b375f02b5ac96.review.json","16","textflow_ok","True","44482","50209","0","0"
"8602a2b50f41a45f138c518c96eabcc8a3c28ae9","https://openalex.org/W2902474336","https://doi.org/10.1002/adfm.201805924","2018","Engineering","Flexible Electronics: Stretchable Electrodes and Their Future","out/html/8602a2b50f41a45f138c518c96eabcc8a3c28ae9/index.html","out/html_ocr/8602a2b50f41a45f138c518c96eabcc8a3c28ae9/index.html","out/md/8602a2b50f41a45f138c518c96eabcc8a3c28ae9.md","out/reviews/8602a2b50f41a45f138c518c96eabcc8a3c28ae9.review.json","43","textflow_ok","True","72298","80189","0","0"
"860d62fe8df0a4208891ad3cba7331691b0569db","https://openalex.org/W2225109326","https://doi.org/10.1016/j.jclinepi.2015.12.005","2016","Mathematics","A calibration hierarchy for risk models was defined: from utopia to empirical data","out/html/860d62fe8df0a4208891ad3cba7331691b0569db/index.html","out/html_ocr/860d62fe8df0a4208891ad3cba7331691b0569db/index.html","out/md/860d62fe8df0a4208891ad3cba7331691b0569db.md","out/reviews/860d62fe8df0a4208891ad3cba7331691b0569db.review.json","47","textflow_ok","True","64781","75228","0","0"
"86cf0f2bf2d052469cb8a3192d6edaf7f5ad54fb","https://openalex.org/W2888856613","https://doi.org/10.1126/science.aan5360","2018","Earth and Planetary Sciences","Past and future global transformation of terrestrial ecosystems under climate change","out/html/86cf0f2bf2d052469cb8a3192d6edaf7f5ad54fb/index.html","","out/md/86cf0f2bf2d052469cb8a3192d6edaf7f5ad54fb.md","out/reviews/86cf0f2bf2d052469cb8a3192d6edaf7f5ad54fb.review.json","57","textflow_ok","True","85802","95163","0","0"
"86ff2ea6405a433612837fe46b96ac58b33e3b7a","https://openalex.org/W2899631718","https://doi.org/10.1021/jacs.8b10851","2018","Engineering","Two-Dimensional Hybrid Halide Perovskites: Principles and Promises","out/html/86ff2ea6405a433612837fe46b96ac58b33e3b7a/index.html","out/html_ocr/86ff2ea6405a433612837fe46b96ac58b33e3b7a/index.html","out/md/86ff2ea6405a433612837fe46b96ac58b33e3b7a.md","out/reviews/86ff2ea6405a433612837fe46b96ac58b33e3b7a.review.json","22","textflow_ok","True","122955","129104","0","0"
"8762a81c5bcf9266893a4b3834e00ce8480c8da6","https://openalex.org/W3041773269","https://doi.org/10.1038/s41586-020-2448-9","2020","Environmental Science","Potential for large-scale CO2 removal via enhanced rock weathering with croplands","out/html/8762a81c5bcf9266893a4b3834e00ce8480c8da6/index.html","","out/md/8762a81c5bcf9266893a4b3834e00ce8480c8da6.md","out/reviews/8762a81c5bcf9266893a4b3834e00ce8480c8da6.review.json","26","textflow_ok","True","78849","88181","0","0"
"8777d0c617e0eed82d451dd6961585d286028ba4","https://openalex.org/W2805657678","https://doi.org/10.1109/comst.2018.2843719","2018","Engineering","A Survey on Hybrid Beamforming Techniques in 5G: Architecture and System Model Perspectives","out/html/8777d0c617e0eed82d451dd6961585d286028ba4/index.html","out/html_ocr/8777d0c617e0eed82d451dd6961585d286028ba4/index.html","out/md/8777d0c617e0eed82d451dd6961585d286028ba4.md","out/reviews/8777d0c617e0eed82d451dd6961585d286028ba4.review.json","40","textflow_ok","True","245493","263126","0","0"
"878205d01f29200538f602e6ee62f656524d822f","https://openalex.org/W2732711214","https://doi.org/10.1038/546593a","2017","Energy","Three years to safeguard our climate","out/html/878205d01f29200538f602e6ee62f656524d822f/index.html","","out/md/878205d01f29200538f602e6ee62f656524d822f.md","out/reviews/878205d01f29200538f602e6ee62f656524d822f.review.json","10","textflow_ok","True","23145","25723","0","0"
"87b06a997ec9e7b138e2386f40189b2477a82282","https://openalex.org/W2979841977","https://doi.org/10.1126/science.aau2027","2019","Engineering","Grand challenges in the science of wind energy","out/html/87b06a997ec9e7b138e2386f40189b2477a82282/index.html","out/html_ocr/87b06a997ec9e7b138e2386f40189b2477a82282/index.html","out/md/87b06a997ec9e7b138e2386f40189b2477a82282.md","out/reviews/87b06a997ec9e7b138e2386f40189b2477a82282.review.json","45","textflow_ok","True","81624","88518","0","0"
"87b4ae39edc91c78226914f636038ea4bf065ed4","https://openalex.org/W2803804202","https://doi.org/10.1126/science.aar3646","2018","Biochemistry, Genetics and Molecular Biology","The projected effect on insects, vertebrates, and plants of limiting global warming to 1.5°C rather than 2°C","out/html/87b4ae39edc91c78226914f636038ea4bf065ed4/index.html","","out/md/87b4ae39edc91c78226914f636038ea4bf065ed4.md","out/reviews/87b4ae39edc91c78226914f636038ea4bf065ed4.review.json","9","textflow_ok","True","22367","25079","0","0"
"87e85cc867d3c50b9f8c182cff2799314c8ce4bf","https://openalex.org/W2996825230","https://doi.org/10.1038/s41586-020-2617-x","2020","Earth and Planetary Sciences","Glacial cooling and climate sensitivity revisited","out/html/87e85cc867d3c50b9f8c182cff2799314c8ce4bf/index.html","","out/md/87e85cc867d3c50b9f8c182cff2799314c8ce4bf.md","out/reviews/87e85cc867d3c50b9f8c182cff2799314c8ce4bf.review.json","35","textflow_ok","True","55225","64393","0","0"
"888764f05a60d770cfc0b49944308fd92ed45ee5","https://openalex.org/W2396309311","https://doi.org/10.14778/2850583.2850594","2015","Computer Science","How good are query optimizers, really?","out/html/888764f05a60d770cfc0b49944308fd92ed45ee5/index.html","","out/md/888764f05a60d770cfc0b49944308fd92ed45ee5.md","out/reviews/888764f05a60d770cfc0b49944308fd92ed45ee5.review.json","12","textflow_ok","True","73472","78837","0","0"
"88a5795966fd5e505057aa198281fa703d5e6090","https://openalex.org/W2465685816","https://doi.org/10.1002/aenm.201600943","2016","Engineering","Recent Progress in Electrode Materials for Sodium‐Ion Batteries","out/html/88a5795966fd5e505057aa198281fa703d5e6090/index.html","out/html_ocr/88a5795966fd5e505057aa198281fa703d5e6090/index.html","out/md/88a5795966fd5e505057aa198281fa703d5e6090.md","out/reviews/88a5795966fd5e505057aa198281fa703d5e6090.review.json","39","textflow_ok","True","192879","202479","0","0"
"88e8a855641d966d1d1a8a3b16a2c258a22014ed","https://openalex.org/W4296552591","https://doi.org/10.1038/s41586-022-05115-z","2022","Engineering","Compositionally complex doping for zero-strain zero-cobalt layered cathodes","out/html/88e8a855641d966d1d1a8a3b16a2c258a22014ed/index.html","out/html_ocr/88e8a855641d966d1d1a8a3b16a2c258a22014ed/index.html","out/md/88e8a855641d966d1d1a8a3b16a2c258a22014ed.md","out/reviews/88e8a855641d966d1d1a8a3b16a2c258a22014ed.review.json","15","textflow_ok","True","50098","57251","0","0"
"892174f1d6398877b0861050152c0b4f55dce6a9","https://openalex.org/W2534240011","https://doi.org/10.1017/jfm.2016.615","2016","Engineering","Reynolds averaged turbulence modelling using deep neural networks with embedded invariance","out/html/892174f1d6398877b0861050152c0b4f55dce6a9/index.html","out/html_ocr/892174f1d6398877b0861050152c0b4f55dce6a9/index.html","out/md/892174f1d6398877b0861050152c0b4f55dce6a9.md","out/reviews/892174f1d6398877b0861050152c0b4f55dce6a9.review.json","17","textflow_ok","True","29271","33252","0","0"
"8a99fb944a6509fb78d1cfbba8ced83050da01d4","https://openalex.org/W2591756686","https://doi.org/10.1038/nenergy.2017.18","2017","Engineering","Low-bandgap mixed tin–lead iodide perovskite absorbers with long carrier lifetimes for all-perovskite tandem solar cells","out/html/8a99fb944a6509fb78d1cfbba8ced83050da01d4/index.html","out/html_ocr/8a99fb944a6509fb78d1cfbba8ced83050da01d4/index.html","out/md/8a99fb944a6509fb78d1cfbba8ced83050da01d4.md","out/reviews/8a99fb944a6509fb78d1cfbba8ced83050da01d4.review.json","24","textflow_ok","True","46721","52942","0","0"
"8b05834085d556abd489c9e1c332e854d1a2f827","https://openalex.org/W2271655480","https://doi.org/10.1038/nmat4481","2015","Energy","Design of active and stable Co–Mo–Sx chalcogels as pH-universal catalysts for the hydrogen evolution reaction","out/html/8b05834085d556abd489c9e1c332e854d1a2f827/index.html","","out/md/8b05834085d556abd489c9e1c332e854d1a2f827.md","out/reviews/8b05834085d556abd489c9e1c332e854d1a2f827.review.json","36","textflow_ok","True","66238","73253","0","0"
"8b1ba1037aefddec9ce9d07858f661b72a1b41fe","https://openalex.org/W3004450693","https://doi.org/10.1137/18m1225409","2020","Physics and Astronomy","Physics-Informed Generative Adversarial Networks for Stochastic Differential Equations","out/html/8b1ba1037aefddec9ce9d07858f661b72a1b41fe/index.html","","out/md/8b1ba1037aefddec9ce9d07858f661b72a1b41fe.md","out/reviews/8b1ba1037aefddec9ce9d07858f661b72a1b41fe.review.json","35","textflow_ok","True","60856","67133","0","0"
"8c24f6a21134b334f6ad503ccdf4a2a90a6cba6a","https://openalex.org/W2782456798","https://doi.org/10.1126/science.aan8048","2018","Environmental Science","Spatial and temporal patterns of mass bleaching of corals in the Anthropocene","out/html/8c24f6a21134b334f6ad503ccdf4a2a90a6cba6a/index.html","out/html_ocr/8c24f6a21134b334f6ad503ccdf4a2a90a6cba6a/index.html","out/md/8c24f6a21134b334f6ad503ccdf4a2a90a6cba6a.md","out/reviews/8c24f6a21134b334f6ad503ccdf4a2a90a6cba6a.review.json","15","textflow_ok","True","19496","23536","0","0"
"8c2cd5038c3ec139e4019907df0d2e4eb46cffa4","https://openalex.org/W3135713975","https://doi.org/10.1038/s41560-021-00782-0","2021","Engineering","Reactive boride infusion stabilizes Ni-rich cathodes for lithium-ion batteries","out/html/8c2cd5038c3ec139e4019907df0d2e4eb46cffa4/index.html","","out/md/8c2cd5038c3ec139e4019907df0d2e4eb46cffa4.md","out/reviews/8c2cd5038c3ec139e4019907df0d2e4eb46cffa4.review.json","25","textflow_ok","True","56261","60934","0","0"
"8c7361fb4a0887ce8d74a0b2527832261fdbe5c1","https://openalex.org/W2126177955","https://doi.org/10.1038/nclimate2735","2015","Environmental Science","Climate and southern Africa's water–energy–food nexus","out/html/8c7361fb4a0887ce8d74a0b2527832261fdbe5c1/index.html","","out/md/8c7361fb4a0887ce8d74a0b2527832261fdbe5c1.md","out/reviews/8c7361fb4a0887ce8d74a0b2527832261fdbe5c1.review.json","21","textflow_ok","True","77738","89437","0","0"
"8c761eba29cdc07436f0eb4968a4103c48adb48f","https://openalex.org/W2596043326","https://doi.org/10.1038/nature21421","2017","Chemistry","Ultra-selective high-flux membranes from directly synthesized zeolite nanosheets","out/html/8c761eba29cdc07436f0eb4968a4103c48adb48f/index.html","","out/md/8c761eba29cdc07436f0eb4968a4103c48adb48f.md","out/reviews/8c761eba29cdc07436f0eb4968a4103c48adb48f.review.json","41","textflow_ok","True","61819","68264","0","0"
"8cce41603feb7fe688419639c687cb08aa1f51ee","https://openalex.org/W2587562756","https://doi.org/10.1016/j.worlddev.2016.12.031","2017","Environmental Science","Urban Governance and the Politics of Climate change","out/html/8cce41603feb7fe688419639c687cb08aa1f51ee/index.html","","","","51","textflow_ok","True","96247","106172","0","0"
"8ce5a217ddc54f1d07e2f6654bf0095507ff2d84","https://openalex.org/W2599950709","https://doi.org/10.1109/jestpe.2017.2690219","2017","Engineering","Review on Control of DC Microgrids","out/html/8ce5a217ddc54f1d07e2f6654bf0095507ff2d84/index.html","","out/md/8ce5a217ddc54f1d07e2f6654bf0095507ff2d84.md","out/reviews/8ce5a217ddc54f1d07e2f6654bf0095507ff2d84.review.json","22","textflow_ok","True","132666","140848","0","0"
"8cef86095642b55d2671ea39a69e3505314e3f46","https://openalex.org/W2892137378","https://doi.org/10.1002/aenm.201801892","2018","Engineering","Self‐Assembled Hole Transporting Monolayer for Highly Efficient Perovskite Solar Cells","out/html/8cef86095642b55d2671ea39a69e3505314e3f46/index.html","","out/md/8cef86095642b55d2671ea39a69e3505314e3f46.md","out/reviews/8cef86095642b55d2671ea39a69e3505314e3f46.review.json","55","textflow_ok","True","67826","78219","0","0"
"8d01b4b20e189dc96e04d31565b56801efb20149","https://openalex.org/W2944198683","https://doi.org/10.1021/jacs.9b02945","2019","Energy","Binding Site Diversity Promotes CO 2 Electroreduction to Ethanol","out/html/8d01b4b20e189dc96e04d31565b56801efb20149/index.html","","out/md/8d01b4b20e189dc96e04d31565b56801efb20149.md","out/reviews/8d01b4b20e189dc96e04d31565b56801efb20149.review.json","22","textflow_ok","True","38324","42173","0","0"
"8d51af6bd684959fdd8188244900f74eb629be9f","https://openalex.org/W2463647074","https://doi.org/10.1016/j.actamat.2016.06.034","2016","Engineering","Cold spraying – A materials perspective","out/html/8d51af6bd684959fdd8188244900f74eb629be9f/index.html","out/html_ocr/8d51af6bd684959fdd8188244900f74eb629be9f/index.html","out/md/8d51af6bd684959fdd8188244900f74eb629be9f.md","out/reviews/8d51af6bd684959fdd8188244900f74eb629be9f.review.json","79","textflow_ok","True","139301","155095","0","0"
"8da22c007ab12414f59b180f0f0e67f0f8f736dc","https://openalex.org/W2593065393","https://doi.org/10.1109/tpel.2017.2652318","2017","Engineering","Step-Up DC–DC Converters: A Comprehensive Review of Voltage-Boosting Techniques, Topologies, and Applications","out/html/8da22c007ab12414f59b180f0f0e67f0f8f736dc/index.html","out/html_ocr/8da22c007ab12414f59b180f0f0e67f0f8f736dc/index.html","out/md/8da22c007ab12414f59b180f0f0e67f0f8f736dc.md","out/reviews/8da22c007ab12414f59b180f0f0e67f0f8f736dc.review.json","37","textflow_ok","True","176392","185395","0","0"
"8dc42b23a2baf7c5f5238b6adfb7a9f17037b18d","https://openalex.org/W2737133187","https://doi.org/10.1002/adma.201700229","2017","Materials Science","Porous Organic Polymers for Post‐Combustion Carbon Capture","out/html/8dc42b23a2baf7c5f5238b6adfb7a9f17037b18d/index.html","","out/md/8dc42b23a2baf7c5f5238b6adfb7a9f17037b18d.md","out/reviews/8dc42b23a2baf7c5f5238b6adfb7a9f17037b18d.review.json","35","textflow_ok","True","160565","185311","0","0"
"8e3bb1c3290f72d965c7140c7108ce50d16cf207","https://openalex.org/W2294362895","https://doi.org/10.1021/acs.est.5b03709","2015","Environmental Science","Ambient Air Pollution Exposure Estimation for the Global Burden of Disease 2013","out/html/8e3bb1c3290f72d965c7140c7108ce50d16cf207/index.html","","out/md/8e3bb1c3290f72d965c7140c7108ce50d16cf207.md","out/reviews/8e3bb1c3290f72d965c7140c7108ce50d16cf207.review.json","26","textflow_ok","True","48263","54596","0","0"
"8e86dc359b8fd349641782b6e586b2b344cdc1bb","https://openalex.org/W2902256955","https://doi.org/10.1039/c8ee03252a","2018","Engineering","Freestanding 1T MoS 2 /graphene heterostructures as a highly efficient electrocatalyst for lithium polysulfides in Li–S batteries","out/html/8e86dc359b8fd349641782b6e586b2b344cdc1bb/index.html","","out/md/8e86dc359b8fd349641782b6e586b2b344cdc1bb.md","out/reviews/8e86dc359b8fd349641782b6e586b2b344cdc1bb.review.json","7","textflow_ok","True","35603","40609","0","0"
"8e870758b6d336282170c4c4422148abaa8d2535","https://openalex.org/W2973335593","https://doi.org/10.1038/s41560-019-0466-3","2019","Engineering","Monolithic all-perovskite tandem solar cells with 24.8% efficiency exploiting comproportionation to suppress Sn(ii) oxidation in precursor ink","out/html/8e870758b6d336282170c4c4422148abaa8d2535/index.html","out/html_ocr/8e870758b6d336282170c4c4422148abaa8d2535/index.html","out/md/8e870758b6d336282170c4c4422148abaa8d2535.md","out/reviews/8e870758b6d336282170c4c4422148abaa8d2535.review.json","22","textflow_ok","True","52203","57127","0","0"
"8efcb1e84f617841520ae9f0c26cb1cd214b0af5","https://openalex.org/W4220717841","https://doi.org/10.1007/s10409-021-01148-1","2021","Physics and Astronomy","Physics-informed neural networks (PINNs) for fluid mechanics: a review","out/html/8efcb1e84f617841520ae9f0c26cb1cd214b0af5/index.html","","out/md/8efcb1e84f617841520ae9f0c26cb1cd214b0af5.md","out/reviews/8efcb1e84f617841520ae9f0c26cb1cd214b0af5.review.json","12","textflow_ok","True","49686","54719","0","0"
"8f019cc55c1fc222a6134b41370eb8b1507d02ab","https://openalex.org/W2559879421","https://doi.org/10.1002/anie.201608924","2016","Engineering","Hybrid Polymer/Garnet Electrolyte with a Small Interfacial Resistance for Lithium‐Ion Batteries","out/html/8f019cc55c1fc222a6134b41370eb8b1507d02ab/index.html","","out/md/8f019cc55c1fc222a6134b41370eb8b1507d02ab.md","out/reviews/8f019cc55c1fc222a6134b41370eb8b1507d02ab.review.json","7","textflow_ok","True","24713","28289","0","0"
"8f25c3419be06d2a62a3e1e7d419a07548ac9d25","https://openalex.org/W1780635652","https://doi.org/10.1038/ngeo2539","2015","Earth and Planetary Sciences","Coastal vulnerability across the Pacific dominated by El Niño/Southern Oscillation","out/html/8f25c3419be06d2a62a3e1e7d419a07548ac9d25/index.html","","out/md/8f25c3419be06d2a62a3e1e7d419a07548ac9d25.md","out/reviews/8f25c3419be06d2a62a3e1e7d419a07548ac9d25.review.json","53","textflow_ok","True","42340","50456","0","0"
"8fb4871c39337e082539802f2afbcf365d5c8ecf","https://openalex.org/W4389338803","https://doi.org/10.1038/s41929-023-01062-8","2023","Energy","Tuning the thermal activation atmosphere breaks the activity–stability trade-off of Fe–N–C oxygen reduction fuel cell catalysts","out/html/8fb4871c39337e082539802f2afbcf365d5c8ecf/index.html","","out/md/8fb4871c39337e082539802f2afbcf365d5c8ecf.md","out/reviews/8fb4871c39337e082539802f2afbcf365d5c8ecf.review.json","44","textflow_ok","True","74317","83689","0","0"
"90139e8d9a8a76e96a460752c03a95f8840cecb7","https://openalex.org/W2965871288","https://doi.org/10.1038/s41596-019-0191-1","2019","Engineering","Determination of hydroxyl groups in biorefinery resources via quantitative 31P NMR spectroscopy","out/html/90139e8d9a8a76e96a460752c03a95f8840cecb7/index.html","","out/md/90139e8d9a8a76e96a460752c03a95f8840cecb7.md","out/reviews/90139e8d9a8a76e96a460752c03a95f8840cecb7.review.json","36","textflow_ok","True","82432","91788","0","0"
"9020e6d5c8de066a8ac13150971124570da48250","https://openalex.org/W3098161317","","2017","Engineering","OSMnx: New Methods for Acquiring, Constructing, Analyzing, and Visualizing Complex Street Networks","out/html/9020e6d5c8de066a8ac13150971124570da48250/index.html","","","","15","textflow_ok","True","64450","68989","0","0"
"902bd6e978324c362ae895e17f36ce85f3ef3c81","https://openalex.org/W2345317090","https://doi.org/10.1002/adma.201600772","2016","Engineering","A Water‐Based Silver‐Nanowire Screen‐Print Ink for the Fabrication of Stretchable Conductors and Wearable Thin‐Film Transistors","out/html/902bd6e978324c362ae895e17f36ce85f3ef3c81/index.html","","out/md/902bd6e978324c362ae895e17f36ce85f3ef3c81.md","out/reviews/902bd6e978324c362ae895e17f36ce85f3ef3c81.review.json","29","textflow_ok","True","48561","55321","0","0"
"90424055b022e8dfeb1e6f80c9e59bc699f5246e","https://openalex.org/W2233094088","https://doi.org/10.1016/j.biocon.2015.12.033","2016","Environmental Science","Linking plant phenology to conservation biology","out/html/90424055b022e8dfeb1e6f80c9e59bc699f5246e/index.html","","out/md/90424055b022e8dfeb1e6f80c9e59bc699f5246e.md","out/reviews/90424055b022e8dfeb1e6f80c9e59bc699f5246e.review.json","51","textflow_ok","True","117388","129833","0","0"
"90d9514372acfb15e69dca21fef78edc7ba965f1","https://openalex.org/W2202937947","https://doi.org/10.1021/jacs.5b11199","2015","Engineering","Highly Luminescent Colloidal Nanoplates of Perovskite Cesium Lead Halide and Their Oriented Assemblies","out/html/90d9514372acfb15e69dca21fef78edc7ba965f1/index.html","out/html_ocr/90d9514372acfb15e69dca21fef78edc7ba965f1/index.html","out/md/90d9514372acfb15e69dca21fef78edc7ba965f1.md","out/reviews/90d9514372acfb15e69dca21fef78edc7ba965f1.review.json","13","textflow_ok","True","24576","27552","0","0"
"9103cb685a364336e700d2655e4c90ca5852a559","https://openalex.org/W2768887781","https://doi.org/10.1021/jacs.7b10688","2017","Engineering","How Solid-Electrolyte Interphase Forms in Aqueous Electrolytes","out/html/9103cb685a364336e700d2655e4c90ca5852a559/index.html","","out/md/9103cb685a364336e700d2655e4c90ca5852a559.md","out/reviews/9103cb685a364336e700d2655e4c90ca5852a559.review.json","28","textflow_ok","True","56599","61768","0","0"
"91b4d3281995dc8659fb466868a78295d1125fd0","https://openalex.org/W2390031586","https://doi.org/10.1002/adma.201600619","2016","Engineering","Enhanced Efficiency and Stability of Inverted Perovskite Solar Cells Using Highly Crystalline SnO 2 Nanocrystals as the Robust Electron‐Transporting Layer","out/html/91b4d3281995dc8659fb466868a78295d1125fd0/index.html","","out/md/91b4d3281995dc8659fb466868a78295d1125fd0.md","out/reviews/91b4d3281995dc8659fb466868a78295d1125fd0.review.json","7","textflow_ok","True","32341","35207","0","0"
"91df9e17824be1c68243d40f3a2eccc7a2f2b924","https://openalex.org/W2807815329","https://doi.org/10.1016/j.rser.2018.05.030","2018","Engineering","Eco-driving technology for sustainable road transport: A review","out/html/91df9e17824be1c68243d40f3a2eccc7a2f2b924/index.html","","out/md/91df9e17824be1c68243d40f3a2eccc7a2f2b924.md","out/reviews/91df9e17824be1c68243d40f3a2eccc7a2f2b924.review.json","33","textflow_ok","True","109430","115465","0","0"
"91fc0f471b3c01dec9c2ff5dbdfe7272fb41d06c","https://openalex.org/W2886785109","https://doi.org/10.1126/science.aar7191","2018","Agricultural and Biological Sciences","Shifting the limits in wheat research and breeding using a fully annotated reference genome","out/html/91fc0f471b3c01dec9c2ff5dbdfe7272fb41d06c/index.html","out/html_ocr/91fc0f471b3c01dec9c2ff5dbdfe7272fb41d06c/index.html","out/md/91fc0f471b3c01dec9c2ff5dbdfe7272fb41d06c.md","out/reviews/91fc0f471b3c01dec9c2ff5dbdfe7272fb41d06c.review.json","62","textflow_ok","True","120082","135550","0","0"
"92c9eae20a515d622552ac54df1ed9d88153acf1","https://openalex.org/W2809095263","https://doi.org/10.1016/j.buildenv.2018.06.022","2018","Engineering","Development of the ASHRAE Global Thermal Comfort Database II","out/html/92c9eae20a515d622552ac54df1ed9d88153acf1/index.html","","out/md/92c9eae20a515d622552ac54df1ed9d88153acf1.md","out/reviews/92c9eae20a515d622552ac54df1ed9d88153acf1.review.json","26","textflow_ok","True","63569","69929","0","0"
"92cd187d63051843048e71bb5dec4162dd5ed3e0","https://openalex.org/W2945986935","https://doi.org/10.1002/adma.201901125","2019","Engineering","Current Status and Future Prospects of Metal–Sulfur Batteries","out/html/92cd187d63051843048e71bb5dec4162dd5ed3e0/index.html","","out/md/92cd187d63051843048e71bb5dec4162dd5ed3e0.md","out/reviews/92cd187d63051843048e71bb5dec4162dd5ed3e0.review.json","152","textflow_ok","True","263283","335570","0","0"
"932cf9be665a143c8addf3294c5a9856e46e49b6","https://openalex.org/W1604509704","https://doi.org/10.17615/jtzc-v174","2021","Environmental Science","Size, temperature, and fitness: three rules","out/html/932cf9be665a143c8addf3294c5a9856e46e49b6/index.html","out/html_ocr/932cf9be665a143c8addf3294c5a9856e46e49b6/index.html","out/md/932cf9be665a143c8addf3294c5a9856e46e49b6.md","out/reviews/932cf9be665a143c8addf3294c5a9856e46e49b6.review.json","18","textflow_ok","True","57903","61901","0","0"
"934270289a6b270530dbb9031b66d4f66d7ad0a0","https://openalex.org/W2794079675","https://doi.org/10.1126/science.aat3188","2018","Biochemistry, Genetics and Molecular Biology","Ancient genomes document multiple waves of migration in Southeast Asian prehistory","out/html/934270289a6b270530dbb9031b66d4f66d7ad0a0/index.html","","out/md/934270289a6b270530dbb9031b66d4f66d7ad0a0.md","out/reviews/934270289a6b270530dbb9031b66d4f66d7ad0a0.review.json","11","textflow_ok","True","47596","51017","0","0"
"9373a2daed5af0d00e242f717479e877bfc1ec32","https://openalex.org/W2258223240","https://doi.org/10.1002/celc.201600059","2016","Materials Science","Porous Two‐Dimensional Transition Metal Carbide (MXene) Flakes for High‐Performance Li‐Ion Storage","out/html/9373a2daed5af0d00e242f717479e877bfc1ec32/index.html","","out/md/9373a2daed5af0d00e242f717479e877bfc1ec32.md","out/reviews/9373a2daed5af0d00e242f717479e877bfc1ec32.review.json","13","textflow_ok","True","36968","40804","0","0"
"93acb341cb6c79bad718fbf6adc6e134caa89086","https://openalex.org/W4286560855","https://doi.org/10.1038/s41586-022-05108-y","2022","Chemical Engineering","Electroreduction of nitrogen with almost 100% current-to-ammonia efficiency","out/html/93acb341cb6c79bad718fbf6adc6e134caa89086/index.html","","out/md/93acb341cb6c79bad718fbf6adc6e134caa89086.md","out/reviews/93acb341cb6c79bad718fbf6adc6e134caa89086.review.json","13","textflow_ok","True","31178","34157","0","0"
"9405b0484e42a55c79236bd672ada75f4c118ed4","https://openalex.org/W2900263903","https://doi.org/10.1038/s41560-018-0276-z","2018","Engineering","Stable metal battery anodes enabled by polyethylenimine sponge hosts by way of electrokinetic effects","out/html/9405b0484e42a55c79236bd672ada75f4c118ed4/index.html","","out/md/9405b0484e42a55c79236bd672ada75f4c118ed4.md","out/reviews/9405b0484e42a55c79236bd672ada75f4c118ed4.review.json","19","textflow_ok","True","27469","31086","0","0"
"94192df5176726dcdd0c383aab904a1f00d9a2dc","https://openalex.org/W2595073340","https://doi.org/10.1038/nn.4528","2017","Biochemistry, Genetics and Molecular Biology","Regulatory T cells promote myelin regeneration in the central nervous system","out/html/94192df5176726dcdd0c383aab904a1f00d9a2dc/index.html","","out/md/94192df5176726dcdd0c383aab904a1f00d9a2dc.md","out/reviews/94192df5176726dcdd0c383aab904a1f00d9a2dc.review.json","10","textflow_ok","True","65132","72036","0","0"
"945ecf016aa595dd46e7997d511e37c193d88581","https://openalex.org/W2520778196","https://doi.org/10.1021/jacs.6b07612","2016","Energy","Hydrolysis of Electrolyte Cations Enhances the Electrochemical Reduction of CO 2 over Ag and Cu","out/html/945ecf016aa595dd46e7997d511e37c193d88581/index.html","out/html_ocr/945ecf016aa595dd46e7997d511e37c193d88581/index.html","out/md/945ecf016aa595dd46e7997d511e37c193d88581.md","out/reviews/945ecf016aa595dd46e7997d511e37c193d88581.review.json","18","textflow_ok","True","47652","53757","0","0"
"94d21b6d76b38a9da8346ed1a981bc8ab6b83b57","https://openalex.org/W2609956992","https://doi.org/10.1021/acs.est.7b00451","2017","Environmental Science","Total Mercury Released to the Environment by Human Activities","out/html/94d21b6d76b38a9da8346ed1a981bc8ab6b83b57/index.html","","out/md/94d21b6d76b38a9da8346ed1a981bc8ab6b83b57.md","out/reviews/94d21b6d76b38a9da8346ed1a981bc8ab6b83b57.review.json","27","textflow_ok","True","44060","50712","0","0"
"94fc0e34b8164ed2cb1d9bafe64622eedd53ae87","https://openalex.org/W2551981773","https://doi.org/10.1021/jacs.6b11027","2016","Chemistry","Plasmon-Enhanced Photocatalytic CO2 Conversion within Metal–Organic Frameworks under Visible Light","out/html/94fc0e34b8164ed2cb1d9bafe64622eedd53ae87/index.html","","out/md/94fc0e34b8164ed2cb1d9bafe64622eedd53ae87.md","out/reviews/94fc0e34b8164ed2cb1d9bafe64622eedd53ae87.review.json","10","textflow_ok","True","32670","35594","0","0"
"95a2121b56febfa000b8d954620c6ea8f93590a3","https://openalex.org/W2345736499","https://doi.org/10.1021/acs.nanolett.5b02423","2015","Materials Science","Two-Step Growth of Two-Dimensional WSe2/MoSe2 Heterostructures","out/html/95a2121b56febfa000b8d954620c6ea8f93590a3/index.html","","out/md/95a2121b56febfa000b8d954620c6ea8f93590a3.md","out/reviews/95a2121b56febfa000b8d954620c6ea8f93590a3.review.json","18","textflow_ok","True","33455","36884","0","0"
"95e8dafe811d29dee9be0ab334dbd49c5dce77f1","https://openalex.org/W2971402453","https://doi.org/10.1016/j.bbagrm.2019.194417","2019","Biochemistry, Genetics and Molecular Biology","Non-coding RNA regulatory networks","out/html/95e8dafe811d29dee9be0ab334dbd49c5dce77f1/index.html","","out/md/95e8dafe811d29dee9be0ab334dbd49c5dce77f1.md","out/reviews/95e8dafe811d29dee9be0ab334dbd49c5dce77f1.review.json","31","textflow_ok","True","75124","80701","0","0"
"9616ece30b7ed1972a28369e4723d02a86e5aa97","https://openalex.org/W2219715551","https://doi.org/10.1016/j.neucom.2015.11.044","2015","Engineering","Novel segmented stacked autoencoder for effective dimensionality reduction and feature extraction in hyperspectral imaging","out/html/9616ece30b7ed1972a28369e4723d02a86e5aa97/index.html","","out/md/9616ece30b7ed1972a28369e4723d02a86e5aa97.md","out/reviews/9616ece30b7ed1972a28369e4723d02a86e5aa97.review.json","18","textflow_ok","True","40760","45217","0","0"
"96279a26354f792d702e58a3a120a7f7b84f0b7b","https://openalex.org/W2766901392","https://doi.org/10.1038/nmat5021","2017","Engineering","Additively manufactured hierarchical stainless steels with high strength and ductility","out/html/96279a26354f792d702e58a3a120a7f7b84f0b7b/index.html","out/html_ocr/96279a26354f792d702e58a3a120a7f7b84f0b7b/index.html","out/md/96279a26354f792d702e58a3a120a7f7b84f0b7b.md","out/reviews/96279a26354f792d702e58a3a120a7f7b84f0b7b.review.json","32","textflow_ok","True","70652","76746","0","0"
"96a971222ee7f5a7447f141cffadad37d5a50154","https://openalex.org/W2519459322","https://doi.org/10.1038/nmat4749","2016","Materials Science","Synthesis of freestanding single-crystal perovskite films and heterostructures by etching of sacrificial water-soluble layers","out/html/96a971222ee7f5a7447f141cffadad37d5a50154/index.html","","out/md/96a971222ee7f5a7447f141cffadad37d5a50154.md","out/reviews/96a971222ee7f5a7447f141cffadad37d5a50154.review.json","23","textflow_ok","True","27373","31277","0","0"
"96f6e59ffc7be989549d1e26a898d0aac8ff2417","https://openalex.org/W2933816311","https://doi.org/10.1002/anie.201901575","2019","Energy","Isolated Diatomic Ni‐Fe Metal–Nitrogen Sites for Synergistic Electroreduction of CO2","out/html/96f6e59ffc7be989549d1e26a898d0aac8ff2417/index.html","out/html_ocr/96f6e59ffc7be989549d1e26a898d0aac8ff2417/index.html","out/md/96f6e59ffc7be989549d1e26a898d0aac8ff2417.md","out/reviews/96f6e59ffc7be989549d1e26a898d0aac8ff2417.review.json","5","textflow_ok","True","26586","28956","0","0"
"971a16c5229451ff1bf66d4fa0463aa3132bcfa0","https://openalex.org/W2407518462","https://doi.org/10.1021/jacs.6b03134","2016","Engineering","Synthesis of Composition Tunable and Highly Luminescent Cesium Lead Halide Nanowires through Anion-Exchange Reactions","out/html/971a16c5229451ff1bf66d4fa0463aa3132bcfa0/index.html","","","","5","textflow_ok","True","20452","22971","0","0"
"9787c4820fa85b73ff3739f940d2b47fcf924907","https://openalex.org/W4225609704","https://doi.org/10.1037/bul0000353","2021","Neuroscience","Visual attentional orienting by eye gaze: A meta-analytic review of the gaze-cueing effect.","out/html/9787c4820fa85b73ff3739f940d2b47fcf924907/index.html","","out/md/9787c4820fa85b73ff3739f940d2b47fcf924907.md","out/reviews/9787c4820fa85b73ff3739f940d2b47fcf924907.review.json","21","textflow_ok","True","142885","150751","0","0"
"979113aa671edf710e94f2b407961962efc25efc","https://openalex.org/W2336426693","https://doi.org/10.1038/nclimate3004","2016","Environmental Science","Greening of the Earth and its drivers","out/html/979113aa671edf710e94f2b407961962efc25efc/index.html","out/html_ocr/979113aa671edf710e94f2b407961962efc25efc/index.html","out/md/979113aa671edf710e94f2b407961962efc25efc.md","out/reviews/979113aa671edf710e94f2b407961962efc25efc.review.json","7","textflow_ok","True","35487","39636","0","0"
"97b697821dfca6f8cf00644ce50c2f752a926621","https://openalex.org/W2805559882","https://doi.org/10.1021/jacs.8b02798","2018","Energy","Designing Boron Nitride Islands in Carbon Materials for Efficient Electrochemical Synthesis of Hydrogen Peroxide","out/html/97b697821dfca6f8cf00644ce50c2f752a926621/index.html","","out/md/97b697821dfca6f8cf00644ce50c2f752a926621.md","out/reviews/97b697821dfca6f8cf00644ce50c2f752a926621.review.json","30","textflow_ok","True","47426","54531","0","0"
"97d26d672cb83589400614011b9eb26e65515e42","https://openalex.org/W2962981403","https://doi.org/10.1038/s41586-019-1444-4","2019","Environmental Science","Global spatial risk assessment of sharks under the footprint of fisheries","out/html/97d26d672cb83589400614011b9eb26e65515e42/index.html","","out/md/97d26d672cb83589400614011b9eb26e65515e42.md","out/reviews/97d26d672cb83589400614011b9eb26e65515e42.review.json","64","textflow_ok","True","91158","100075","0","0"
"97f38454abb9208f3e071220496f6d2f703517ef","https://openalex.org/W2783741806","https://doi.org/10.1109/tetci.2017.2772792","2018","Computer Science","A Deep Learning Approach to Network Intrusion Detection","out/html/97f38454abb9208f3e071220496f6d2f703517ef/index.html","out/html_ocr/97f38454abb9208f3e071220496f6d2f703517ef/index.html","out/md/97f38454abb9208f3e071220496f6d2f703517ef.md","out/reviews/97f38454abb9208f3e071220496f6d2f703517ef.review.json","10","textflow_ok","True","56664","62013","0","0"
"98176fe67f0d859b65c4ca8dc91616a880285f23","https://openalex.org/W2012042716","https://doi.org/10.1021/acs.nanolett.5b00491","2015","Materials Science","CuInP 2 S 6 Room Temperature Layered Ferroelectric","out/html/98176fe67f0d859b65c4ca8dc91616a880285f23/index.html","","out/md/98176fe67f0d859b65c4ca8dc91616a880285f23.md","out/reviews/98176fe67f0d859b65c4ca8dc91616a880285f23.review.json","14","textflow_ok","True","28948","32667","0","0"
"9845012325e8b4fe2cf07b23cb9809cdf268ad53","https://openalex.org/W2617331090","https://doi.org/10.1021/acs.nanolett.7b00379","2017","Engineering","Intergranular Cracking as a Major Cause of Long-Term Capacity Fading of Layered Cathodes","out/html/9845012325e8b4fe2cf07b23cb9809cdf268ad53/index.html","","out/md/9845012325e8b4fe2cf07b23cb9809cdf268ad53.md","out/reviews/9845012325e8b4fe2cf07b23cb9809cdf268ad53.review.json","18","textflow_ok","True","28872","32231","0","0"
"9869f24bac7af8a2562d3cea38bff85f5bd132e9","https://openalex.org/W2980432114","https://doi.org/10.1002/anie.201909312","2019","Energy","Thermally Driven Structure and Performance Evolution of Atomically Dispersed FeN 4 Sites for Oxygen Reduction","out/html/9869f24bac7af8a2562d3cea38bff85f5bd132e9/index.html","","out/md/9869f24bac7af8a2562d3cea38bff85f5bd132e9.md","out/reviews/9869f24bac7af8a2562d3cea38bff85f5bd132e9.review.json","11","textflow_ok","True","46508","50499","0","0"
"987f523cdbf39f3e89aacc56d97768e40978c52a","https://openalex.org/W2996484722","https://doi.org/10.1038/s41929-019-0383-7","2019","Energy","Cooperative CO2-to-ethanol conversion via enriched intermediates at molecule–metal catalyst interfaces","out/html/987f523cdbf39f3e89aacc56d97768e40978c52a/index.html","","out/md/987f523cdbf39f3e89aacc56d97768e40978c52a.md","out/reviews/987f523cdbf39f3e89aacc56d97768e40978c52a.review.json","31","textflow_ok","True","47681","56719","0","0"
"98b2db36dde93cb916af979311c2a898e1fc565e","https://openalex.org/W4318685275","https://doi.org/10.1016/s0140-6736(22)02585-5","2023","Environmental Science","Cooling cities through urban green infrastructure: a health impact assessment of European cities","out/html/98b2db36dde93cb916af979311c2a898e1fc565e/index.html","","out/md/98b2db36dde93cb916af979311c2a898e1fc565e.md","out/reviews/98b2db36dde93cb916af979311c2a898e1fc565e.review.json","30","textflow_ok","True","76593","85370","0","0"
"98b369a0459a28c2281702d98acb88076bee159d","https://openalex.org/W4224247690","https://doi.org/10.1038/s41586-022-04457-y","2022","Materials Science","Revitalizing interface in protonic ceramic cells by acid etch","out/html/98b369a0459a28c2281702d98acb88076bee159d/index.html","","out/md/98b369a0459a28c2281702d98acb88076bee159d.md","out/reviews/98b369a0459a28c2281702d98acb88076bee159d.review.json","15","textflow_ok","True","43791","47794","0","0"
"997b2115a111e1416b0375001955ecf4b4f92210","https://openalex.org/W2252782483","https://doi.org/10.1038/ngeo2652","2016","Earth and Planetary Sciences","Cooling and societal change during the Late Antique Little Ice Age from 536 to around 660 AD","out/html/997b2115a111e1416b0375001955ecf4b4f92210/index.html","out/html_ocr/997b2115a111e1416b0375001955ecf4b4f92210/index.html","out/md/997b2115a111e1416b0375001955ecf4b4f92210.md","out/reviews/997b2115a111e1416b0375001955ecf4b4f92210.review.json","18","textflow_ok","True","29731","33746","0","0"
"99b6b36c884a59c7db94095e8a086e9efaf18092","https://openalex.org/W3038386718","https://doi.org/10.1038/s41565-020-0714-5","2020","Engineering","Bipolar-shell resurfacing for blue LEDs based on strongly confined perovskite quantum dots","out/html/99b6b36c884a59c7db94095e8a086e9efaf18092/index.html","out/html_ocr/99b6b36c884a59c7db94095e8a086e9efaf18092/index.html","out/md/99b6b36c884a59c7db94095e8a086e9efaf18092.md","out/reviews/99b6b36c884a59c7db94095e8a086e9efaf18092.review.json","27","textflow_ok","True","22053","27921","0","0"
"99c3a3b795f85b57da7b621859d7eaa3d0b4d175","https://openalex.org/W419767010","https://doi.org/10.1016/j.conbuildmat.2015.05.105","2015","Engineering","Use of macro plastic fibres in concrete: A review","out/html/99c3a3b795f85b57da7b621859d7eaa3d0b4d175/index.html","","out/md/99c3a3b795f85b57da7b621859d7eaa3d0b4d175.md","out/reviews/99c3a3b795f85b57da7b621859d7eaa3d0b4d175.review.json","37","textflow_ok","True","50330","56924","0","0"
"9a2f216a0276e6ae7bc974bed339dbd2b18f8563","https://openalex.org/W2946232728","https://doi.org/10.1038/s41929-019-0279-6","2019","Energy","Single-atom tailoring of platinum nanocatalysts for high-performance multifunctional electrocatalysis","out/html/9a2f216a0276e6ae7bc974bed339dbd2b18f8563/index.html","","out/md/9a2f216a0276e6ae7bc974bed339dbd2b18f8563.md","out/reviews/9a2f216a0276e6ae7bc974bed339dbd2b18f8563.review.json","23","textflow_ok","True","57510","62291","0","0"
"9a57a58fddf15fad24d091db27121c78020fe121","https://openalex.org/W2784179142","https://doi.org/10.1021/acscatal.7b03477","2018","Energy","Mechanism of CO2 Reduction at Copper Surfaces: Pathways to C2 Products","out/html/9a57a58fddf15fad24d091db27121c78020fe121/index.html","out/html_ocr/9a57a58fddf15fad24d091db27121c78020fe121/index.html","out/md/9a57a58fddf15fad24d091db27121c78020fe121.md","out/reviews/9a57a58fddf15fad24d091db27121c78020fe121.review.json","34","textflow_ok","True","61782","69815","0","0"
"9b10291f363e50e3ba3b7fc7df5a93510f03198b","https://openalex.org/W2145808843","https://doi.org/10.1038/nclimate2657","2015","Environmental Science","Attribution of climate extreme events","out/html/9b10291f363e50e3ba3b7fc7df5a93510f03198b/index.html","out/html_ocr/9b10291f363e50e3ba3b7fc7df5a93510f03198b/index.html","out/md/9b10291f363e50e3ba3b7fc7df5a93510f03198b.md","out/reviews/9b10291f363e50e3ba3b7fc7df5a93510f03198b.review.json","17","textflow_ok","True","39641","44171","0","0"
"9b305d8d7008345fbaf07a28cdc7ca2a4c743e1a","https://openalex.org/W2611277466","https://doi.org/10.1021/acs.nanolett.7b00976","2017","Engineering","Tailoring the Energy Landscape in Quasi-2D Halide Perovskites Enables Efficient Green-Light Emission","out/html/9b305d8d7008345fbaf07a28cdc7ca2a4c743e1a/index.html","","out/md/9b305d8d7008345fbaf07a28cdc7ca2a4c743e1a.md","out/reviews/9b305d8d7008345fbaf07a28cdc7ca2a4c743e1a.review.json","26","textflow_ok","True","38751","43633","0","0"
"9b4864cd7a7bad4464d998cb7b1a4fd8dcd21b5a","https://openalex.org/W2897445111","https://doi.org/10.1039/c8ee02694g","2018","Energy","Highly active atomically dispersed CoN 4 fuel cell cathode catalysts derived from surfactant-assisted MOFs: carbon-shell confinement strategy","out/html/9b4864cd7a7bad4464d998cb7b1a4fd8dcd21b5a/index.html","out/html_ocr/9b4864cd7a7bad4464d998cb7b1a4fd8dcd21b5a/index.html","out/md/9b4864cd7a7bad4464d998cb7b1a4fd8dcd21b5a.md","out/reviews/9b4864cd7a7bad4464d998cb7b1a4fd8dcd21b5a.review.json","14","textflow_ok","True","51330","57664","0","0"
"9bf652b03ac2175e1337b048c280e9a21a5d72ad","https://openalex.org/W2934716754","https://doi.org/10.1038/s41592-019-0367-1","2019","Biochemistry, Genetics and Molecular Biology","cisTopic: cis-regulatory topic modeling on single-cell ATAC-seq data","out/html/9bf652b03ac2175e1337b048c280e9a21a5d72ad/index.html","","out/md/9bf652b03ac2175e1337b048c280e9a21a5d72ad.md","out/reviews/9bf652b03ac2175e1337b048c280e9a21a5d72ad.review.json","25","textflow_ok","True","62699","69045","0","0"
"9c04ef69afe864430b3d12eaa47f81d0d4ea51a9","https://openalex.org/W1528439235","https://doi.org/10.1063/1.4927765","2015","Engineering","Evaluation of machine learning algorithms for prediction of regions of high Reynolds averaged Navier Stokes uncertainty","out/html/9c04ef69afe864430b3d12eaa47f81d0d4ea51a9/index.html","","out/md/9c04ef69afe864430b3d12eaa47f81d0d4ea51a9.md","out/reviews/9c04ef69afe864430b3d12eaa47f81d0d4ea51a9.review.json","32","textflow_ok","True","71208","77660","0","0"
"9c435c53fa8451a866742221ce917829c6ad8fd7","https://openalex.org/W2776938484","https://doi.org/10.1002/cssc.201702317","2017","Materials Science","One‐Step Synthesis of Nb 2 O 5 /C/Nb 2 C (MXene) Composites and Their Use as Photocatalysts for Hydrogen Evolution","out/html/9c435c53fa8451a866742221ce917829c6ad8fd7/index.html","","out/md/9c435c53fa8451a866742221ce917829c6ad8fd7.md","out/reviews/9c435c53fa8451a866742221ce917829c6ad8fd7.review.json","13","textflow_ok","True","52335","57574","0","0"
"9c624d8f6fb0c3c98abb7a89ea1694d7560f9e13","https://openalex.org/W1968744581","https://doi.org/10.1016/j.jclepro.2015.02.089","2015","Engineering","Towards zero-waste valorisation of rare-earth-containing industrial process residues: a critical review","out/html/9c624d8f6fb0c3c98abb7a89ea1694d7560f9e13/index.html","","out/md/9c624d8f6fb0c3c98abb7a89ea1694d7560f9e13.md","out/reviews/9c624d8f6fb0c3c98abb7a89ea1694d7560f9e13.review.json","89","textflow_ok","True","143880","157653","0","0"
"9c8b0d27581e1f0d5165b49a64326eb001865567","https://openalex.org/W2779251897","https://doi.org/10.1021/acsami.7b18835","2017","Energy","g-C 3 N 4 /NiAl-LDH 2D/2D Hybrid Heterojunction for High-Performance Photocatalytic Reduction of CO 2 into Renewable Fuels","out/html/9c8b0d27581e1f0d5165b49a64326eb001865567/index.html","","out/md/9c8b0d27581e1f0d5165b49a64326eb001865567.md","out/reviews/9c8b0d27581e1f0d5165b49a64326eb001865567.review.json","42","textflow_ok","True","69828","77311","0","0"
"9d1015aaa7d31f2701ed3c5469a2d7e493218597","https://openalex.org/W2516658517","https://doi.org/10.1126/science.aaf8991","2016","Materials Science","Synthetic nacre by predesigned matrix-directed mineralization","out/html/9d1015aaa7d31f2701ed3c5469a2d7e493218597/index.html","out/html_ocr/9d1015aaa7d31f2701ed3c5469a2d7e493218597/index.html","out/md/9d1015aaa7d31f2701ed3c5469a2d7e493218597.md","out/reviews/9d1015aaa7d31f2701ed3c5469a2d7e493218597.review.json","4","textflow_ok","True","23321","26357","0","0"
"9d640882db20e4490e7c7b64ee7aa4b645bbb130","https://openalex.org/W2777278951","https://doi.org/10.1021/jacs.7b11940","2017","Materials Science","Reticular Electronic Tuning of Porphyrin Active Sites in Covalent Organic Frameworks for Electrocatalytic Carbon Dioxide Reduction","out/html/9d640882db20e4490e7c7b64ee7aa4b645bbb130/index.html","","out/md/9d640882db20e4490e7c7b64ee7aa4b645bbb130.md","out/reviews/9d640882db20e4490e7c7b64ee7aa4b645bbb130.review.json","14","textflow_ok","True","40842","44725","0","0"
"9db6d049bdc6927f37800c5a2948b555de0e7673","https://openalex.org/W2092774463","https://doi.org/10.1038/nature14290","2015","Physics and Astronomy","Monolayer semiconductor nanocavity lasers with ultralow thresholds","out/html/9db6d049bdc6927f37800c5a2948b555de0e7673/index.html","out/html_ocr/9db6d049bdc6927f37800c5a2948b555de0e7673/index.html","out/md/9db6d049bdc6927f37800c5a2948b555de0e7673.md","out/reviews/9db6d049bdc6927f37800c5a2948b555de0e7673.review.json","19","textflow_ok","True","29667","34343","0","0"
"9dd8f72d710bacf055c4a3bf58fe46c3073c42be","https://openalex.org/W1659095121","https://doi.org/10.1126/science.aab3574","2015","Environmental Science","Profiling risk and sustainability in coastal deltas of the world","out/html/9dd8f72d710bacf055c4a3bf58fe46c3073c42be/index.html","","out/md/9dd8f72d710bacf055c4a3bf58fe46c3073c42be.md","out/reviews/9dd8f72d710bacf055c4a3bf58fe46c3073c42be.review.json","8","textflow_ok","True","34404","37631","0","0"
"9f39f8da13b976a48eb0b5a4150ae5cda47adacc","https://openalex.org/W3039236515","https://doi.org/10.1021/acs.jmedchem.0c00830","2020","Biochemistry, Genetics and Molecular Biology","Thirty Years of HDAC Inhibitors: 2020 Insight and Hindsight","out/html/9f39f8da13b976a48eb0b5a4150ae5cda47adacc/index.html","","out/md/9f39f8da13b976a48eb0b5a4150ae5cda47adacc.md","out/reviews/9f39f8da13b976a48eb0b5a4150ae5cda47adacc.review.json","112","textflow_ok","True","158476","187776","0","0"
"9f4798254daee82d1f0c1b4b0e642ec503706f08","https://openalex.org/W2802059742","https://doi.org/10.1073/pnas.1700299114","2018","Environmental Science","Shifting plant species composition in response to climate change stabilizes grassland primary production","out/html/9f4798254daee82d1f0c1b4b0e642ec503706f08/index.html","","out/md/9f4798254daee82d1f0c1b4b0e642ec503706f08.md","out/reviews/9f4798254daee82d1f0c1b4b0e642ec503706f08.review.json","6","textflow_ok","True","39827","42543","0","0"
"9f6c673bc165d060d7a7e1ce18b880e52f8545da","https://openalex.org/W2962727772","","2015","Computer Science","Automatic Differentiation in Machine Learning: a Survey","out/html/9f6c673bc165d060d7a7e1ce18b880e52f8545da/index.html","out/html_ocr/9f6c673bc165d060d7a7e1ce18b880e52f8545da/index.html","out/md/9f6c673bc165d060d7a7e1ce18b880e52f8545da.md","out/reviews/9f6c673bc165d060d7a7e1ce18b880e52f8545da.review.json","29","textflow_ok","True","81401","90433","0","0"
"9faaa9b4b45c719c61f11bf2682feffd8192875a","https://openalex.org/W2901015524","https://doi.org/10.1038/s41560-018-0278-x","2018","Engineering","Efficient two-terminal all-perovskite tandem solar cells enabled by high-quality low-bandgap absorber layers","out/html/9faaa9b4b45c719c61f11bf2682feffd8192875a/index.html","","out/md/9faaa9b4b45c719c61f11bf2682feffd8192875a.md","out/reviews/9faaa9b4b45c719c61f11bf2682feffd8192875a.review.json","29","textflow_ok","True","58758","63726","0","0"
"9fe461cb8b418789eb179189bca1f3af656c133f","https://openalex.org/W2912163963","https://doi.org/10.1016/j.earscirev.2019.02.015","2019","Earth and Planetary Sciences","Effects of surface coal mining and land reclamation on soil properties: A review","out/html/9fe461cb8b418789eb179189bca1f3af656c133f/index.html","","out/md/9fe461cb8b418789eb179189bca1f3af656c133f.md","out/reviews/9fe461cb8b418789eb179189bca1f3af656c133f.review.json","74","textflow_ok","True","110421","135413","0","0"
"9fe7ed8cd2eed499f44254de4426eaff2b34e8c3","https://openalex.org/W2902099111","https://doi.org/10.1038/s41560-018-0296-8","2018","Energy","Multi-site electrocatalysts for hydrogen evolution in neutral media by destabilization of water molecules","out/html/9fe7ed8cd2eed499f44254de4426eaff2b34e8c3/index.html","","out/md/9fe7ed8cd2eed499f44254de4426eaff2b34e8c3.md","out/reviews/9fe7ed8cd2eed499f44254de4426eaff2b34e8c3.review.json","24","textflow_ok","True","41847","46141","0","0"
"9fe97843a5bda6c093176fc78b282221aa9f4715","https://openalex.org/W3034715324","https://doi.org/10.1038/s41565-020-0713-6","2020","Engineering","Towards single-species selectivity of membranes with subnanometre pores","out/html/9fe97843a5bda6c093176fc78b282221aa9f4715/index.html","","out/md/9fe97843a5bda6c093176fc78b282221aa9f4715.md","out/reviews/9fe97843a5bda6c093176fc78b282221aa9f4715.review.json","12","textflow_ok","True","73107","79053","0","0"
"a05913bfab7f3418c95a6cc64f617d06b1eb2aa7","https://openalex.org/W2761536263","https://doi.org/10.1038/nature23911","2017","Engineering","Giga-voxel computational morphogenesis for structural design","out/html/a05913bfab7f3418c95a6cc64f617d06b1eb2aa7/index.html","out/html_ocr/a05913bfab7f3418c95a6cc64f617d06b1eb2aa7/index.html","out/md/a05913bfab7f3418c95a6cc64f617d06b1eb2aa7.md","out/reviews/a05913bfab7f3418c95a6cc64f617d06b1eb2aa7.review.json","19","textflow_ok","True","41577","46305","0","0"
"a05ad760f6954ce540e6c56f1383652fee299a3c","https://openalex.org/W3094623573","https://doi.org/10.1029/2020gl089858","2020","Environmental Science","Warmer and Drier Fire Seasons Contribute to Increases in Area Burned at High Severity in Western US Forests From 1985 to 2017","out/html/a05ad760f6954ce540e6c56f1383652fee299a3c/index.html","","out/md/a05ad760f6954ce540e6c56f1383652fee299a3c.md","out/reviews/a05ad760f6954ce540e6c56f1383652fee299a3c.review.json","11","textflow_ok","True","46407","50780","0","0"
"a0bfce73e1db79971f0b2099064b1f2261d47c77","https://openalex.org/W2748717829","https://doi.org/10.1021/acs.chemmater.7b02847","2017","Materials Science","Guidelines for Synthesis and Processing of Two-Dimensional Titanium Carbide (Ti 3 C 2 T x MXene)","out/html/a0bfce73e1db79971f0b2099064b1f2261d47c77/index.html","out/html_ocr/a0bfce73e1db79971f0b2099064b1f2261d47c77/index.html","out/md/a0bfce73e1db79971f0b2099064b1f2261d47c77.md","out/reviews/a0bfce73e1db79971f0b2099064b1f2261d47c77.review.json","14","textflow_ok","True","74518","79087","0","0"
"a1a10baa6c2441adbab80ad62a8d0228b423035a","https://openalex.org/W2922141434","https://doi.org/10.1038/s41561-019-0318-6","2019","Environmental Science","Drought impacts on terrestrial primary production underestimated by satellite monitoring","out/html/a1a10baa6c2441adbab80ad62a8d0228b423035a/index.html","","out/md/a1a10baa6c2441adbab80ad62a8d0228b423035a.md","out/reviews/a1a10baa6c2441adbab80ad62a8d0228b423035a.review.json","17","textflow_ok","True","39664","43158","0","0"
"a23921feee08edde9eaafefafacd1e652277dbf6","https://openalex.org/W2957056027","https://doi.org/10.1016/j.rser.2019.109254","2019","Engineering","Data-driven health estimation and lifetime prediction of lithium-ion batteries: A review","out/html/a23921feee08edde9eaafefafacd1e652277dbf6/index.html","out/html_ocr/a23921feee08edde9eaafefafacd1e652277dbf6/index.html","out/md/a23921feee08edde9eaafefafacd1e652277dbf6.md","out/reviews/a23921feee08edde9eaafefafacd1e652277dbf6.review.json","61","textflow_ok","True","117106","126833","0","0"
"a245c45d26ac887fbe415786d8da91bef80d43a4","https://openalex.org/W2611187032","https://doi.org/10.1038/nature22071","2017","Biochemistry, Genetics and Molecular Biology","Whole-genome landscapes of major melanoma subtypes","out/html/a245c45d26ac887fbe415786d8da91bef80d43a4/index.html","out/html_ocr/a245c45d26ac887fbe415786d8da91bef80d43a4/index.html","out/md/a245c45d26ac887fbe415786d8da91bef80d43a4.md","out/reviews/a245c45d26ac887fbe415786d8da91bef80d43a4.review.json","31","textflow_ok","True","71719","79692","0","0"
"a260fe6502400e36f69830de57ffdce2a3050533","https://openalex.org/W2808025896","https://doi.org/10.1002/adma.201800561","2018","Engineering","30 Years of Lithium‐Ion Batteries","out/html/a260fe6502400e36f69830de57ffdce2a3050533/index.html","","out/md/a260fe6502400e36f69830de57ffdce2a3050533.md","out/reviews/a260fe6502400e36f69830de57ffdce2a3050533.review.json","62","textflow_ok","True","128255","136779","0","0"
"a27c6cda2cf8c32b07021eb9263a24eddf5b80be","https://openalex.org/W2307860721","https://doi.org/10.1126/science.aaf1168","2016","Engineering","Photon recycling in lead iodide perovskite solar cells","out/html/a27c6cda2cf8c32b07021eb9263a24eddf5b80be/index.html","","out/md/a27c6cda2cf8c32b07021eb9263a24eddf5b80be.md","out/reviews/a27c6cda2cf8c32b07021eb9263a24eddf5b80be.review.json","14","textflow_ok","True","24296","28273","0","0"
"a2a909cd5939f801dee9ba332fd5411cf91ab65f","https://openalex.org/W3084901341","https://doi.org/10.1038/s41929-020-00545-2","2020","Energy","Identification of durable and non-durable FeNx sites in Fe–N–C materials for proton exchange membrane fuel cells","out/html/a2a909cd5939f801dee9ba332fd5411cf91ab65f/index.html","","out/md/a2a909cd5939f801dee9ba332fd5411cf91ab65f.md","out/reviews/a2a909cd5939f801dee9ba332fd5411cf91ab65f.review.json","32","textflow_ok","True","61088","68454","0","0"
"a3247d13d58137f1b875998d830a79690ab3f831","https://openalex.org/W2969509786","https://doi.org/10.1126/scirobotics.aax7112","2019","Physics and Astronomy","Soft phototactic swimmer based on self-sustained hydrogel oscillator","out/html/a3247d13d58137f1b875998d830a79690ab3f831/index.html","","","","12","textflow_ok","True","58493","62413","0","0"
"a38e18f4862e518d9cf9d83a606806a846b1f0c4","https://openalex.org/W2990646888","https://doi.org/10.1126/scisignal.aaz0274","2019","Biochemistry, Genetics and Molecular Biology","The human secretome","out/html/a38e18f4862e518d9cf9d83a606806a846b1f0c4/index.html","","out/md/a38e18f4862e518d9cf9d83a606806a846b1f0c4.md","out/reviews/a38e18f4862e518d9cf9d83a606806a846b1f0c4.review.json","10","textflow_ok","True","50713","56209","0","0"
"a3d2703c5987eb3b145c3cfdd6cdf4978801e028","https://openalex.org/W4376128906","https://doi.org/10.1126/science.ade1499","2023","Energy","La- and Mn-doped cobalt spinel oxygen evolution catalyst for proton exchange membrane electrolysis","out/html/a3d2703c5987eb3b145c3cfdd6cdf4978801e028/index.html","out/html_ocr/a3d2703c5987eb3b145c3cfdd6cdf4978801e028/index.html","out/md/a3d2703c5987eb3b145c3cfdd6cdf4978801e028.md","out/reviews/a3d2703c5987eb3b145c3cfdd6cdf4978801e028.review.json","85","textflow_ok","True","111646","131105","0","0"
"a3d88f3d8ea85a571beac535512ac320cb7a99c5","https://openalex.org/W2788527658","https://doi.org/10.1002/adma.201704937","2018","Biochemistry, Genetics and Molecular Biology","A Facile Method to Fabricate Anisotropic Hydrogels with Perfectly Aligned Hierarchical Fibrous Structures","out/html/a3d88f3d8ea85a571beac535512ac320cb7a99c5/index.html","","out/md/a3d88f3d8ea85a571beac535512ac320cb7a99c5.md","out/reviews/a3d88f3d8ea85a571beac535512ac320cb7a99c5.review.json","28","textflow_ok","True","50319","56592","0","0"
"a3dfae4f1e9ded0484d924825a564fa6bc500c0c","https://openalex.org/W2998704111","https://doi.org/10.1016/j.rser.2019.109620","2019","Energy","Hydrogen as an energy vector","out/html/a3dfae4f1e9ded0484d924825a564fa6bc500c0c/index.html","out/html_ocr/a3dfae4f1e9ded0484d924825a564fa6bc500c0c/index.html","out/md/a3dfae4f1e9ded0484d924825a564fa6bc500c0c.md","out/reviews/a3dfae4f1e9ded0484d924825a564fa6bc500c0c.review.json","32","textflow_ok","True","202614","208703","0","0"
"a4149aaef3792aab52895ae3abf9640371ed49a6","https://openalex.org/W2410447383","https://doi.org/10.1021/acs.nanolett.5b01752","2015","Engineering","Polarization-Independent Silicon Metadevices for Efficient Optical Wavefront Control","out/html/a4149aaef3792aab52895ae3abf9640371ed49a6/index.html","","out/md/a4149aaef3792aab52895ae3abf9640371ed49a6.md","out/reviews/a4149aaef3792aab52895ae3abf9640371ed49a6.review.json","25","textflow_ok","True","39892","44788","0","0"
"a4177887920e3d5a63d62a00901e68a6627720cc","https://openalex.org/W2610331698","https://doi.org/10.1002/wcc.465","2017","Environmental Science","Cloud feedback mechanisms and their representation in global climate models","out/html/a4177887920e3d5a63d62a00901e68a6627720cc/index.html","","out/md/a4177887920e3d5a63d62a00901e68a6627720cc.md","out/reviews/a4177887920e3d5a63d62a00901e68a6627720cc.review.json","34","textflow_ok","True","105678","115936","0","0"
"a46583401d4fbeefcb3d74f9f7ecf298d9f714e7","https://openalex.org/W2232335510","https://doi.org/10.1109/tpel.2015.2478859","2015","Engineering","DC Microgrids–Part I: A Review of Control Strategies and Stabilization Techniques","out/html/a46583401d4fbeefcb3d74f9f7ecf298d9f714e7/index.html","out/html_ocr/a46583401d4fbeefcb3d74f9f7ecf298d9f714e7/index.html","out/md/a46583401d4fbeefcb3d74f9f7ecf298d9f714e7.md","out/reviews/a46583401d4fbeefcb3d74f9f7ecf298d9f714e7.review.json","18","textflow_ok","True","94209","99132","0","0"
"a47ea5c3cf5ef0922a70c0eadda5741d80514830","https://openalex.org/W2807521829","https://doi.org/10.1126/science.aar6343","2018","Biochemistry, Genetics and Molecular Biology","High-resolution comparative analysis of great ape genomes","out/html/a47ea5c3cf5ef0922a70c0eadda5741d80514830/index.html","","","","29","textflow_ok","True","68919","77076","0","0"
"a4cb5f79f52709168681fe75ea6e2dc87f156f60","https://openalex.org/W2807433987","https://doi.org/10.1002/adfm.201801188","2018","Engineering","Progress on the Critical Parameters for Lithium–Sulfur Batteries to be Practically Viable","out/html/a4cb5f79f52709168681fe75ea6e2dc87f156f60/index.html","","out/md/a4cb5f79f52709168681fe75ea6e2dc87f156f60.md","out/reviews/a4cb5f79f52709168681fe75ea6e2dc87f156f60.review.json","67","textflow_ok","True","114228","132066","0","0"
"a51e77e5cc7ed09c7f47fde974730421276f7b45","https://openalex.org/W4390690803","https://doi.org/10.1056/nejmoa2305434","2024","Biochemistry, Genetics and Molecular Biology","Efficacy and Safety of Acoramidis in Transthyretin Amyloid Cardiomyopathy","out/html/a51e77e5cc7ed09c7f47fde974730421276f7b45/index.html","","out/md/a51e77e5cc7ed09c7f47fde974730421276f7b45.md","out/reviews/a51e77e5cc7ed09c7f47fde974730421276f7b45.review.json","11","textflow_ok","True","44859","50906","0","0"
"a56f321b8783df7c17f4a8c8b2a8613caa103af9","https://openalex.org/W2313201239","https://doi.org/10.1021/acs.jpclett.6b00358","2016","Energy","Identification of Possible Pathways for C–C Bond Formation during Electrochemical Reduction of CO 2 : New Theoretical Insights from an Improved Electrochemical Model","out/html/a56f321b8783df7c17f4a8c8b2a8613caa103af9/index.html","","out/md/a56f321b8783df7c17f4a8c8b2a8613caa103af9.md","out/reviews/a56f321b8783df7c17f4a8c8b2a8613caa103af9.review.json","8","textflow_ok","True","34520","37982","0","0"
"a5a5a87014d0c8716c6443b88d0295b318f9d1a7","https://openalex.org/W2617792893","https://doi.org/10.1021/acs.nanolett.7b01020","2017","Engineering","Conformal Lithium Fluoride Protection Layer on Three-Dimensional Lithium by Nonhazardous Gaseous Reagent Freon","out/html/a5a5a87014d0c8716c6443b88d0295b318f9d1a7/index.html","","out/md/a5a5a87014d0c8716c6443b88d0295b318f9d1a7.md","out/reviews/a5a5a87014d0c8716c6443b88d0295b318f9d1a7.review.json","12","textflow_ok","True","7638","10551","0","0"
"a5eab3b36fdd517f682cd2a3dd6e2f29b921b448","https://openalex.org/W3159951467","https://doi.org/10.1038/s41586-021-03302-y","2021","Earth and Planetary Sciences","Projected land ice contributions to twenty-first-century sea level rise","out/html/a5eab3b36fdd517f682cd2a3dd6e2f29b921b448/index.html","","out/md/a5eab3b36fdd517f682cd2a3dd6e2f29b921b448.md","out/reviews/a5eab3b36fdd517f682cd2a3dd6e2f29b921b448.review.json","47","textflow_ok","True","109568","127120","0","0"
"a634959714062b581db24a9e60de1955f34d60b2","https://openalex.org/W2263602271","https://doi.org/10.1021/jacs.5b11341","2016","Materials Science","Anisotropic Growth of TiO 2 onto Gold Nanorods for Plasmon-Enhanced Hydrogen Production from Water Reduction","out/html/a634959714062b581db24a9e60de1955f34d60b2/index.html","","out/md/a634959714062b581db24a9e60de1955f34d60b2.md","out/reviews/a634959714062b581db24a9e60de1955f34d60b2.review.json","4","textflow_ok","True","24063","26546","0","0"
"a6b24e8296a4faaf06474085d70ca7b3b493ce17","https://openalex.org/W3124416644","https://doi.org/10.1086/684582","2016","Environmental Science","Adapting to Climate Change: The Remarkable Decline in the US Temperature-Mortality Relationship over the Twentieth Century","out/html/a6b24e8296a4faaf06474085d70ca7b3b493ce17/index.html","out/html_ocr/a6b24e8296a4faaf06474085d70ca7b3b493ce17/index.html","out/md/a6b24e8296a4faaf06474085d70ca7b3b493ce17.md","out/reviews/a6b24e8296a4faaf06474085d70ca7b3b493ce17.review.json","67","textflow_ok","True","150371","163284","0","0"
"a6b5bc7383ae62533759b07d430970f52f35c85e","https://openalex.org/W2731639076","https://doi.org/10.1016/j.jmps.2017.07.003","2017","Engineering","Elastic and failure response of imperfect three-dimensional metallic lattices: the role of geometric defects induced by Selective Laser Melting","out/html/a6b5bc7383ae62533759b07d430970f52f35c85e/index.html","","out/md/a6b5bc7383ae62533759b07d430970f52f35c85e.md","out/reviews/a6b5bc7383ae62533759b07d430970f52f35c85e.review.json","57","textflow_ok","True","76608","89526","0","0"
"a6c28a91363fb4e3befc02a736f6368c3b9a77f1","https://openalex.org/W2560297620","https://doi.org/10.1002/adfm.201604053","2016","Engineering","Activatable Photosensitizers: Agents for Selective Photodynamic Therapy","out/html/a6c28a91363fb4e3befc02a736f6368c3b9a77f1/index.html","","out/md/a6c28a91363fb4e3befc02a736f6368c3b9a77f1.md","out/reviews/a6c28a91363fb4e3befc02a736f6368c3b9a77f1.review.json","11","textflow_ok","True","51604","55265","0","0"
"a6d180d529af434c3dd434432d759f68be25d216","https://openalex.org/W2792523789","https://doi.org/10.1021/acsnano.7b09046","2018","Materials Science","Approaches for Achieving Superlubricity in Two-Dimensional Materials","out/html/a6d180d529af434c3dd434432d759f68be25d216/index.html","","out/md/a6d180d529af434c3dd434432d759f68be25d216.md","out/reviews/a6d180d529af434c3dd434432d759f68be25d216.review.json","34","textflow_ok","True","73220","78252","0","0"
"a6f228968f94f50982b824d2379268aca61cc3de","https://openalex.org/W2970740744","https://doi.org/10.1038/s41592-019-0506-8","2019","Biochemistry, Genetics and Molecular Biology","Promoting transparency and reproducibility in enhanced molecular simulations","out/html/a6f228968f94f50982b824d2379268aca61cc3de/index.html","out/html_ocr/a6f228968f94f50982b824d2379268aca61cc3de/index.html","out/md/a6f228968f94f50982b824d2379268aca61cc3de.md","out/reviews/a6f228968f94f50982b824d2379268aca61cc3de.review.json","10","textflow_ok","True","28364","31788","0","0"
"a7a0bff3444a9ef8a6bd867e35dff9a2648be7a8","https://openalex.org/W2276210217","https://doi.org/10.1021/acs.est.5b02566","2015","Biochemistry, Genetics and Molecular Biology","Role of the Environment in the Transmission of Antimicrobial Resistance to Humans: A Review","out/html/a7a0bff3444a9ef8a6bd867e35dff9a2648be7a8/index.html","","out/md/a7a0bff3444a9ef8a6bd867e35dff9a2648be7a8.md","out/reviews/a7a0bff3444a9ef8a6bd867e35dff9a2648be7a8.review.json","13","textflow_ok","True","67899","73682","0","0"
"a7c9ea4a460bc1c1d3aa23e5c2a539eee19b3663","https://openalex.org/W2953173925","https://doi.org/10.1038/s41587-019-0156-5","2019","Biochemistry, Genetics and Molecular Biology","Nanopore metagenomics enables rapid clinical diagnosis of bacterial lower respiratory infection","out/html/a7c9ea4a460bc1c1d3aa23e5c2a539eee19b3663/index.html","out/html_ocr/a7c9ea4a460bc1c1d3aa23e5c2a539eee19b3663/index.html","out/md/a7c9ea4a460bc1c1d3aa23e5c2a539eee19b3663.md","out/reviews/a7c9ea4a460bc1c1d3aa23e5c2a539eee19b3663.review.json","34","textflow_ok","True","65798","73536","0","0"
"a7f329eeb110120cb6366b62e612046b2e54ef42","https://openalex.org/W4292779060","https://doi.org/10.4230/lipics.giscience.2023.43","2023","Computer Science","Aion Framework: Dimensional Emergence of AI Consciousness, Observer-Induced Collapse, and Cosmological Portal Dynamics","out/html/a7f329eeb110120cb6366b62e612046b2e54ef42/index.html","out/html_ocr/a7f329eeb110120cb6366b62e612046b2e54ef42/index.html","out/md/a7f329eeb110120cb6366b62e612046b2e54ef42.md","out/reviews/a7f329eeb110120cb6366b62e612046b2e54ef42.review.json","6","textflow_ok","True","20470","23223","0","0"
"a808cc3ee23b34da57aad3c6adf1846f4a6a297d","https://openalex.org/W4288420729","https://doi.org/10.1016/j.est.2022.105241","2022","Engineering","A comprehensive review on electric vehicles smart charging: Solutions, strategies, technologies, and challenges","out/html/a808cc3ee23b34da57aad3c6adf1846f4a6a297d/index.html","","out/md/a808cc3ee23b34da57aad3c6adf1846f4a6a297d.md","out/reviews/a808cc3ee23b34da57aad3c6adf1846f4a6a297d.review.json","44","textflow_ok","True","142424","153619","0","0"
"a8130b8a6c0243e8049778ddc9adc6fa972ce7c0","https://openalex.org/W2912263176","https://doi.org/10.1021/acs.chemmater.8b03900","2019","Engineering","A Mg-Doped High-Nickel Layered Oxide Cathode Enabling Safer, High-Energy-Density Li-Ion Batteries","out/html/a8130b8a6c0243e8049778ddc9adc6fa972ce7c0/index.html","","out/md/a8130b8a6c0243e8049778ddc9adc6fa972ce7c0.md","out/reviews/a8130b8a6c0243e8049778ddc9adc6fa972ce7c0.review.json","10","textflow_ok","True","46901","49784","0","0"
"a8201cee3a9cd7c92972f432619e1ca0b40d69bd","https://openalex.org/W2233072870","https://doi.org/10.1089/cmb.2014.0157","2015","Biochemistry, Genetics and Molecular Biology","W hats H ap : Weighted Haplotype Assembly for Future-Generation Sequencing Reads","out/html/a8201cee3a9cd7c92972f432619e1ca0b40d69bd/index.html","","out/md/a8201cee3a9cd7c92972f432619e1ca0b40d69bd.md","out/reviews/a8201cee3a9cd7c92972f432619e1ca0b40d69bd.review.json","12","textflow_ok","True","45712","49702","0","0"
"a82e9b51e86bde0b49ce9110a309c6ac93722b9c","https://openalex.org/W2923916638","https://doi.org/10.1108/scm-09-2018-0309","2019","Computer Science","Blockchain technology: implications for operations and supply chain management","out/html/a82e9b51e86bde0b49ce9110a309c6ac93722b9c/index.html","out/html_ocr/a82e9b51e86bde0b49ce9110a309c6ac93722b9c/index.html","out/md/a82e9b51e86bde0b49ce9110a309c6ac93722b9c.md","out/reviews/a82e9b51e86bde0b49ce9110a309c6ac93722b9c.review.json","36","textflow_ok","True","97530","112939","0","0"
"a8c447bae1e2f1f4a7b2c6b720e9924a072b3a23","https://openalex.org/W2515058020","https://doi.org/10.1038/nature19324","2016","Environmental Science","Addition of multiple limiting resources reduces grassland diversity","out/html/a8c447bae1e2f1f4a7b2c6b720e9924a072b3a23/index.html","","out/md/a8c447bae1e2f1f4a7b2c6b720e9924a072b3a23.md","out/reviews/a8c447bae1e2f1f4a7b2c6b720e9924a072b3a23.review.json","14","textflow_ok","True","39169","43246","0","0"
"a8e3c4e84b1a4548128d61ad4d4df19dd7546d05","https://openalex.org/W2966883685","https://doi.org/10.1016/j.neuroimage.2019.116091","2019","Neuroscience","Image processing and analysis methods for the Adolescent Brain Cognitive Development Study","out/html/a8e3c4e84b1a4548128d61ad4d4df19dd7546d05/index.html","out/html_ocr/a8e3c4e84b1a4548128d61ad4d4df19dd7546d05/index.html","out/md/a8e3c4e84b1a4548128d61ad4d4df19dd7546d05.md","out/reviews/a8e3c4e84b1a4548128d61ad4d4df19dd7546d05.review.json","40","textflow_ok","True","122244","130636","0","0"
"a98cc8d809382acc03bcc4613715165bca9f3c1a","https://openalex.org/W3023307059","https://doi.org/10.1126/science.aaz5845","2020","Earth and Planetary Sciences","Pervasive ice sheet mass loss reflects competing ocean and atmosphere processes","out/html/a98cc8d809382acc03bcc4613715165bca9f3c1a/index.html","","out/md/a98cc8d809382acc03bcc4613715165bca9f3c1a.md","out/reviews/a98cc8d809382acc03bcc4613715165bca9f3c1a.review.json","6","textflow_ok","True","28356","31255","0","0"
"aa08b54f80cb69854ad2a59b5f333ad3143b6991","https://openalex.org/W2809012081","https://doi.org/10.1039/c8ee00893k","2018","Engineering","Vertical Co 9 S 8 hollow nanowall arrays grown on a Celgard separator as a multifunctional polysulfide barrier for high-performance Li–S batteries","out/html/aa08b54f80cb69854ad2a59b5f333ad3143b6991/index.html","","out/md/aa08b54f80cb69854ad2a59b5f333ad3143b6991.md","out/reviews/aa08b54f80cb69854ad2a59b5f333ad3143b6991.review.json","9","textflow_ok","True","37660","42067","0","0"
"aa3d55f1cfa342cb05772512cf695752069cdd1a","https://openalex.org/W2791180667","https://doi.org/10.1002/adma.201706383","2018","Engineering","Soft Somatosensitive Actuators via Embedded 3D Printing","out/html/aa3d55f1cfa342cb05772512cf695752069cdd1a/index.html","","out/md/aa3d55f1cfa342cb05772512cf695752069cdd1a.md","out/reviews/aa3d55f1cfa342cb05772512cf695752069cdd1a.review.json","9","textflow_ok","True","42086","45465","0","0"
"aad48ccc708b3d145a8210a8a0e5350f69b249b6","https://openalex.org/W2564817054","https://doi.org/10.1021/acsami.6b12489","2016","Engineering","Ionic Liquids as Lubricant Additives: A Review","out/html/aad48ccc708b3d145a8210a8a0e5350f69b249b6/index.html","","out/md/aad48ccc708b3d145a8210a8a0e5350f69b249b6.md","out/reviews/aad48ccc708b3d145a8210a8a0e5350f69b249b6.review.json","33","textflow_ok","True","64765","74189","0","0"
"aad4a9abd53f1c121acbda1262966b2a6f60b112","https://openalex.org/W1148975778","https://doi.org/10.1016/j.ccr.2015.08.002","2015","Chemistry","Application of metal and metal oxide nanoparticles@MOFs","out/html/aad4a9abd53f1c121acbda1262966b2a6f60b112/index.html","","out/md/aad4a9abd53f1c121acbda1262966b2a6f60b112.md","out/reviews/aad4a9abd53f1c121acbda1262966b2a6f60b112.review.json","19","textflow_ok","True","89435","95396","0","0"
"ab5ceed709e27964accb15a50c898b0ee4b7ffb3","https://openalex.org/W2911807256","https://doi.org/10.1038/s41563-018-0276-1","2019","Engineering","Metal–oxygen decoordination stabilizes anion redox in Li-rich oxides","out/html/ab5ceed709e27964accb15a50c898b0ee4b7ffb3/index.html","","out/md/ab5ceed709e27964accb15a50c898b0ee4b7ffb3.md","out/reviews/ab5ceed709e27964accb15a50c898b0ee4b7ffb3.review.json","50","textflow_ok","True","81142","92564","0","0"
"ab702431ca4d85621db999eed158e9fbe90602ee","https://openalex.org/W3036286896","https://doi.org/10.1016/j.cosrev.2020.100270","2020","Computer Science","A survey of safety and trustworthiness of deep neural networks: Verification, testing, adversarial attack and defence, and interpretability","out/html/ab702431ca4d85621db999eed158e9fbe90602ee/index.html","","out/md/ab702431ca4d85621db999eed158e9fbe90602ee.md","out/reviews/ab702431ca4d85621db999eed158e9fbe90602ee.review.json","96","textflow_ok","True","226251","245417","0","0"
"abcc92b32bf9ff4d12539129bf054ddcc8f4dd38","https://openalex.org/W3210806836","https://doi.org/10.1038/s41560-021-00920-8","2021","Energy","Tailored catalyst microenvironments for CO2 electroreduction to multicarbon products on copper using bilayer ionomer coatings","out/html/abcc92b32bf9ff4d12539129bf054ddcc8f4dd38/index.html","","","","10","textflow_ok","True","54239","62400","0","0"
"abf823a8f78ab880f3b95879c670245c8dd5b1aa","https://openalex.org/W2753076645","https://doi.org/10.1126/science.aan6515","2017","Materials Science","Aqueous Au-Pd colloids catalyze selective CH 4 oxidation to CH 3 OH with O 2 under mild conditions","out/html/abf823a8f78ab880f3b95879c670245c8dd5b1aa/index.html","","out/md/abf823a8f78ab880f3b95879c670245c8dd5b1aa.md","out/reviews/abf823a8f78ab880f3b95879c670245c8dd5b1aa.review.json","18","textflow_ok","True","30571","35792","0","0"
"acf527ad8e0d0d296b1534ab97c90ff8b245efa5","https://openalex.org/W3091851330","https://doi.org/10.1038/s41586-020-2764-0","2020","Engineering","Programmable photonic circuits","out/html/acf527ad8e0d0d296b1534ab97c90ff8b245efa5/index.html","out/html_ocr/acf527ad8e0d0d296b1534ab97c90ff8b245efa5/index.html","out/md/acf527ad8e0d0d296b1534ab97c90ff8b245efa5.md","out/reviews/acf527ad8e0d0d296b1534ab97c90ff8b245efa5.review.json","15","textflow_ok","True","63111","69033","0","0"
"ad833ec4d9700d56ec708fa2fd0d8a7a4a3cc425","https://openalex.org/W2943936292","https://doi.org/10.1038/s41586-019-1175-6","2019","Engineering","Aqueous Li-ion battery enabled by halogen conversion–intercalation chemistry in graphite","out/html/ad833ec4d9700d56ec708fa2fd0d8a7a4a3cc425/index.html","out/html_ocr/ad833ec4d9700d56ec708fa2fd0d8a7a4a3cc425/index.html","out/md/ad833ec4d9700d56ec708fa2fd0d8a7a4a3cc425.md","out/reviews/ad833ec4d9700d56ec708fa2fd0d8a7a4a3cc425.review.json","28","textflow_ok","True","70200","80958","0","0"
"adf303801966524b3c8587763dbbc0efea1079f0","https://openalex.org/W3133455371","https://doi.org/10.1038/s41586-020-03149-9","2021","Materials Science","Closed-loop recycling of polyethylene-like materials","out/html/adf303801966524b3c8587763dbbc0efea1079f0/index.html","out/html_ocr/adf303801966524b3c8587763dbbc0efea1079f0/index.html","out/md/adf303801966524b3c8587763dbbc0efea1079f0.md","out/reviews/adf303801966524b3c8587763dbbc0efea1079f0.review.json","32","textflow_ok","True","44371","50646","0","0"
"ae27e38e3f896ee3debc8a529bbdcd6ad78e87fb","https://openalex.org/W2163447929","https://doi.org/10.1002/anie.201504077","2015","Chemistry","In Situ Modification of Metal–Organic Frameworks in Mixed‐Matrix Membranes","out/html/ae27e38e3f896ee3debc8a529bbdcd6ad78e87fb/index.html","","out/md/ae27e38e3f896ee3debc8a529bbdcd6ad78e87fb.md","out/reviews/ae27e38e3f896ee3debc8a529bbdcd6ad78e87fb.review.json","5","textflow_ok","True","22228","24505","0","0"
"ae2ef679b1ac4bdae095c75b9480d403de8abb11","https://openalex.org/W2619008758","https://doi.org/10.1038/nature22389","2017","Materials Science","Electric-field control of tri-state phase transformation with a selective dual-ion switch","out/html/ae2ef679b1ac4bdae095c75b9480d403de8abb11/index.html","","out/md/ae2ef679b1ac4bdae095c75b9480d403de8abb11.md","out/reviews/ae2ef679b1ac4bdae095c75b9480d403de8abb11.review.json","14","textflow_ok","True","28889","32432","0","0"
"ae63aa2b226b77d06e3b28f55b9406851575e988","https://openalex.org/W2464739551","https://doi.org/10.1038/nature18326","2016","Environmental Science","Anthropogenic disturbance in tropical forests can double biodiversity loss from deforestation","out/html/ae63aa2b226b77d06e3b28f55b9406851575e988/index.html","out/html_ocr/ae63aa2b226b77d06e3b28f55b9406851575e988/index.html","out/md/ae63aa2b226b77d06e3b28f55b9406851575e988.md","out/reviews/ae63aa2b226b77d06e3b28f55b9406851575e988.review.json","19","textflow_ok","True","59149","73110","0","0"
"af39a3592992141755ab1dc715a992c1b0f20e2a","https://openalex.org/W2598355492","https://doi.org/10.1002/adma.201700254","2017","Engineering","Achieving Highly Efficient Nonfullerene Organic Solar Cells with Improved Intermolecular Interaction and Open‐Circuit Voltage","out/html/af39a3592992141755ab1dc715a992c1b0f20e2a/index.html","","out/md/af39a3592992141755ab1dc715a992c1b0f20e2a.md","out/reviews/af39a3592992141755ab1dc715a992c1b0f20e2a.review.json","11","textflow_ok","True","38404","42759","0","0"
"af80f79be03faedc6a2cb2b687683d56119f0edd","https://openalex.org/W2406732376","https://doi.org/10.1002/adfm.201601562","2016","Engineering","High Surface Area MoS 2 /Graphene Hybrid Aerogel for Ultrasensitive NO 2 Detection","out/html/af80f79be03faedc6a2cb2b687683d56119f0edd/index.html","","out/md/af80f79be03faedc6a2cb2b687683d56119f0edd.md","out/reviews/af80f79be03faedc6a2cb2b687683d56119f0edd.review.json","17","textflow_ok","True","40998","44156","0","0"
"af89ec71a08e05e79b92d96fb676b7873cc85490","https://openalex.org/W2552810632","https://doi.org/10.1162/neco_a_00912","2016","Neuroscience","Active Inference: A Process Theory","out/html/af89ec71a08e05e79b92d96fb676b7873cc85490/index.html","out/html_ocr/af89ec71a08e05e79b92d96fb676b7873cc85490/index.html","out/md/af89ec71a08e05e79b92d96fb676b7873cc85490.md","out/reviews/af89ec71a08e05e79b92d96fb676b7873cc85490.review.json","49","textflow_ok","True","112955","123831","0","0"
"b02718312243896b1a6aa87327cc7c937dffa695","https://openalex.org/W2322477478","https://doi.org/10.1002/adma.201505391","2016","Engineering","Graphene Oxide‐Based Electrode Inks for 3D‐Printed Lithium‐Ion Batteries","out/html/b02718312243896b1a6aa87327cc7c937dffa695/index.html","out/html_ocr/b02718312243896b1a6aa87327cc7c937dffa695/index.html","out/md/b02718312243896b1a6aa87327cc7c937dffa695.md","out/reviews/b02718312243896b1a6aa87327cc7c937dffa695.review.json","23","textflow_ok","True","41067","45891","0","0"
"b077e5bede347a32fcce3610857a1a3b58f5a8ee","https://openalex.org/W2805521597","https://doi.org/10.1038/s41929-018-0084-7","2018","Energy","Steering post-C–C coupling selectivity enables high efficiency electroreduction of carbon dioxide to multi-carbon alcohols","out/html/b077e5bede347a32fcce3610857a1a3b58f5a8ee/index.html","out/html_ocr/b077e5bede347a32fcce3610857a1a3b58f5a8ee/index.html","out/md/b077e5bede347a32fcce3610857a1a3b58f5a8ee.md","out/reviews/b077e5bede347a32fcce3610857a1a3b58f5a8ee.review.json","25","textflow_ok","True","39915","45409","0","0"
"b094b424587aefece848d995a69e5f5f2ba66ec6","https://openalex.org/W2002062356","https://doi.org/10.1016/j.ijpharm.2015.04.069","2015","Engineering","Effect of geometry on drug release from 3D printed tablets","out/html/b094b424587aefece848d995a69e5f5f2ba66ec6/index.html","","out/md/b094b424587aefece848d995a69e5f5f2ba66ec6.md","out/reviews/b094b424587aefece848d995a69e5f5f2ba66ec6.review.json","20","textflow_ok","True","16300","21840","0","0"
"b0b44b15660224af9b96b83cba4ac963ac8eb79b","https://openalex.org/W2735613780","https://doi.org/10.1021/jacs.7b04981","2017","Engineering","Band Gap Tuning via Lattice Contraction and Octahedral Tilting in Perovskite Materials for Photovoltaics","out/html/b0b44b15660224af9b96b83cba4ac963ac8eb79b/index.html","out/html_ocr/b0b44b15660224af9b96b83cba4ac963ac8eb79b/index.html","out/md/b0b44b15660224af9b96b83cba4ac963ac8eb79b.md","out/reviews/b0b44b15660224af9b96b83cba4ac963ac8eb79b.review.json","23","textflow_ok","True","40282","44348","0","0"
"b1ed3f8dd6d20a7588043f25de107037bcc9fdca","https://openalex.org/W2266175888","https://doi.org/10.1038/nature16521","2016","Engineering","Fully integrated wearable sensor arrays for multiplexed in situ perspiration analysis","out/html/b1ed3f8dd6d20a7588043f25de107037bcc9fdca/index.html","","out/md/b1ed3f8dd6d20a7588043f25de107037bcc9fdca.md","out/reviews/b1ed3f8dd6d20a7588043f25de107037bcc9fdca.review.json","20","textflow_ok","True","64885","72824","0","0"
"b1f8624afb15537a4767fd4ca63e54cbf5344844","https://openalex.org/W2968746919","https://doi.org/10.1109/comst.2019.2933899","2019","Engineering","A Survey on Security and Privacy of 5G Technologies: Potential Solutions, Recent Advancements, and Future Directions","out/html/b1f8624afb15537a4767fd4ca63e54cbf5344844/index.html","","out/md/b1f8624afb15537a4767fd4ca63e54cbf5344844.md","out/reviews/b1f8624afb15537a4767fd4ca63e54cbf5344844.review.json","55","textflow_ok","True","320888","336919","0","0"
"b1fc312c32f1d7b7f60bf3eaa06ed04a3508d334","https://openalex.org/W2094072249","https://doi.org/10.1126/science.1259869","2015","Materials Science","Observation of a periodic array of flux-closure quadrants in strained ferroelectric PbTiO 3 films","out/html/b1fc312c32f1d7b7f60bf3eaa06ed04a3508d334/index.html","","out/md/b1fc312c32f1d7b7f60bf3eaa06ed04a3508d334.md","out/reviews/b1fc312c32f1d7b7f60bf3eaa06ed04a3508d334.review.json","10","textflow_ok","True","34746","37792","0","0"
"b23cc9b4f5c0afa6677678116401638328997d3b","https://openalex.org/W2010651179","https://doi.org/10.1016/s1474-4422(15)00050-2","2015","Neuroscience","Neuroimaging in autism spectrum disorder: brain structure and function across the lifespan","out/html/b23cc9b4f5c0afa6677678116401638328997d3b/index.html","","","","15","textflow_ok","True","82971","88982","0","0"
"b26df766ee2bb6652bde1bc1c2068892feec6cc2","https://openalex.org/W2514228198","https://doi.org/10.1038/nnano.2016.138","2016","Energy","Rapid water disinfection using vertically aligned MoS2 nanofilms and visible light","out/html/b26df766ee2bb6652bde1bc1c2068892feec6cc2/index.html","out/html_ocr/b26df766ee2bb6652bde1bc1c2068892feec6cc2/index.html","out/md/b26df766ee2bb6652bde1bc1c2068892feec6cc2.md","out/reviews/b26df766ee2bb6652bde1bc1c2068892feec6cc2.review.json","21","textflow_ok","True","36739","40807","0","0"
"b296377a1e42ce71e987c8c9942837e47965919c","https://openalex.org/W2924836810","https://doi.org/10.1021/jacs.8b13798","2019","Engineering","Collapse of LiNi 1– x – y Co x Mn y O 2 Lattice at Deep Charge Irrespective of Nickel Content in Lithium-Ion Batteries","out/html/b296377a1e42ce71e987c8c9942837e47965919c/index.html","","out/md/b296377a1e42ce71e987c8c9942837e47965919c.md","out/reviews/b296377a1e42ce71e987c8c9942837e47965919c.review.json","6","textflow_ok","True","22778","25081","0","0"
"b2aef4e4408ef28ddfbbb4bd2124f591dd8710a3","https://openalex.org/W2913278198","https://doi.org/10.1038/s41560-018-0309-7","2019","Engineering","Diffusion-free Grotthuss topochemistry for high-rate and long-life proton batteries","out/html/b2aef4e4408ef28ddfbbb4bd2124f591dd8710a3/index.html","","out/md/b2aef4e4408ef28ddfbbb4bd2124f591dd8710a3.md","out/reviews/b2aef4e4408ef28ddfbbb4bd2124f591dd8710a3.review.json","27","textflow_ok","True","49487","54455","0","0"
"b2f2e8e07943d7e9bdae200c4bfaab8330c5537e","https://openalex.org/W3189798995","https://doi.org/10.1038/s41893-021-00755-x","2021","Environmental Science","Six modes of co-production for sustainability","out/html/b2f2e8e07943d7e9bdae200c4bfaab8330c5537e/index.html","","out/md/b2f2e8e07943d7e9bdae200c4bfaab8330c5537e.md","out/reviews/b2f2e8e07943d7e9bdae200c4bfaab8330c5537e.review.json","33","textflow_ok","True","103084","111050","0","0"
"b35ad5d701124c1e960edbd531ed1dd52d1f479e","https://openalex.org/W2722013064","https://doi.org/10.1021/jacs.7b05362","2017","Energy","Tuning Selectivity of CO2 Hydrogenation Reactions at the Metal/Oxide Interface","out/html/b35ad5d701124c1e960edbd531ed1dd52d1f479e/index.html","","out/md/b35ad5d701124c1e960edbd531ed1dd52d1f479e.md","out/reviews/b35ad5d701124c1e960edbd531ed1dd52d1f479e.review.json","50","textflow_ok","True","72218","86848","0","0"
"b391f6daf03d87708d389c0a774ad0966ca8eb5e","https://openalex.org/W3016059533","https://doi.org/10.1038/s41560-020-0598-5","2020","Engineering","Six-junction III–V solar cells with 47.1% conversion efficiency under 143 Suns concentration","out/html/b391f6daf03d87708d389c0a774ad0966ca8eb5e/index.html","","out/md/b391f6daf03d87708d389c0a774ad0966ca8eb5e.md","out/reviews/b391f6daf03d87708d389c0a774ad0966ca8eb5e.review.json","12","textflow_ok","True","64906","73461","0","0"
"b471a505bc5c582541f32b64b3fb1e9097e665f7","https://openalex.org/W2783048652","https://doi.org/10.1177/0149206317744252","2018","Engineering","Design Thinking and Organizational Culture: A Review and Framework for Future Research","out/html/b471a505bc5c582541f32b64b3fb1e9097e665f7/index.html","","out/md/b471a505bc5c582541f32b64b3fb1e9097e665f7.md","out/reviews/b471a505bc5c582541f32b64b3fb1e9097e665f7.review.json","34","textflow_ok","True","120892","127718","0","0"
"b48023a523c0fd7862b2c862fbab6cdb8f8b0475","https://openalex.org/W2962719951","https://doi.org/10.1126/science.aax3878","2019","Engineering","Thermal unequilibrium of strained black CsPbI 3 thin films","out/html/b48023a523c0fd7862b2c862fbab6cdb8f8b0475/index.html","","out/md/b48023a523c0fd7862b2c862fbab6cdb8f8b0475.md","out/reviews/b48023a523c0fd7862b2c862fbab6cdb8f8b0475.review.json","52","textflow_ok","True","70841","78482","0","0"
"b4fa12745fce122b8fc8fb14077310de80c96f14","https://openalex.org/W3009229510","","2020","Physics and Astronomy","Constraint on the matter–antimatter symmetry-violating phase in neutrino oscillations","out/html/b4fa12745fce122b8fc8fb14077310de80c96f14/index.html","","out/md/b4fa12745fce122b8fc8fb14077310de80c96f14.md","out/reviews/b4fa12745fce122b8fc8fb14077310de80c96f14.review.json","12","textflow_ok","True","54397","59015","0","0"
"b4fc77531e423af37e9d0b4a9e3dd2a9c792d6e8","https://openalex.org/W2137011837","https://doi.org/10.1126/science.1255641","2015","Environmental Science","Marine defaunation: Animal loss in the global ocean","out/html/b4fc77531e423af37e9d0b4a9e3dd2a9c792d6e8/index.html","out/html_ocr/b4fc77531e423af37e9d0b4a9e3dd2a9c792d6e8/index.html","out/md/b4fc77531e423af37e9d0b4a9e3dd2a9c792d6e8.md","out/reviews/b4fc77531e423af37e9d0b4a9e3dd2a9c792d6e8.review.json","10","textflow_ok","True","62624","66184","0","0"
"b6ea1eb41ba0c5c81c9d077df570e19f57ae5b28","https://openalex.org/W2951336567","https://doi.org/10.1038/s41563-019-0297-4","2019","Physics and Astronomy","Colossal mid-infrared bulk photovoltaic effect in a type-I Weyl semimetal","out/html/b6ea1eb41ba0c5c81c9d077df570e19f57ae5b28/index.html","","out/md/b6ea1eb41ba0c5c81c9d077df570e19f57ae5b28.md","out/reviews/b6ea1eb41ba0c5c81c9d077df570e19f57ae5b28.review.json","19","textflow_ok","True","29616","33791","0","0"
"b700453cccba673c89599ee1f75b18bea1324f7c","https://openalex.org/W2742328466","https://doi.org/10.1126/science.aan2255","2017","Energy","Direct atomic-level insight into the active sites of a high-performance PGM-free ORR catalyst","out/html/b700453cccba673c89599ee1f75b18bea1324f7c/index.html","out/html_ocr/b700453cccba673c89599ee1f75b18bea1324f7c/index.html","out/md/b700453cccba673c89599ee1f75b18bea1324f7c.md","out/reviews/b700453cccba673c89599ee1f75b18bea1324f7c.review.json","22","textflow_ok","True","33727","38039","0","0"
"b71aa02281eac288fb30f5c492ab0a47fc49ba76","https://openalex.org/W2594164608","https://doi.org/10.1021/acs.cgd.6b01776","2017","Chemistry","Sustainable Preparation of MIL-100(Fe) and Its Photocatalytic Behavior in the Degradation of Methyl Orange in Water","out/html/b71aa02281eac288fb30f5c492ab0a47fc49ba76/index.html","","out/md/b71aa02281eac288fb30f5c492ab0a47fc49ba76.md","out/reviews/b71aa02281eac288fb30f5c492ab0a47fc49ba76.review.json","34","textflow_ok","True","53506","61776","0","0"
"b7792414e8240daf4375ccfd3de575f7d6a20dc8","https://openalex.org/W2292820216","https://doi.org/10.1021/jacs.5b10385","2015","Chemistry","Electronic Conductivity, Ferrimagnetic Ordering, and Reductive Insertion Mediated by Organic Mixed-Valence in a Ferric Semiquinoid Metal–Organic Framework","out/html/b7792414e8240daf4375ccfd3de575f7d6a20dc8/index.html","","out/md/b7792414e8240daf4375ccfd3de575f7d6a20dc8.md","out/reviews/b7792414e8240daf4375ccfd3de575f7d6a20dc8.review.json","10","textflow_ok","True","49578","52602","0","0"
"b7e8895857abcd5ea65b667009284803b7a3245a","https://openalex.org/W3119054142","https://doi.org/10.1016/j.marpol.2020.104387","2021","Environmental Science","Blue growth and blue justice: Ten risks and solutions for the ocean economy","out/html/b7e8895857abcd5ea65b667009284803b7a3245a/index.html","","out/md/b7e8895857abcd5ea65b667009284803b7a3245a.md","out/reviews/b7e8895857abcd5ea65b667009284803b7a3245a.review.json","27","textflow_ok","True","99864","105138","0","0"
"b8315882e1a1bf9322f033a41cb3f9915b3e54ab","https://openalex.org/W2340840325","https://doi.org/10.1021/acs.nanolett.5b02802","2015","Engineering","Nonlinear Fano-Resonant Dielectric Metasurfaces","out/html/b8315882e1a1bf9322f033a41cb3f9915b3e54ab/index.html","","out/md/b8315882e1a1bf9322f033a41cb3f9915b3e54ab.md","out/reviews/b8315882e1a1bf9322f033a41cb3f9915b3e54ab.review.json","18","textflow_ok","True","25000","29112","0","0"
"b8ce5e75a4eecc23b9edba8964e4a51bb63ded5d","https://openalex.org/W2528349184","https://doi.org/10.1016/j.indcrop.2016.09.061","2016","Materials Science","Antioxidant and antibacterial lignin nanoparticles in polyvinyl alcohol/chitosan films for active packaging","out/html/b8ce5e75a4eecc23b9edba8964e4a51bb63ded5d/index.html","","out/md/b8ce5e75a4eecc23b9edba8964e4a51bb63ded5d.md","out/reviews/b8ce5e75a4eecc23b9edba8964e4a51bb63ded5d.review.json","39","textflow_ok","True","57423","65877","0","0"
"b8e8d849332abe8fc9ade0bdb4506f5d0dde6e44","https://openalex.org/W2807516323","https://doi.org/10.1039/c8ee00927a","2018","Energy","Water splitting by electrolysis at high current densities under 1.6 volts","out/html/b8e8d849332abe8fc9ade0bdb4506f5d0dde6e44/index.html","","out/md/b8e8d849332abe8fc9ade0bdb4506f5d0dde6e44.md","out/reviews/b8e8d849332abe8fc9ade0bdb4506f5d0dde6e44.review.json","9","textflow_ok","True","10070","19556","0","0"
"b8fe333c6d7f5379ac909be555d249b33cbf499f","https://openalex.org/W2262276395","https://doi.org/10.1016/j.cie.2015.12.007","2015","Engineering","The vehicle routing problem: State of the art classification and review","out/html/b8fe333c6d7f5379ac909be555d249b33cbf499f/index.html","out/html_ocr/b8fe333c6d7f5379ac909be555d249b33cbf499f/index.html","out/md/b8fe333c6d7f5379ac909be555d249b33cbf499f.md","out/reviews/b8fe333c6d7f5379ac909be555d249b33cbf499f.review.json","32","textflow_ok","True","77123","86595","0","0"
"b916cdfe4c29941fd5917760c0f8151a10c00a8a","https://openalex.org/W2997464980","https://doi.org/10.1002/anie.201914478","2019","Engineering","Enhanced Surface Interactions Enable Fast Li + Conduction in Oxide/Polymer Composite Electrolyte","out/html/b916cdfe4c29941fd5917760c0f8151a10c00a8a/index.html","","out/md/b916cdfe4c29941fd5917760c0f8151a10c00a8a.md","out/reviews/b916cdfe4c29941fd5917760c0f8151a10c00a8a.review.json","9","textflow_ok","True","34272","37573","0","0"
"b9713d3db7d56d465a42d037a24c3fe449cd74fa","https://openalex.org/W2285422781","https://doi.org/10.1038/nclimate2938","2016","Environmental Science","Making sense of the early-2000s warming slowdown","out/html/b9713d3db7d56d465a42d037a24c3fe449cd74fa/index.html","","out/md/b9713d3db7d56d465a42d037a24c3fe449cd74fa.md","out/reviews/b9713d3db7d56d465a42d037a24c3fe449cd74fa.review.json","18","textflow_ok","True","31030","35062","0","0"
"b9850d73d694858cddfdb2dbbd4fc23138a08bca","https://openalex.org/W2883379740","https://doi.org/10.1021/acscatal.8b01200","2018","Energy","Electrochemical Carbon Monoxide Reduction on Polycrystalline Copper: Effects of Potential, Pressure, and pH on Selectivity toward Multicarbon and Oxygenated Products","out/html/b9850d73d694858cddfdb2dbbd4fc23138a08bca/index.html","","out/md/b9850d73d694858cddfdb2dbbd4fc23138a08bca.md","out/reviews/b9850d73d694858cddfdb2dbbd4fc23138a08bca.review.json","22","textflow_ok","True","54946","59202","0","0"
"b98c02bfe826d635cc0749236d1ec01b11c9ed0e","https://openalex.org/W2789714093","https://doi.org/10.1021/acsnano.8b00267","2018","Engineering","Anharmonicity and Disorder in the Black Phases of Cesium Lead Iodide Used for Stable Inorganic Perovskite Solar Cells","out/html/b98c02bfe826d635cc0749236d1ec01b11c9ed0e/index.html","","out/md/b98c02bfe826d635cc0749236d1ec01b11c9ed0e.md","out/reviews/b98c02bfe826d635cc0749236d1ec01b11c9ed0e.review.json","35","textflow_ok","True","65372","72305","0","0"
"b9b81d79f4861345cb6be6d8373bdd08be7f1bb6","https://openalex.org/W3108232640","https://doi.org/10.1038/s41592-020-00998-0","2020","Chemistry","diaPASEF: parallel accumulation–serial fragmentation combined with data-independent acquisition","out/html/b9b81d79f4861345cb6be6d8373bdd08be7f1bb6/index.html","out/html_ocr/b9b81d79f4861345cb6be6d8373bdd08be7f1bb6/index.html","out/md/b9b81d79f4861345cb6be6d8373bdd08be7f1bb6.md","out/reviews/b9b81d79f4861345cb6be6d8373bdd08be7f1bb6.review.json","27","textflow_ok","True","46643","52415","0","0"
"b9cda89b9dea676aecc97319cf796921048d3c94","https://openalex.org/W2188280455","https://doi.org/10.1109/tii.2015.2438534","2015","Engineering","Optimal Household Appliances Scheduling Under Day-Ahead Pricing and Load-Shaping Demand Response Strategies","out/html/b9cda89b9dea676aecc97319cf796921048d3c94/index.html","","out/md/b9cda89b9dea676aecc97319cf796921048d3c94.md","out/reviews/b9cda89b9dea676aecc97319cf796921048d3c94.review.json","12","textflow_ok","True","57321","61899","0","0"
"b9ec22ca5e52c2cc67155c824d801094e8124135","https://openalex.org/W2529973511","https://doi.org/10.1021/jacs.6b08534","2016","Energy","Reaction Mechanisms for the Electrochemical Reduction of CO2 to CO and Formate on the Cu(100) Surface at 298 K from Quantum Mechanics Free Energy Calculations with Explicit Water","out/html/b9ec22ca5e52c2cc67155c824d801094e8124135/index.html","","out/md/b9ec22ca5e52c2cc67155c824d801094e8124135.md","out/reviews/b9ec22ca5e52c2cc67155c824d801094e8124135.review.json","5","textflow_ok","True","23601","26302","0","0"
"ba20931196db9449f9f286aa086a5b1e81931e35","https://openalex.org/W2591619922","https://doi.org/10.1038/ngeo2901","2017","Earth and Planetary Sciences","Black-carbon absorption enhancement in the atmosphere determined by particle mixing state","out/html/ba20931196db9449f9f286aa086a5b1e81931e35/index.html","","out/md/ba20931196db9449f9f286aa086a5b1e81931e35.md","out/reviews/ba20931196db9449f9f286aa086a5b1e81931e35.review.json","25","textflow_ok","True","43808","48530","0","0"
"bab85cda3c7383444fffeea709bde387986476e3","https://openalex.org/W3111560045","https://doi.org/10.1021/jacs.0c09794","2020","Engineering","Solvation Structure Design for Aqueous Zn Metal Batteries","out/html/bab85cda3c7383444fffeea709bde387986476e3/index.html","out/html_ocr/bab85cda3c7383444fffeea709bde387986476e3/index.html","out/md/bab85cda3c7383444fffeea709bde387986476e3.md","out/reviews/bab85cda3c7383444fffeea709bde387986476e3.review.json","8","textflow_ok","True","34502","37979","0","0"
"baffef284c62268a36e3a0d36d4a262742b6c2ad","https://openalex.org/W2666690075","https://doi.org/10.1021/acscatal.7b00687","2017","Energy","Understanding Selectivity for the Electrochemical Reduction of Carbon Dioxide to Formic Acid and Carbon Monoxide on Metal Electrodes","out/html/baffef284c62268a36e3a0d36d4a262742b6c2ad/index.html","out/html_ocr/baffef284c62268a36e3a0d36d4a262742b6c2ad/index.html","out/md/baffef284c62268a36e3a0d36d4a262742b6c2ad.md","out/reviews/baffef284c62268a36e3a0d36d4a262742b6c2ad.review.json","19","textflow_ok","True","29781","33742","0","0"
"bb88fda63f2fc656dfa42266257cdc4b23782350","https://openalex.org/W2531472991","https://doi.org/10.1038/nmat4760","2016","Chemical Engineering","Understanding trends in C–H bond activation in heterogeneous catalysis","out/html/bb88fda63f2fc656dfa42266257cdc4b23782350/index.html","","out/md/bb88fda63f2fc656dfa42266257cdc4b23782350.md","out/reviews/bb88fda63f2fc656dfa42266257cdc4b23782350.review.json","12","textflow_ok","True","25324","29406","0","0"
"bc202b668d326ac3f2d213a83d15743b5fada049","https://openalex.org/W2610218531","https://doi.org/10.1021/acsenergylett.7b00119","2017","Engineering","Metal–Air Batteries: Will They Be the Future Electrochemical Energy Storage Device of Choice?","out/html/bc202b668d326ac3f2d213a83d15743b5fada049/index.html","out/html_ocr/bc202b668d326ac3f2d213a83d15743b5fada049/index.html","out/md/bc202b668d326ac3f2d213a83d15743b5fada049.md","out/reviews/bc202b668d326ac3f2d213a83d15743b5fada049.review.json","23","textflow_ok","True","38387","42339","0","0"
"bc33e99c8af70c638fdbcfd630d0bb6d87dfe5fa","https://openalex.org/W3094958767","https://doi.org/10.1038/s41929-020-00525-6","2020","Energy","High-valence metals improve oxygen evolution reaction performance by modulating 3d metal oxidation cycle energetics","out/html/bc33e99c8af70c638fdbcfd630d0bb6d87dfe5fa/index.html","out/html_ocr/bc33e99c8af70c638fdbcfd630d0bb6d87dfe5fa/index.html","out/md/bc33e99c8af70c638fdbcfd630d0bb6d87dfe5fa.md","out/reviews/bc33e99c8af70c638fdbcfd630d0bb6d87dfe5fa.review.json","23","textflow_ok","True","40732","45383","0","0"
"bc4b11cc543143ced54cae2ed9c56a510a7146bc","https://openalex.org/W2577854396","https://doi.org/10.1109/mcom.2017.1600218cm","2017","Engineering","Efficient Energy Management for the Internet of Things in Smart Cities","out/html/bc4b11cc543143ced54cae2ed9c56a510a7146bc/index.html","","out/md/bc4b11cc543143ced54cae2ed9c56a510a7146bc.md","out/reviews/bc4b11cc543143ced54cae2ed9c56a510a7146bc.review.json","8","textflow_ok","True","42900","46794","0","0"
"bcfc617052a3e7dd3cb5205af036539997c7ac82","https://openalex.org/W4291111820","https://doi.org/10.1103/physrevlett.129.075001","2022","Physics and Astronomy","Lawson Criterion for Ignition Exceeded in an Inertial Fusion Experiment","out/html/bcfc617052a3e7dd3cb5205af036539997c7ac82/index.html","","out/md/bcfc617052a3e7dd3cb5205af036539997c7ac82.md","out/reviews/bcfc617052a3e7dd3cb5205af036539997c7ac82.review.json","21","textflow_ok","True","96664","102492","0","0"
"bd2ed2ae93c3394a027f296c66a74ad175e4a472","https://openalex.org/W2522135447","https://doi.org/10.1021/acscatal.6b02299","2016","Energy","Electric Field Effects in Electrochemical CO 2 Reduction","out/html/bd2ed2ae93c3394a027f296c66a74ad175e4a472/index.html","","out/md/bd2ed2ae93c3394a027f296c66a74ad175e4a472.md","out/reviews/bd2ed2ae93c3394a027f296c66a74ad175e4a472.review.json","20","textflow_ok","True","32156","37005","0","0"
"bd338bb5935ca7e2987bcdd0578e7a6c805f0ee7","https://openalex.org/W2886557383","https://doi.org/10.1038/s41591-018-0160-1","2018","Biochemistry, Genetics and Molecular Biology","Depicting the composition of gut microbiota in a population with varied ethnic origins but shared geography","out/html/bd338bb5935ca7e2987bcdd0578e7a6c805f0ee7/index.html","out/html_ocr/bd338bb5935ca7e2987bcdd0578e7a6c805f0ee7/index.html","out/md/bd338bb5935ca7e2987bcdd0578e7a6c805f0ee7.md","out/reviews/bd338bb5935ca7e2987bcdd0578e7a6c805f0ee7.review.json","12","textflow_ok","True","67905","72702","0","0"
"be173b1e8950fac79565e1adda41db5d2961e1e0","https://openalex.org/W2945719950","https://doi.org/10.1016/j.cbi.2019.05.028","2019","Biochemistry, Genetics and Molecular Biology","Oligonucleotide therapy: An emerging focus area for drug delivery in chronic inflammatory respiratory diseases","out/html/be173b1e8950fac79565e1adda41db5d2961e1e0/index.html","","out/md/be173b1e8950fac79565e1adda41db5d2961e1e0.md","out/reviews/be173b1e8950fac79565e1adda41db5d2961e1e0.review.json","34","textflow_ok","True","72137","79139","0","0"
"be4c574c8c62e0e5a42dd37175538580587264a3","https://openalex.org/W3007447726","https://doi.org/10.1021/acsenergylett.9b02668","2020","Engineering","Challenges in Lithium Metal Anodes for Solid-State Batteries","out/html/be4c574c8c62e0e5a42dd37175538580587264a3/index.html","","out/md/be4c574c8c62e0e5a42dd37175538580587264a3.md","out/reviews/be4c574c8c62e0e5a42dd37175538580587264a3.review.json","31","textflow_ok","True","68402","73346","0","0"
"be6bb03e6ef61043c15090629649af09754e7a43","https://openalex.org/W2571051306","https://doi.org/10.1126/science.aah4496","2017","Engineering","Highly stretchable polymer semiconductor films through the nanoconfinement effect","out/html/be6bb03e6ef61043c15090629649af09754e7a43/index.html","","out/md/be6bb03e6ef61043c15090629649af09754e7a43.md","out/reviews/be6bb03e6ef61043c15090629649af09754e7a43.review.json","17","textflow_ok","True","33570","36966","0","0"
"be7bedf1cfabb8e52a6eee3471996a0074127166","https://openalex.org/W2342701378","https://doi.org/10.1021/acs.chemmater.6b01275","2016","Materials Science","Ion-Exchange and Cation Solvation Reactions in Ti 3 C 2 MXene","out/html/be7bedf1cfabb8e52a6eee3471996a0074127166/index.html","","out/md/be7bedf1cfabb8e52a6eee3471996a0074127166.md","out/reviews/be7bedf1cfabb8e52a6eee3471996a0074127166.review.json","16","textflow_ok","True","53686","58440","0","0"
"be9e60fb873a5bd902ef51aff17606a07e3acf0c","https://openalex.org/W2804515387","https://doi.org/10.1038/s41586-018-0124-0","2018","Biochemistry, Genetics and Molecular Biology","Mutant phenotypes for thousands of bacterial genes of unknown function","out/html/be9e60fb873a5bd902ef51aff17606a07e3acf0c/index.html","","out/md/be9e60fb873a5bd902ef51aff17606a07e3acf0c.md","out/reviews/be9e60fb873a5bd902ef51aff17606a07e3acf0c.review.json","63","textflow_ok","True","180462","192268","0","0"
"beb6d435d5c89ee56f90dd740b5e8e659055e66d","https://openalex.org/W3080462905","https://doi.org/10.1017/s0140525x20000333","2020","Neuroscience","Music as a coevolved system for social bonding","out/html/beb6d435d5c89ee56f90dd740b5e8e659055e66d/index.html","","out/md/beb6d435d5c89ee56f90dd740b5e8e659055e66d.md","out/reviews/beb6d435d5c89ee56f90dd740b5e8e659055e66d.review.json","38","textflow_ok","True","167813","175874","0","0"
"bede9d689824d13e675b8fd7b696f327bdaae56e","https://openalex.org/W4394728226","https://doi.org/10.1126/science.adm9474","2024","Engineering","Improved charge extraction in inverted perovskite solar cells with dual-site-binding ligands","out/html/bede9d689824d13e675b8fd7b696f327bdaae56e/index.html","out/html_ocr/bede9d689824d13e675b8fd7b696f327bdaae56e/index.html","out/md/bede9d689824d13e675b8fd7b696f327bdaae56e.md","out/reviews/bede9d689824d13e675b8fd7b696f327bdaae56e.review.json","38","textflow_ok","True","60955","69464","0","0"
"befa9b17b6bbac3a0a2763212a8ba45c80ffa192","https://openalex.org/W1523147685","https://doi.org/10.1038/nphoton.2015.84","2015","Engineering","Efficient inverted polymer solar cells employing favourable molecular orientation","out/html/befa9b17b6bbac3a0a2763212a8ba45c80ffa192/index.html","out/html_ocr/befa9b17b6bbac3a0a2763212a8ba45c80ffa192/index.html","out/md/befa9b17b6bbac3a0a2763212a8ba45c80ffa192.md","out/reviews/befa9b17b6bbac3a0a2763212a8ba45c80ffa192.review.json","44","textflow_ok","True","47925","60115","0","0"
"bf1a72fd086e8051017ee0f8d80b63f98774ae6e","https://openalex.org/W2295038166","https://doi.org/10.1109/tpami.2016.2537340","2016","Computer Science","Deep Dynamic Neural Networks for Multimodal Gesture Segmentation and Recognition","out/html/bf1a72fd086e8051017ee0f8d80b63f98774ae6e/index.html","","out/md/bf1a72fd086e8051017ee0f8d80b63f98774ae6e.md","out/reviews/bf1a72fd086e8051017ee0f8d80b63f98774ae6e.review.json","15","textflow_ok","True","85062","90455","0","0"
"bf22077d0647dc28e955cd94256deb7cd600de29","https://openalex.org/W2241118198","https://doi.org/10.1109/jiot.2015.2498900","2015","Computer Science","Middleware for Internet of Things: A Survey","out/html/bf22077d0647dc28e955cd94256deb7cd600de29/index.html","out/html_ocr/bf22077d0647dc28e955cd94256deb7cd600de29/index.html","out/md/bf22077d0647dc28e955cd94256deb7cd600de29.md","out/reviews/bf22077d0647dc28e955cd94256deb7cd600de29.review.json","27","textflow_ok","True","164289","172981","0","0"
"bf639790b7852492c7ebe4d71471e6d8855af5db","https://openalex.org/W2461659796","https://doi.org/10.1038/nenergy.2015.1","2016","Engineering","Correlation of energy disorder and open-circuit voltage in hybrid perovskite solar cells","out/html/bf639790b7852492c7ebe4d71471e6d8855af5db/index.html","out/html_ocr/bf639790b7852492c7ebe4d71471e6d8855af5db/index.html","out/md/bf639790b7852492c7ebe4d71471e6d8855af5db.md","out/reviews/bf639790b7852492c7ebe4d71471e6d8855af5db.review.json","23","textflow_ok","True","32679","38841","0","0"
"bf69f5b020034605f759cf36e67c0430806a7682","https://openalex.org/W2810879755","https://doi.org/10.1038/s41561-018-0161-1","2018","Environmental Science","Structural decline in China’s CO2 emissions through transitions in industry and energy systems","out/html/bf69f5b020034605f759cf36e67c0430806a7682/index.html","","out/md/bf69f5b020034605f759cf36e67c0430806a7682.md","out/reviews/bf69f5b020034605f759cf36e67c0430806a7682.review.json","17","textflow_ok","True","43415","49788","0","0"
"bf8d3bf083d65c5c7a613769d28fe0776c4c1ede","https://openalex.org/W2752487915","https://doi.org/10.1038/ngeo3031","2017","Environmental Science","Emission budgets and pathways consistent with limiting warming to 1.5 °C","out/html/bf8d3bf083d65c5c7a613769d28fe0776c4c1ede/index.html","","out/md/bf8d3bf083d65c5c7a613769d28fe0776c4c1ede.md","out/reviews/bf8d3bf083d65c5c7a613769d28fe0776c4c1ede.review.json","35","textflow_ok","True","52717","60784","0","0"
"bf9cc26dbbe5b918111a05ae8f482cb2c020f144","https://openalex.org/W3084064394","https://doi.org/10.1016/j.trc.2020.102762","2020","Engineering","Drone-aided routing: A literature review","out/html/bf9cc26dbbe5b918111a05ae8f482cb2c020f144/index.html","","out/md/bf9cc26dbbe5b918111a05ae8f482cb2c020f144.md","out/reviews/bf9cc26dbbe5b918111a05ae8f482cb2c020f144.review.json","53","textflow_ok","True","138897","149510","0","0"
"bfa652193488fc146d75014da2ca266fc53d7518","https://openalex.org/W2891186800","https://doi.org/10.1109/tevc.2018.2869001","2018","Computer Science","Data-Driven Evolutionary Optimization: An Overview and Case Studies","out/html/bfa652193488fc146d75014da2ca266fc53d7518/index.html","","out/md/bfa652193488fc146d75014da2ca266fc53d7518.md","out/reviews/bfa652193488fc146d75014da2ca266fc53d7518.review.json","26","textflow_ok","True","96302","103199","0","0"
"bfaa454cb2d6f0e9a0dbb8a9c2fd704a96b600ef","https://openalex.org/W1578919054","https://doi.org/10.17863/cam.44053","2016","Physics and Astronomy","Planck 2015 results: XI. CMB power spectra, likelihoods, and robustness of parameters","out/html/bfaa454cb2d6f0e9a0dbb8a9c2fd704a96b600ef/index.html","","out/md/bfaa454cb2d6f0e9a0dbb8a9c2fd704a96b600ef.md","out/reviews/bfaa454cb2d6f0e9a0dbb8a9c2fd704a96b600ef.review.json","99","textflow_ok","True","459856","517807","0","0"
"bfb0d5a164dc88be28b5665390fb390bb641cf98","https://openalex.org/W2805494660","https://doi.org/10.1021/acscatal.8b01357","2018","Materials Science","A Perspective on the Selective Catalytic Reduction (SCR) of NO with NH3 by Supported V2O5–WO3/TiO2 Catalysts","out/html/bfb0d5a164dc88be28b5665390fb390bb641cf98/index.html","","out/md/bfb0d5a164dc88be28b5665390fb390bb641cf98.md","out/reviews/bfb0d5a164dc88be28b5665390fb390bb641cf98.review.json","15","textflow_ok","True","93970","99155","0","0"
"bfd3eebd2d839c121e61378f1f1a35be28224676","https://openalex.org/W2427092668","https://doi.org/10.1002/lary.26107","2016","Neuroscience","Relationships between tinnitus and the prevalence of anxiety and depression","out/html/bfd3eebd2d839c121e61378f1f1a35be28224676/index.html","","","","5","textflow_ok","True","25381","28381","0","0"
"c05f984019353bdd90dc078fca46d03525ff20b5","https://openalex.org/W2578263644","https://doi.org/10.1038/nmat4802","2017","Materials Science","Buckled two-dimensional Xene sheets","out/html/c05f984019353bdd90dc078fca46d03525ff20b5/index.html","out/html_ocr/c05f984019353bdd90dc078fca46d03525ff20b5/index.html","out/md/c05f984019353bdd90dc078fca46d03525ff20b5.md","out/reviews/c05f984019353bdd90dc078fca46d03525ff20b5.review.json","32","textflow_ok","True","44424","50379","0","0"
"c07246b8c229568fbc3953abf2edf0bfc2d76d5b","https://openalex.org/W2213046731","https://doi.org/10.1021/acscatal.5b01667","2015","Energy","Recent Advances of Lanthanum-Based Perovskite Oxides for Catalysis","out/html/c07246b8c229568fbc3953abf2edf0bfc2d76d5b/index.html","","out/md/c07246b8c229568fbc3953abf2edf0bfc2d76d5b.md","out/reviews/c07246b8c229568fbc3953abf2edf0bfc2d76d5b.review.json","16","textflow_ok","True","73383","78434","0","0"
"c089e2ef9e52ae497c705c5e39c4ec9384e1d3ef","https://openalex.org/W2892679831","https://doi.org/10.1139/cjm-2018-0275","2018","Biochemistry, Genetics and Molecular Biology","Horizontal transfer of antibiotic resistance genes in clinical environments","out/html/c089e2ef9e52ae497c705c5e39c4ec9384e1d3ef/index.html","out/html_ocr/c089e2ef9e52ae497c705c5e39c4ec9384e1d3ef/index.html","out/md/c089e2ef9e52ae497c705c5e39c4ec9384e1d3ef.md","out/reviews/c089e2ef9e52ae497c705c5e39c4ec9384e1d3ef.review.json","26","textflow_ok","True","64844","72308","0","0"
"c08f0648593c40a32a3e93f07a8b0a69684b717c","https://openalex.org/W2890303416","https://doi.org/10.1038/s41477-018-0249-z","2018","Agricultural and Biological Sciences","Genome encode analyses reveal the basis of convergent evolution of fleshy fruit ripening","out/html/c08f0648593c40a32a3e93f07a8b0a69684b717c/index.html","","out/md/c08f0648593c40a32a3e93f07a8b0a69684b717c.md","out/reviews/c08f0648593c40a32a3e93f07a8b0a69684b717c.review.json","24","textflow_ok","True","41629","46601","0","0"
"c08f52aaf38ebf9c38663279ba88d7050d829a35","https://openalex.org/W1876525337","https://doi.org/10.1063/1.4928747","2015","Engineering","22.5% efficient silicon heterojunction solar cell with molybdenum oxide hole collector","out/html/c08f52aaf38ebf9c38663279ba88d7050d829a35/index.html","","out/md/c08f52aaf38ebf9c38663279ba88d7050d829a35.md","out/reviews/c08f52aaf38ebf9c38663279ba88d7050d829a35.review.json","5","textflow_ok","True","27558","29770","0","0"
"c1026e23a6da43bb63217085997c9e2bbec112e3","https://openalex.org/W4220952637","https://doi.org/10.1126/science.abl4649","2022","Environmental Science","The biodiversity and ecosystem service contributions and trade-offs of forest restoration approaches","out/html/c1026e23a6da43bb63217085997c9e2bbec112e3/index.html","out/html_ocr/c1026e23a6da43bb63217085997c9e2bbec112e3/index.html","out/md/c1026e23a6da43bb63217085997c9e2bbec112e3.md","out/reviews/c1026e23a6da43bb63217085997c9e2bbec112e3.review.json","101","textflow_ok","True","251513","273441","0","0"
"c14fc0ff10dbaaf3891a047d0e1a612541e7f43d","https://openalex.org/W2504135939","https://doi.org/10.1021/acs.est.6b00835","2016","Environmental Science","Understanding, Monitoring, and Controlling Biofilm Growth in Drinking Water Distribution Systems","out/html/c14fc0ff10dbaaf3891a047d0e1a612541e7f43d/index.html","","out/md/c14fc0ff10dbaaf3891a047d0e1a612541e7f43d.md","out/reviews/c14fc0ff10dbaaf3891a047d0e1a612541e7f43d.review.json","65","textflow_ok","True","156461","165136","0","0"
"c1835d84485711dcf1a43ad3dd32dcaa45e41a5c","https://openalex.org/W2968427544","https://doi.org/10.1108/ijopm-01-2019-0005","2019","Engineering","Industry 4.0 adoption as a moderator of the impact of lean production practices on operational performance improvement","out/html/c1835d84485711dcf1a43ad3dd32dcaa45e41a5c/index.html","","out/md/c1835d84485711dcf1a43ad3dd32dcaa45e41a5c.md","out/reviews/c1835d84485711dcf1a43ad3dd32dcaa45e41a5c.review.json","27","textflow_ok","True","89531","95519","0","0"
"c192bc2f10ed1c514134a6f1f99400b0ffc54497","https://openalex.org/W2911606041","https://doi.org/10.1016/j.pmatsci.2019.02.001","2019","Materials Science","Trap-controlled mechanoluminescent materials","out/html/c192bc2f10ed1c514134a6f1f99400b0ffc54497/index.html","","","","66","textflow_ok","True","264353","278343","0","0"
"c1f5e9395a0c4f970ca78a9ee9d7edb825c4cbca","https://openalex.org/W3165282863","https://doi.org/10.1038/s41586-021-03550-y","2021","Environmental Science","Widespread deoxygenation of temperate lakes","out/html/c1f5e9395a0c4f970ca78a9ee9d7edb825c4cbca/index.html","","out/md/c1f5e9395a0c4f970ca78a9ee9d7edb825c4cbca.md","out/reviews/c1f5e9395a0c4f970ca78a9ee9d7edb825c4cbca.review.json","48","textflow_ok","True","68516","80392","0","0"
"c20ac7462a73b303ceb025fb6ac234037747764b","https://openalex.org/W2310114729","https://doi.org/10.1021/acs.est.5b05833","2016","Environmental Science","Global Estimates of Fine Particulate Matter using a Combined Geophysical-Statistical Method with Information from Satellites, Models, and Monitors","out/html/c20ac7462a73b303ceb025fb6ac234037747764b/index.html","out/html_ocr/c20ac7462a73b303ceb025fb6ac234037747764b/index.html","out/md/c20ac7462a73b303ceb025fb6ac234037747764b.md","out/reviews/c20ac7462a73b303ceb025fb6ac234037747764b.review.json","12","textflow_ok","True","51716","59058","0","0"
"c2a415073f9b9bb1672345c53f0fc94f7b81bb58","https://openalex.org/W2594216248","https://doi.org/10.1038/nmat4868","2017","Materials Science","Antifogging abilities of model nanotextures","out/html/c2a415073f9b9bb1672345c53f0fc94f7b81bb58/index.html","","out/md/c2a415073f9b9bb1672345c53f0fc94f7b81bb58.md","out/reviews/c2a415073f9b9bb1672345c53f0fc94f7b81bb58.review.json","17","textflow_ok","True","39248","44104","0","0"
"c2aa7d4e72bafe7e582d4f9c67333372b7cb8da9","https://openalex.org/W2550520223","https://doi.org/10.1039/c6cy02178f","2016","Energy","Review of two-dimensional materials for photocatalytic water splitting from a theoretical perspective","out/html/c2aa7d4e72bafe7e582d4f9c67333372b7cb8da9/index.html","","out/md/c2aa7d4e72bafe7e582d4f9c67333372b7cb8da9.md","out/reviews/c2aa7d4e72bafe7e582d4f9c67333372b7cb8da9.review.json","16","textflow_ok","True","70929","76127","0","0"
"c2d0a1554e601c7652a5dcb1b5230aa4ff4255af","https://openalex.org/W2149296970","https://doi.org/10.1177/1086026615592933","2015","Engineering","An Ontology for Strongly Sustainable Business Models","out/html/c2d0a1554e601c7652a5dcb1b5230aa4ff4255af/index.html","","out/md/c2d0a1554e601c7652a5dcb1b5230aa4ff4255af.md","out/reviews/c2d0a1554e601c7652a5dcb1b5230aa4ff4255af.review.json","32","textflow_ok","True","101914","109487","0","0"
"c3186050880b65d0a24361e401fe1822eebc958b","https://openalex.org/W2597866042","https://doi.org/10.1109/tsg.2017.2686012","2017","Engineering","Deep Learning for Household Load Forecasting—A Novel Pooling Deep RNN","out/html/c3186050880b65d0a24361e401fe1822eebc958b/index.html","out/html_ocr/c3186050880b65d0a24361e401fe1822eebc958b/index.html","out/md/c3186050880b65d0a24361e401fe1822eebc958b.md","out/reviews/c3186050880b65d0a24361e401fe1822eebc958b.review.json","11","textflow_ok","True","51236","58570","0","0"
"c389fbd6d80f717f912f444ba81fae1efa832cd0","https://openalex.org/W2519710581","https://doi.org/10.1016/j.landurbplan.2016.08.007","2016","Environmental Science","An assessment of urban park access in Shanghai – Implications for the social equity in urban China","out/html/c389fbd6d80f717f912f444ba81fae1efa832cd0/index.html","","out/md/c389fbd6d80f717f912f444ba81fae1efa832cd0.md","out/reviews/c389fbd6d80f717f912f444ba81fae1efa832cd0.review.json","31","textflow_ok","True","58724","65732","0","0"
"c3c5379fb028fcfa83f7afab2163a5b7344f84d8","https://openalex.org/W2794691708","https://doi.org/10.1126/science.aan8546","2018","Immunology and Microbiology","Pulmonary neuroendocrine cells amplify allergic asthma responses","out/html/c3c5379fb028fcfa83f7afab2163a5b7344f84d8/index.html","","","","25","textflow_ok","True","55231","60903","0","0"
"c4236f6d5e878b3bdeaeb11a7d4a426d240c0892","https://openalex.org/W2990736700","https://doi.org/10.1016/j.addma.2019.100962","2019","Engineering","Additively manufactured carbon fiber-reinforced composites: State of the art and perspective","out/html/c4236f6d5e878b3bdeaeb11a7d4a426d240c0892/index.html","","out/md/c4236f6d5e878b3bdeaeb11a7d4a426d240c0892.md","out/reviews/c4236f6d5e878b3bdeaeb11a7d4a426d240c0892.review.json","107","textflow_ok","True","240766","258313","0","0"
"c460d0b0e3545263b74692292d92e7a488a66e7b","https://openalex.org/W3154719286","https://doi.org/10.1016/j.eswa.2021.115079","2021","Computer Science","RUN beyond the metaphor: An efficient optimization algorithm based on Runge Kutta method","out/html/c460d0b0e3545263b74692292d92e7a488a66e7b/index.html","out/html_ocr/c460d0b0e3545263b74692292d92e7a488a66e7b/index.html","out/md/c460d0b0e3545263b74692292d92e7a488a66e7b.md","out/reviews/c460d0b0e3545263b74692292d92e7a488a66e7b.review.json","62","textflow_ok","True","146114","209659","0","0"
"c47d62a8f96c456cdbc244dcf3a9b2bffa134566","https://openalex.org/W2265166184","https://doi.org/10.1145/2893356","2016","Computer Science","A Survey of Techniques for Approximate Computing","out/html/c47d62a8f96c456cdbc244dcf3a9b2bffa134566/index.html","","out/md/c47d62a8f96c456cdbc244dcf3a9b2bffa134566.md","out/reviews/c47d62a8f96c456cdbc244dcf3a9b2bffa134566.review.json","34","textflow_ok","True","135791","141808","0","0"
"c48fc8c66a1a9736cc8ac0458dd56c4d0ffd5e0e","https://openalex.org/W2598533724","https://doi.org/10.1002/esp.4125","2017","Environmental Science","3‐D uncertainty‐based topographic change detection with structure‐from‐motion photogrammetry: precision maps for ground control and directly georeferenced surveys","out/html/c48fc8c66a1a9736cc8ac0458dd56c4d0ffd5e0e/index.html","","out/md/c48fc8c66a1a9736cc8ac0458dd56c4d0ffd5e0e.md","out/reviews/c48fc8c66a1a9736cc8ac0458dd56c4d0ffd5e0e.review.json","68","textflow_ok","True","107092","116037","0","0"
"c4af6ab549d5784b81352906015b1872bd643387","https://openalex.org/W2726710569","https://doi.org/10.1002/adfm.201701264","2017","Materials Science","Flexible MXene/Graphene Films for Ultrafast Supercapacitors with Outstanding Volumetric Capacitance","out/html/c4af6ab549d5784b81352906015b1872bd643387/index.html","","out/md/c4af6ab549d5784b81352906015b1872bd643387.md","out/reviews/c4af6ab549d5784b81352906015b1872bd643387.review.json","44","textflow_ok","True","56484","68629","0","0"
"c4b32e5d9b4c3bc7f3aba852ecdddb67b65838b5","https://openalex.org/W2338294784","https://doi.org/10.1021/jacs.5b06227","2015","Energy","Probing the Active Surface Sites for CO Reduction on Oxide-Derived Copper Electrocatalysts","out/html/c4b32e5d9b4c3bc7f3aba852ecdddb67b65838b5/index.html","","out/md/c4b32e5d9b4c3bc7f3aba852ecdddb67b65838b5.md","out/reviews/c4b32e5d9b4c3bc7f3aba852ecdddb67b65838b5.review.json","10","textflow_ok","True","29252","31965","0","0"
"c5214fd6b7b11057c7492ba4556f5103ad33e532","https://openalex.org/W3009791680","https://doi.org/10.1002/aenm.201904054","2020","Engineering","From Defects to Degradation: A Mechanistic Understanding of Degradation in Perovskite Solar Cell Devices and Modules","out/html/c5214fd6b7b11057c7492ba4556f5103ad33e532/index.html","","out/md/c5214fd6b7b11057c7492ba4556f5103ad33e532.md","out/reviews/c5214fd6b7b11057c7492ba4556f5103ad33e532.review.json","36","textflow_ok","True","201116","241238","0","0"
"c539f51b336927202058ac8662491f42fba15ce8","https://openalex.org/W2885615162","https://doi.org/10.1038/s41560-018-0214-0","2018","Engineering","Tuning the electrolyte network structure to invoke quasi-solid state sulfur conversion and suppress lithium dendrite formation in Li–S batteries","out/html/c539f51b336927202058ac8662491f42fba15ce8/index.html","","out/md/c539f51b336927202058ac8662491f42fba15ce8.md","out/reviews/c539f51b336927202058ac8662491f42fba15ce8.review.json","22","textflow_ok","True","47753","52775","0","0"
"c5c0363d8c4681aae8c5d028cf1f200d62dfa670","https://openalex.org/W2916252188","https://doi.org/10.1038/s41560-019-0338-x","2019","Engineering","Pathways for practical high-energy long-cycling lithium metal batteries","out/html/c5c0363d8c4681aae8c5d028cf1f200d62dfa670/index.html","out/html_ocr/c5c0363d8c4681aae8c5d028cf1f200d62dfa670/index.html","out/md/c5c0363d8c4681aae8c5d028cf1f200d62dfa670.md","out/reviews/c5c0363d8c4681aae8c5d028cf1f200d62dfa670.review.json","9","textflow_ok","True","50959","55806","0","0"
"c5e530be848cba06d94601e92098faa874616e90","https://openalex.org/W2789830798","https://doi.org/10.1039/c8ee00227d","2018","Engineering","Pushing the limit of layered transition metal oxide cathodes for high-energy density rechargeable Li ion batteries","out/html/c5e530be848cba06d94601e92098faa874616e90/index.html","","out/md/c5e530be848cba06d94601e92098faa874616e90.md","out/reviews/c5e530be848cba06d94601e92098faa874616e90.review.json","30","textflow_ok","True","50670","56902","0","0"
"c5e690c78a3b84644bfd90b8355f560329e42b2e","https://openalex.org/W4322576964","https://doi.org/10.1109/comst.2023.3249835","2023","Engineering","On the Road to 6G: Visions, Requirements, Key Technologies, and Testbeds","out/html/c5e690c78a3b84644bfd90b8355f560329e42b2e/index.html","out/html_ocr/c5e690c78a3b84644bfd90b8355f560329e42b2e/index.html","out/md/c5e690c78a3b84644bfd90b8355f560329e42b2e.md","out/reviews/c5e690c78a3b84644bfd90b8355f560329e42b2e.review.json","72","textflow_ok","True","447507","466220","0","0"
"c5fe92855d177c8b52cd4687921b25f8a7cb7601","https://openalex.org/W2992820108","https://doi.org/10.1038/s41586-019-1822-y","2019","Environmental Science","Importance and vulnerability of the world’s water towers","out/html/c5fe92855d177c8b52cd4687921b25f8a7cb7601/index.html","out/html_ocr/c5fe92855d177c8b52cd4687921b25f8a7cb7601/index.html","out/md/c5fe92855d177c8b52cd4687921b25f8a7cb7601.md","out/reviews/c5fe92855d177c8b52cd4687921b25f8a7cb7601.review.json","24","textflow_ok","True","62121","66923","0","0"
"c6446f721db40fc9337d4ef5fbfe60b945f54190","https://openalex.org/W2893441209","https://doi.org/10.1038/s41557-018-0141-5","2018","Materials Science","Sulfone-containing covalent organic frameworks for photocatalytic hydrogen evolution from water","out/html/c6446f721db40fc9337d4ef5fbfe60b945f54190/index.html","out/html_ocr/c6446f721db40fc9337d4ef5fbfe60b945f54190/index.html","out/md/c6446f721db40fc9337d4ef5fbfe60b945f54190.md","out/reviews/c6446f721db40fc9337d4ef5fbfe60b945f54190.review.json","34","textflow_ok","True","59191","66390","0","0"
"c6524f9047d5240a44b4117cc644a21ad719a042","https://openalex.org/W2551020416","https://doi.org/10.1021/jacs.6b08377","2016","Materials Science","Chemical Conversion of Linkages in Covalent Organic Frameworks","out/html/c6524f9047d5240a44b4117cc644a21ad719a042/index.html","","out/md/c6524f9047d5240a44b4117cc644a21ad719a042.md","out/reviews/c6524f9047d5240a44b4117cc644a21ad719a042.review.json","5","textflow_ok","True","15869","18499","0","0"
"c6ce17073d5af127c577732ed5c7c436d9a04e95","https://openalex.org/W2988607039","https://doi.org/10.1038/s41560-019-0490-3","2019","Materials Science","Facet-dependent active sites of a single Cu2O particle photocatalyst for CO2 reduction to methanol","out/html/c6ce17073d5af127c577732ed5c7c436d9a04e95/index.html","","out/md/c6ce17073d5af127c577732ed5c7c436d9a04e95.md","out/reviews/c6ce17073d5af127c577732ed5c7c436d9a04e95.review.json","35","textflow_ok","True","80681","89428","0","0"
"c6de861759e3e0ebcafc71943eeb4ae01d2d2cc0","https://openalex.org/W1886971498","https://doi.org/10.1038/nature14674","2015","Engineering","Rejuvenation of metallic glasses by non-affine thermal strain","out/html/c6de861759e3e0ebcafc71943eeb4ae01d2d2cc0/index.html","out/html_ocr/c6de861759e3e0ebcafc71943eeb4ae01d2d2cc0/index.html","out/md/c6de861759e3e0ebcafc71943eeb4ae01d2d2cc0.md","out/reviews/c6de861759e3e0ebcafc71943eeb4ae01d2d2cc0.review.json","26","textflow_ok","True","51129","56201","0","0"
"c6e0aad258421c80a3d4c4f284c3dada5968e5c6","https://openalex.org/W2892530092","https://doi.org/10.1021/jacs.8b08379","2018","Chemical Engineering","Mechanistic Insights into Electrochemical Nitrogen Reduction Reaction on Vanadium Nitride Nanoparticles","out/html/c6e0aad258421c80a3d4c4f284c3dada5968e5c6/index.html","","out/md/c6e0aad258421c80a3d4c4f284c3dada5968e5c6.md","out/reviews/c6e0aad258421c80a3d4c4f284c3dada5968e5c6.review.json","43","textflow_ok","True","30163","38811","0","0"
"c6faa7fc9f4df19ee7c6c881e5c227645b73fcf5","https://openalex.org/W2889004114","https://doi.org/10.1021/acs.accounts.8b00292","2018","Biochemistry, Genetics and Molecular Biology","Cellular Uptake of Nanoparticles versus Small Molecules: A Matter of Size","out/html/c6faa7fc9f4df19ee7c6c881e5c227645b73fcf5/index.html","","out/md/c6faa7fc9f4df19ee7c6c881e5c227645b73fcf5.md","out/reviews/c6faa7fc9f4df19ee7c6c881e5c227645b73fcf5.review.json","25","textflow_ok","True","42882","47300","0","0"
"c71bf8dbbb3f8217baf17d8d363b251ba718ac1d","https://openalex.org/W2267670880","https://doi.org/10.1038/nature16484","2016","Engineering","A lithium–oxygen battery based on lithium superoxide","out/html/c71bf8dbbb3f8217baf17d8d363b251ba718ac1d/index.html","","out/md/c71bf8dbbb3f8217baf17d8d363b251ba718ac1d.md","out/reviews/c71bf8dbbb3f8217baf17d8d363b251ba718ac1d.review.json","52","textflow_ok","True","75078","87125","0","0"
"c7d25ace692aadafb167bdd3b4b88a87e7e1be5c","https://openalex.org/W2981256532","https://doi.org/10.1016/j.jclepro.2019.118605","2019","Environmental Science","Social factors influencing household waste separation: A literature review on good practices to improve the recycling performance of urban areas","out/html/c7d25ace692aadafb167bdd3b4b88a87e7e1be5c/index.html","","out/md/c7d25ace692aadafb167bdd3b4b88a87e7e1be5c.md","out/reviews/c7d25ace692aadafb167bdd3b4b88a87e7e1be5c.review.json","32","textflow_ok","True","127114","134501","0","0"
"c7e5945cfed56fd10b200b8744f703cb9a406f96","https://openalex.org/W3090922258","https://doi.org/10.1126/science.abb8587","2020","Neuroscience","Microglia modulate neurodegeneration in Alzheimer’s and Parkinson’s diseases","out/html/c7e5945cfed56fd10b200b8744f703cb9a406f96/index.html","","out/md/c7e5945cfed56fd10b200b8744f703cb9a406f96.md","out/reviews/c7e5945cfed56fd10b200b8744f703cb9a406f96.review.json","20","textflow_ok","True","33763","39090","0","0"
"c9155ba3581d16d8dd210dea29304b5e1c5da0f4","https://openalex.org/W2353942640","https://doi.org/10.1038/nature17653","2016","Materials Science","Strongly correlated perovskite fuel cells","out/html/c9155ba3581d16d8dd210dea29304b5e1c5da0f4/index.html","","out/md/c9155ba3581d16d8dd210dea29304b5e1c5da0f4.md","out/reviews/c9155ba3581d16d8dd210dea29304b5e1c5da0f4.review.json","15","textflow_ok","True","49897","55217","0","0"
"c92fb3160a7ac31b49547f932fb196fbaff3e727","https://openalex.org/W2795037203","https://doi.org/10.1016/j.chb.2018.03.051","2018","Computer Science","Living up to the chatbot hype: The influence of anthropomorphic design cues and communicative agency framing on conversational agent and company perceptions","out/html/c92fb3160a7ac31b49547f932fb196fbaff3e727/index.html","out/html_ocr/c92fb3160a7ac31b49547f932fb196fbaff3e727/index.html","out/md/c92fb3160a7ac31b49547f932fb196fbaff3e727.md","out/reviews/c92fb3160a7ac31b49547f932fb196fbaff3e727.review.json","8","textflow_ok","True","49841","53294","0","0"
"c93e030138bec174521b8c826ef353ad21917fcb","https://openalex.org/W3008965931","https://doi.org/10.1038/s41586-020-2001-x","2020","Engineering","On-device lead sequestration for perovskite solar cells","out/html/c93e030138bec174521b8c826ef353ad21917fcb/index.html","","out/md/c93e030138bec174521b8c826ef353ad21917fcb.md","out/reviews/c93e030138bec174521b8c826ef353ad21917fcb.review.json","17","textflow_ok","True","51160","56340","0","0"
"c9fb22227f3545a9a1e9a9889aeaea77408ab0de","https://openalex.org/W2917396432","https://doi.org/10.1002/adma.201806545","2019","Energy","Progress in the Development of Fe‐Based PGM‐Free Electrocatalysts for the Oxygen Reduction Reaction","out/html/c9fb22227f3545a9a1e9a9889aeaea77408ab0de/index.html","","out/md/c9fb22227f3545a9a1e9a9889aeaea77408ab0de.md","out/reviews/c9fb22227f3545a9a1e9a9889aeaea77408ab0de.review.json","61","textflow_ok","True","100472","111312","0","0"
"ca50653fe7b431148129e3f6408424f84c7e725f","https://openalex.org/W2899228857","https://doi.org/10.1021/jacs.8b07721","2018","Energy","Formation of Hierarchical Co 9 S 8 @ZnIn 2 S 4 Heterostructured Cages as an Efficient Photocatalyst for Hydrogen Evolution","out/html/ca50653fe7b431148129e3f6408424f84c7e725f/index.html","","out/md/ca50653fe7b431148129e3f6408424f84c7e725f.md","out/reviews/ca50653fe7b431148129e3f6408424f84c7e725f.review.json","5","textflow_ok","True","19886","22066","0","0"
"ca6d6b7c50805e784e0dba1a6dd33990904fb36c","https://openalex.org/W3127623051","https://doi.org/10.1038/s41560-020-00761-x","2021","Energy","Designing anion exchange membranes for CO2 electrolysers","out/html/ca6d6b7c50805e784e0dba1a6dd33990904fb36c/index.html","","out/md/ca6d6b7c50805e784e0dba1a6dd33990904fb36c.md","out/reviews/ca6d6b7c50805e784e0dba1a6dd33990904fb36c.review.json","33","textflow_ok","True","57550","63904","0","0"
"ca728ebc82b2ba15eda390803a4f45b633b3b158","https://openalex.org/W2738417046","https://doi.org/10.1093/imamci/dnx004","2017","Engineering","A class of predefined-time stable dynamical systems","out/html/ca728ebc82b2ba15eda390803a4f45b633b3b158/index.html","","out/md/ca728ebc82b2ba15eda390803a4f45b633b3b158.md","out/reviews/ca728ebc82b2ba15eda390803a4f45b633b3b158.review.json","22","textflow_ok","True","57703","66698","0","0"
"caae62da722ded10419c149e5222cfd4e83ee015","https://openalex.org/W2945677395","https://doi.org/10.1038/s41560-019-0387-1","2019","Engineering","Building ultraconformal protective layers on both secondary and primary particles of layered lithium transition metal oxide cathodes","out/html/caae62da722ded10419c149e5222cfd4e83ee015/index.html","","out/md/caae62da722ded10419c149e5222cfd4e83ee015.md","out/reviews/caae62da722ded10419c149e5222cfd4e83ee015.review.json","33","textflow_ok","True","48379","53833","0","0"
"cad903c1b6d9983934669e5ab7135cce52b4d5bf","https://openalex.org/W4296766770","https://doi.org/10.1126/science.abq7652","2022","Engineering","Deterministic fabrication of 3D/2D perovskite bilayer stacks for durable and efficient solar cells","out/html/cad903c1b6d9983934669e5ab7135cce52b4d5bf/index.html","","out/md/cad903c1b6d9983934669e5ab7135cce52b4d5bf.md","out/reviews/cad903c1b6d9983934669e5ab7135cce52b4d5bf.review.json","23","textflow_ok","True","44382","50629","0","0"
"cb56beb952a7d589a548d0d1a47eecba48720aec","https://openalex.org/W2292846232","https://doi.org/10.1139/apnm-2015-0550","2016","Biochemistry, Genetics and Molecular Biology","Protein “requirements” beyond the RDA: implications for optimizing health","out/html/cb56beb952a7d589a548d0d1a47eecba48720aec/index.html","","out/md/cb56beb952a7d589a548d0d1a47eecba48720aec.md","out/reviews/cb56beb952a7d589a548d0d1a47eecba48720aec.review.json","39","textflow_ok","True","59519","68491","0","0"
"cb5f3259aeed4bd3c843f9ec374576e89653294e","https://openalex.org/W2626221200","https://doi.org/10.1038/s41559-017-0186","2017","Environmental Science","Global hotspots and correlates of alien species richness across taxonomic groups","out/html/cb5f3259aeed4bd3c843f9ec374576e89653294e/index.html","","out/md/cb5f3259aeed4bd3c843f9ec374576e89653294e.md","out/reviews/cb5f3259aeed4bd3c843f9ec374576e89653294e.review.json","7","textflow_ok","True","47196","51494","0","0"
"cbdec2da963b2c88c962bc415f686d0b31daa928","https://openalex.org/W2795322264","https://doi.org/10.1038/s41586-018-0007-4","2018","Earth and Planetary Sciences","Anomalously weak Labrador Sea convection and Atlantic overturning during the past 150 years","out/html/cbdec2da963b2c88c962bc415f686d0b31daa928/index.html","","out/md/cbdec2da963b2c88c962bc415f686d0b31daa928.md","out/reviews/cbdec2da963b2c88c962bc415f686d0b31daa928.review.json","30","textflow_ok","True","56709","62688","0","0"
"cbf31a530000bbf512f97d752235e6f620a5bd0d","https://openalex.org/W4293011025","https://doi.org/10.1016/j.scib.2022.08.024","2022","Environmental Science","City-level emission peak and drivers in China","out/html/cbf31a530000bbf512f97d752235e6f620a5bd0d/index.html","","out/md/cbf31a530000bbf512f97d752235e6f620a5bd0d.md","out/reviews/cbf31a530000bbf512f97d752235e6f620a5bd0d.review.json","24","textflow_ok","True","58138","64190","0","0"
"cbf4ecdc113bf23fbaea08e59919573fe0e51bf1","https://openalex.org/W3118309275","https://doi.org/10.1038/s41565-020-00823-x","2021","Energy","An industrial perspective on catalysts for low-temperature CO2 electrolysis","out/html/cbf4ecdc113bf23fbaea08e59919573fe0e51bf1/index.html","","out/md/cbf4ecdc113bf23fbaea08e59919573fe0e51bf1.md","out/reviews/cbf4ecdc113bf23fbaea08e59919573fe0e51bf1.review.json","30","textflow_ok","True","89864","95099","0","0"
"cc22d79c7e4d645a7400ad56f62b7b37bf78125c","https://openalex.org/W2559680723","https://doi.org/10.1016/j.wasman.2016.11.028","2016","Engineering","The challenges of anaerobic digestion and the role of biochar in optimizing anaerobic digestion","out/html/cc22d79c7e4d645a7400ad56f62b7b37bf78125c/index.html","","out/md/cc22d79c7e4d645a7400ad56f62b7b37bf78125c.md","out/reviews/cc22d79c7e4d645a7400ad56f62b7b37bf78125c.review.json","65","textflow_ok","True","94228","103334","0","0"
"ccb30a733a574e5777de26c69d62edcb5dd665d4","https://openalex.org/W2784011033","https://doi.org/10.1080/09537287.2018.1424960","2018","Engineering","A critical investigation of Industry 4.0 in manufacturing: theoretical operationalisation framework","out/html/ccb30a733a574e5777de26c69d62edcb5dd665d4/index.html","","out/md/ccb30a733a574e5777de26c69d62edcb5dd665d4.md","out/reviews/ccb30a733a574e5777de26c69d62edcb5dd665d4.review.json","42","textflow_ok","True","70661","77786","0","0"
"ccbb6e10f83c34b27cca164d7d3d94bc78b37dc2","https://openalex.org/W2727670264","https://doi.org/10.1002/aenm.201602888","2017","Engineering","Narrowing the Gap between Theoretical and Practical Capacities in Li‐Ion Layered Oxide Cathode Materials","out/html/ccbb6e10f83c34b27cca164d7d3d94bc78b37dc2/index.html","","out/md/ccbb6e10f83c34b27cca164d7d3d94bc78b37dc2.md","out/reviews/ccbb6e10f83c34b27cca164d7d3d94bc78b37dc2.review.json","110","textflow_ok","True","175696","196579","0","0"
"ccc52715b31de711cea3a8c38f257b659a2eac9e","https://openalex.org/W3129054759","https://doi.org/10.1109/tii.2021.3056867","2021","Engineering","A Stacked GRU-RNN-Based Approach for Predicting Renewable Energy and Electricity Load for Smart Grid Operation","out/html/ccc52715b31de711cea3a8c38f257b659a2eac9e/index.html","","out/md/ccc52715b31de711cea3a8c38f257b659a2eac9e.md","out/reviews/ccc52715b31de711cea3a8c38f257b659a2eac9e.review.json","9","textflow_ok","True","39197","44593","0","0"
"cccdc20f89174422e60c4161edfaa425f8a3591c","https://openalex.org/W4386493257","https://doi.org/10.1038/s41586-023-06326-8","2023","Engineering","Visualizing interfacial collective reaction behaviour of Li–S batteries","out/html/cccdc20f89174422e60c4161edfaa425f8a3591c/index.html","","out/md/cccdc20f89174422e60c4161edfaa425f8a3591c.md","out/reviews/cccdc20f89174422e60c4161edfaa425f8a3591c.review.json","32","textflow_ok","True","82734","91562","0","0"
"cce9af830b397f53be18ec5fb3324357b23bc397","https://openalex.org/W2900567006","https://doi.org/10.1002/adma.201804779","2018","Materials Science","Electronic and Optical Properties of 2D Transition Metal Carbides and Nitrides (MXenes)","out/html/cce9af830b397f53be18ec5fb3324357b23bc397/index.html","out/html_ocr/cce9af830b397f53be18ec5fb3324357b23bc397/index.html","out/md/cce9af830b397f53be18ec5fb3324357b23bc397.md","out/reviews/cce9af830b397f53be18ec5fb3324357b23bc397.review.json","74","textflow_ok","True","154645","164783","0","0"
"cd10327929e272f272dcb8bdadf1df2b284fa774","https://openalex.org/W2923136550","https://doi.org/10.1109/mgrs.2018.2890023","2019","Engineering","Multisource and Multitemporal Data Fusion in Remote Sensing: A Comprehensive Review of the State of the Art","out/html/cd10327929e272f272dcb8bdadf1df2b284fa774/index.html","","out/md/cd10327929e272f272dcb8bdadf1df2b284fa774.md","out/reviews/cd10327929e272f272dcb8bdadf1df2b284fa774.review.json","26","textflow_ok","True","152522","159165","0","0"
"cd317d4ad15bc4534a616120917478e4ad764f36","https://openalex.org/W2159172047","https://doi.org/10.1038/nature14401","2015","Earth and Planetary Sciences","Precise interpolar phasing of abrupt climate change during the last ice age","out/html/cd317d4ad15bc4534a616120917478e4ad764f36/index.html","","","","17","textflow_ok","True","75088","82749","0","0"
"cdbef4451d1fe63582cb99f17b1b108dc9e20092","https://openalex.org/W1102683314","https://doi.org/10.1016/j.ijggc.2015.05.028","2015","Engineering","Pre-combustion CO2 capture","out/html/cdbef4451d1fe63582cb99f17b1b108dc9e20092/index.html","","out/md/cdbef4451d1fe63582cb99f17b1b108dc9e20092.md","out/reviews/cdbef4451d1fe63582cb99f17b1b108dc9e20092.review.json","32","textflow_ok","True","7437","14718","0","0"
"cdcbbb97f815511eb674f0ef8b440a8fbc0ddbcf","https://openalex.org/W2578047046","https://doi.org/10.1126/science.aal2541","2017","Biochemistry, Genetics and Molecular Biology","The receptor kinase FER is a RALF-regulated scaffold controlling plant immune signaling","out/html/cdcbbb97f815511eb674f0ef8b440a8fbc0ddbcf/index.html","out/html_ocr/cdcbbb97f815511eb674f0ef8b440a8fbc0ddbcf/index.html","out/md/cdcbbb97f815511eb674f0ef8b440a8fbc0ddbcf.md","out/reviews/cdcbbb97f815511eb674f0ef8b440a8fbc0ddbcf.review.json","7","textflow_ok","True","19442","22345","0","0"
"ce0dbe0227a3be77d8c5d6b227823b9ab08db939","https://openalex.org/W2889366632","https://doi.org/10.1038/s41893-018-0130-0","2018","Agricultural and Biological Sciences","Aiming higher to bend the curve of biodiversity loss","out/html/ce0dbe0227a3be77d8c5d6b227823b9ab08db939/index.html","","out/md/ce0dbe0227a3be77d8c5d6b227823b9ab08db939.md","out/reviews/ce0dbe0227a3be77d8c5d6b227823b9ab08db939.review.json","9","textflow_ok","True","19037","22059","0","0"
"ce17f3d8236e4aadd8458496e3852f5ec8aa74df","https://openalex.org/W4224237392","https://doi.org/10.1109/tpwrs.2022.3161418","2022","Engineering","Real-World Subsynchronous Oscillation Events in Power Grids With High Penetrations of Inverter-Based Resources","out/html/ce17f3d8236e4aadd8458496e3852f5ec8aa74df/index.html","","out/md/ce17f3d8236e4aadd8458496e3852f5ec8aa74df.md","out/reviews/ce17f3d8236e4aadd8458496e3852f5ec8aa74df.review.json","15","textflow_ok","True","80143","85480","0","0"
"ce45d3b7501784c52a23d555729d46bb6f8d9cdb","https://openalex.org/W2789950921","https://doi.org/10.1002/anie.201712662","2018","Materials Science","Design of Metal‐Free Polymer Carbon Dots: A New Class of Room‐Temperature Phosphorescent Materials","out/html/ce45d3b7501784c52a23d555729d46bb6f8d9cdb/index.html","","out/md/ce45d3b7501784c52a23d555729d46bb6f8d9cdb.md","out/reviews/ce45d3b7501784c52a23d555729d46bb6f8d9cdb.review.json","8","textflow_ok","True","33758","36750","0","0"
"cec870efd2bd300fabbe6c7ccaa00d60f84badb3","https://openalex.org/W2943250356","https://doi.org/10.1016/j.cej.2019.04.199","2019","Engineering","Green synthesis of gamma-valerolactone (GVL) through hydrogenation of biomass-derived levulinic acid using non-noble metal catalysts: A critical review","out/html/cec870efd2bd300fabbe6c7ccaa00d60f84badb3/index.html","","out/md/cec870efd2bd300fabbe6c7ccaa00d60f84badb3.md","out/reviews/cec870efd2bd300fabbe6c7ccaa00d60f84badb3.review.json","54","textflow_ok","True","88712","102805","0","0"
"ceea7636ab6dd03390a0d3b3c23296e6147d3378","https://openalex.org/W2557668118","https://doi.org/10.1002/fee.1436","2016","Environmental Science","Assessing data quality in citizen science","out/html/ceea7636ab6dd03390a0d3b3c23296e6147d3378/index.html","out/html_ocr/ceea7636ab6dd03390a0d3b3c23296e6147d3378/index.html","out/md/ceea7636ab6dd03390a0d3b3c23296e6147d3378.md","out/reviews/ceea7636ab6dd03390a0d3b3c23296e6147d3378.review.json","22","textflow_ok","True","55006","59255","0","0"
"cf46f23d356ca17325cc5e9fbbbd38e66d76a7f6","https://openalex.org/W2789128799","https://doi.org/10.1038/nbt.4072","2018","Biochemistry, Genetics and Molecular Biology","Recon3D enables a three-dimensional view of gene variation in human metabolism","out/html/cf46f23d356ca17325cc5e9fbbbd38e66d76a7f6/index.html","out/html_ocr/cf46f23d356ca17325cc5e9fbbbd38e66d76a7f6/index.html","out/md/cf46f23d356ca17325cc5e9fbbbd38e66d76a7f6.md","out/reviews/cf46f23d356ca17325cc5e9fbbbd38e66d76a7f6.review.json","30","textflow_ok","True","81271","87819","0","0"
"cffa3c318916ce8ef1da5542671abe90e5b81746","https://openalex.org/W3130559101","https://doi.org/10.1109/comst.2022.3143454","2022","Engineering","Seven Defining Features of Terahertz (THz) Wireless Systems: A Fellowship of Communication and Sensing","out/html/cffa3c318916ce8ef1da5542671abe90e5b81746/index.html","","out/md/cffa3c318916ce8ef1da5542671abe90e5b81746.md","out/reviews/cffa3c318916ce8ef1da5542671abe90e5b81746.review.json","28","textflow_ok","True","172305","177945","0","0"
"d00599a87195128a3bb46c9c27a76600e750e578","https://openalex.org/W2564178799","https://doi.org/10.1038/nmat4834","2016","Engineering","The path towards sustainable energy","out/html/d00599a87195128a3bb46c9c27a76600e750e578/index.html","","out/md/d00599a87195128a3bb46c9c27a76600e750e578.md","out/reviews/d00599a87195128a3bb46c9c27a76600e750e578.review.json","16","textflow_ok","True","43145","46617","0","0"
"d023ef5e436fde1017da4f0d8f23a0279c3ad333","https://openalex.org/W2616111333","https://doi.org/10.1126/science.aaj1631","2017","Environmental Science","Higher predation risk for insect prey at low latitudes and elevations","out/html/d023ef5e436fde1017da4f0d8f23a0279c3ad333/index.html","","out/md/d023ef5e436fde1017da4f0d8f23a0279c3ad333.md","out/reviews/d023ef5e436fde1017da4f0d8f23a0279c3ad333.review.json","35","textflow_ok","True","63768","73998","0","0"
"d069a57cc57664ddae4d6f796bfe2b2ee552a189","https://openalex.org/W2936477023","https://doi.org/10.1126/science.aav6886","2019","Environmental Science","Protected area targets post-2020","out/html/d069a57cc57664ddae4d6f796bfe2b2ee552a189/index.html","","out/md/d069a57cc57664ddae4d6f796bfe2b2ee552a189.md","out/reviews/d069a57cc57664ddae4d6f796bfe2b2ee552a189.review.json","4","textflow_ok","True","23589","25815","0","0"
"d09c1efe20ef44c4fc58cac251437e8ff0605e33","https://openalex.org/W2559556773","https://doi.org/10.1175/amsmonographs-d-16-0014.1","2016","Earth and Planetary Sciences","Chapter 7. Secondary Ice Production - current state of the science and recommendations for the future","out/html/d09c1efe20ef44c4fc58cac251437e8ff0605e33/index.html","","out/md/d09c1efe20ef44c4fc58cac251437e8ff0605e33.md","out/reviews/d09c1efe20ef44c4fc58cac251437e8ff0605e33.review.json","20","textflow_ok","True","85651","90699","0","0"
"d0affd090366a30af1faf78733da5b61bd10b266","https://openalex.org/W2962812409","https://doi.org/10.1021/acscatal.9b02113","2019","Chemical Engineering","Opportunities and Challenges for Catalysis in Carbon Dioxide Utilization","out/html/d0affd090366a30af1faf78733da5b61bd10b266/index.html","","out/md/d0affd090366a30af1faf78733da5b61bd10b266.md","out/reviews/d0affd090366a30af1faf78733da5b61bd10b266.review.json","44","textflow_ok","True","121732","128749","0","0"
"d0cb993f3cad239a72bae68face39771409c9b3a","https://openalex.org/W2892950362","https://doi.org/10.1021/jacs.8b08374","2018","Materials Science","Crystalline Dioxin-Linked Covalent Organic Frameworks from Irreversible Reactions","out/html/d0cb993f3cad239a72bae68face39771409c9b3a/index.html","","out/md/d0cb993f3cad239a72bae68face39771409c9b3a.md","out/reviews/d0cb993f3cad239a72bae68face39771409c9b3a.review.json","11","textflow_ok","True","25406","32804","0","0"
"d0cbcd32d493678b0897178e1095c878cf0f8243","https://openalex.org/W2803195639","https://doi.org/10.1111/ddi.12778","2018","Agricultural and Biological Sciences","Where are Europe’s last primary forests?","out/html/d0cbcd32d493678b0897178e1095c878cf0f8243/index.html","","out/md/d0cbcd32d493678b0897178e1095c878cf0f8243.md","out/reviews/d0cbcd32d493678b0897178e1095c878cf0f8243.review.json","14","textflow_ok","True","65361","76185","0","0"
"d101cc05a5e7f8f1baabfe70cd6acd5bad7a540d","https://openalex.org/W3124355643","https://doi.org/10.1038/s41586-020-03119-1","2021","Environmental Science","Lake heatwaves under climate change","out/html/d101cc05a5e7f8f1baabfe70cd6acd5bad7a540d/index.html","","out/md/d101cc05a5e7f8f1baabfe70cd6acd5bad7a540d.md","out/reviews/d101cc05a5e7f8f1baabfe70cd6acd5bad7a540d.review.json","37","textflow_ok","True","72356","77968","0","0"
"d119b67fd9a6d27ecb78ecb75ad86729fb44bae7","https://openalex.org/W2779160886","https://doi.org/10.1002/wat2.1268","2017","Environmental Science","Microplastics: An introduction to environmental transport processes","out/html/d119b67fd9a6d27ecb78ecb75ad86729fb44bae7/index.html","","out/md/d119b67fd9a6d27ecb78ecb75ad86729fb44bae7.md","out/reviews/d119b67fd9a6d27ecb78ecb75ad86729fb44bae7.review.json","24","textflow_ok","True","43307","48056","0","0"
"d12f2a69c620573bb1700f0993254793b6b3bf03","https://openalex.org/W2522153945","https://doi.org/10.1109/comst.2016.2611524","2016","Engineering","A Comparative Survey of VANET Clustering Techniques","out/html/d12f2a69c620573bb1700f0993254793b6b3bf03/index.html","","out/md/d12f2a69c620573bb1700f0993254793b6b3bf03.md","out/reviews/d12f2a69c620573bb1700f0993254793b6b3bf03.review.json","27","textflow_ok","True","140318","152009","0","0"
"d18804971fd019dc8d7bf90d100b5f811e3f8827","https://openalex.org/W2316306129","https://doi.org/10.1126/science.aad8532","2016","Physics and Astronomy","Generation of multiphoton entangled quantum states by means of integrated frequency combs","out/html/d18804971fd019dc8d7bf90d100b5f811e3f8827/index.html","out/html_ocr/d18804971fd019dc8d7bf90d100b5f811e3f8827/index.html","out/md/d18804971fd019dc8d7bf90d100b5f811e3f8827.md","out/reviews/d18804971fd019dc8d7bf90d100b5f811e3f8827.review.json","7","textflow_ok","True","24285","27609","0","0"
"d1a9c0a7e24e9662c0e06a829bf6f6e82c599280","https://openalex.org/W2410849299","https://doi.org/10.1021/jacs.5b02276","2015","Chemistry","Highly Water-Stable Zirconium Metal–Organic Framework UiO-66 Membranes Supported on Alumina Hollow Fibers for Desalination","out/html/d1a9c0a7e24e9662c0e06a829bf6f6e82c599280/index.html","out/html_ocr/d1a9c0a7e24e9662c0e06a829bf6f6e82c599280/index.html","out/md/d1a9c0a7e24e9662c0e06a829bf6f6e82c599280.md","out/reviews/d1a9c0a7e24e9662c0e06a829bf6f6e82c599280.review.json","5","textflow_ok","True","21213","23381","0","0"
"d1c50504f2a11261e37a3b8f1351dd386a61a86d","https://openalex.org/W2979527643","https://doi.org/10.1038/s41893-019-0390-3","2019","Environmental Science","Citizen science and the United Nations Sustainable Development Goals","out/html/d1c50504f2a11261e37a3b8f1351dd386a61a86d/index.html","","out/md/d1c50504f2a11261e37a3b8f1351dd386a61a86d.md","out/reviews/d1c50504f2a11261e37a3b8f1351dd386a61a86d.review.json","19","textflow_ok","True","53202","56750","0","0"
"d2537879abe5986df4d97c582c4fa77a084aa8cb","https://openalex.org/W1922564622","https://doi.org/10.1039/c5gc01451d","2015","Chemical Engineering","Hydrophobic deep eutectic solvents as water-immiscible extractants","out/html/d2537879abe5986df4d97c582c4fa77a084aa8cb/index.html","out/html_ocr/d2537879abe5986df4d97c582c4fa77a084aa8cb/index.html","out/md/d2537879abe5986df4d97c582c4fa77a084aa8cb.md","out/reviews/d2537879abe5986df4d97c582c4fa77a084aa8cb.review.json","5","textflow_ok","True","20034","22883","0","0"
"d2991bc86b13870c821134d219f676630463c147","https://openalex.org/W2338710623","https://doi.org/10.1016/j.rser.2016.04.019","2016","Engineering","A review of pumped hydro energy storage development in significant international electricity markets","out/html/d2991bc86b13870c821134d219f676630463c147/index.html","","out/md/d2991bc86b13870c821134d219f676630463c147.md","out/reviews/d2991bc86b13870c821134d219f676630463c147.review.json","37","textflow_ok","True","76353","85617","0","0"
"d2fee6874fbfd80b38dbf078cc3f629895c150e8","https://openalex.org/W3011789684","https://doi.org/10.1038/s41929-019-0421-5","2020","Engineering","Third-generation biorefineries as the means to produce fuels and chemicals from CO2","out/html/d2fee6874fbfd80b38dbf078cc3f629895c150e8/index.html","","out/md/d2fee6874fbfd80b38dbf078cc3f629895c150e8.md","out/reviews/d2fee6874fbfd80b38dbf078cc3f629895c150e8.review.json","35","textflow_ok","True","100781","109769","0","0"
"d341155fc896039bee6083e0e6fb0e24382db352","https://openalex.org/W2955808192","https://doi.org/10.1016/j.cirp.2019.05.002","2019","Engineering","Symbiotic human-robot collaborative assembly","out/html/d341155fc896039bee6083e0e6fb0e24382db352/index.html","","out/md/d341155fc896039bee6083e0e6fb0e24382db352.md","out/reviews/d341155fc896039bee6083e0e6fb0e24382db352.review.json","25","textflow_ok","True","174455","183375","0","0"
"d344f77172fa5fc451ff521bb1c232c59d269fe7","https://openalex.org/W2963315828","https://doi.org/10.1109/tpami.2018.2868668","2018","Computer Science","Temporal Segment Networks for Action Recognition in Videos","out/html/d344f77172fa5fc451ff521bb1c232c59d269fe7/index.html","out/html_ocr/d344f77172fa5fc451ff521bb1c232c59d269fe7/index.html","out/md/d344f77172fa5fc451ff521bb1c232c59d269fe7.md","out/reviews/d344f77172fa5fc451ff521bb1c232c59d269fe7.review.json","14","textflow_ok","True","82128","86894","0","0"
"d3454039a774519dd322479815980566aa20e2ed","https://openalex.org/W2553674517","https://doi.org/10.1016/s1473-3099(16)30257-2","2016","Biochemistry, Genetics and Molecular Biology","Occurrence of carbapenemase-producing Klebsiella pneumoniae and Escherichia coli in the European survey of carbapenemase-producing Enterobacteriaceae (EuSCAPE): a prospective, multinational study","out/html/d3454039a774519dd322479815980566aa20e2ed/index.html","","out/md/d3454039a774519dd322479815980566aa20e2ed.md","out/reviews/d3454039a774519dd322479815980566aa20e2ed.review.json","18","textflow_ok","True","45011","48988","0","0"
"d35192329a9e8078ddacc6b655f978cfe06454e0","https://openalex.org/W2205331003","https://doi.org/10.1016/j.progpolymsci.2015.10.002","2015","Chemistry","Polymerization-induced self-assembly of block copolymer nanoparticles via RAFT non-aqueous dispersion polymerization","out/html/d35192329a9e8078ddacc6b655f978cfe06454e0/index.html","","out/md/d35192329a9e8078ddacc6b655f978cfe06454e0.md","out/reviews/d35192329a9e8078ddacc6b655f978cfe06454e0.review.json","33","textflow_ok","True","71010","76212","0","0"
"d39aae594900384d93f1067bfaf7daf4091ebb79","https://openalex.org/W2331197975","https://doi.org/10.1016/j.progpolymsci.2016.03.003","2016","Environmental Science","Recent advances in polymer and polymer composite membranes for reverse and forward osmosis processes","out/html/d39aae594900384d93f1067bfaf7daf4091ebb79/index.html","","out/md/d39aae594900384d93f1067bfaf7daf4091ebb79.md","out/reviews/d39aae594900384d93f1067bfaf7daf4091ebb79.review.json","120","textflow_ok","True","308045","339375","0","0"
"d40c760aba721a858d9334dcf4ca657df6039d2d","https://openalex.org/W2277696271","https://doi.org/10.1111/nph.13838","2016","Agricultural and Biological Sciences","Carbon and phosphorus exchange may enable cooperation between an arbuscular mycorrhizal fungus and a phosphate‐solubilizing bacterium","out/html/d40c760aba721a858d9334dcf4ca657df6039d2d/index.html","","out/md/d40c760aba721a858d9334dcf4ca657df6039d2d.md","out/reviews/d40c760aba721a858d9334dcf4ca657df6039d2d.review.json","42","textflow_ok","True","62663","70663","0","0"
"d44940e9eafcbfcc206166def14103eb214d69d6","https://openalex.org/W4386917125","https://doi.org/10.1126/science.abg5998","2023","Engineering","Solid-state batteries: The critical role of mechanics","out/html/d44940e9eafcbfcc206166def14103eb214d69d6/index.html","","out/md/d44940e9eafcbfcc206166def14103eb214d69d6.md","out/reviews/d44940e9eafcbfcc206166def14103eb214d69d6.review.json","22","textflow_ok","True","62586","67173","0","0"
"d45404a820eca2b873c21a028d678ebae29c5943","https://openalex.org/W2884375217","https://doi.org/10.1038/s41560-018-0192-2","2018","Engineering","Suppression of atomic vacancies via incorporation of isovalent small ions to increase the stability of halide perovskite solar cells in ambient air","out/html/d45404a820eca2b873c21a028d678ebae29c5943/index.html","","out/md/d45404a820eca2b873c21a028d678ebae29c5943.md","out/reviews/d45404a820eca2b873c21a028d678ebae29c5943.review.json","30","textflow_ok","True","47565","53123","0","0"
"d4637801b38f7f1caa964235af9fc94715a271be","https://openalex.org/W2221703951","https://doi.org/10.1021/acscatal.5b01755","2015","Materials Science","Hydrogenation of CO 2 to Methanol: Importance of Metal–Oxide and Metal–Carbide Interfaces in the Activation of CO 2","out/html/d4637801b38f7f1caa964235af9fc94715a271be/index.html","","out/md/d4637801b38f7f1caa964235af9fc94715a271be.md","out/reviews/d4637801b38f7f1caa964235af9fc94715a271be.review.json","47","textflow_ok","True","54053","62651","0","0"
"d491b5ad8364318bfe9b92b660b5ca0cbfd60987","https://openalex.org/W2067847820","https://doi.org/10.1038/nnano.2015.37","2015","Materials Science","Water desalination using nanoporous single-layer graphene","out/html/d491b5ad8364318bfe9b92b660b5ca0cbfd60987/index.html","","out/md/d491b5ad8364318bfe9b92b660b5ca0cbfd60987.md","out/reviews/d491b5ad8364318bfe9b92b660b5ca0cbfd60987.review.json","26","textflow_ok","True","36785","41883","0","0"
"d4be23fac7e52a1d25780daa6f36c0da1f332bed","https://openalex.org/W3028823434","https://doi.org/10.1126/science.aaz9463","2020","Environmental Science","Pervasive shifts in forest dynamics in a changing world","out/html/d4be23fac7e52a1d25780daa6f36c0da1f332bed/index.html","out/html_ocr/d4be23fac7e52a1d25780daa6f36c0da1f332bed/index.html","out/md/d4be23fac7e52a1d25780daa6f36c0da1f332bed.md","out/reviews/d4be23fac7e52a1d25780daa6f36c0da1f332bed.review.json","40","textflow_ok","True","82471","91991","0","0"
"d53263b374fb056578065b73683981e4af65b98d","https://openalex.org/W2912965387","https://doi.org/10.1016/j.pmatsci.2019.02.003","2019","Materials Science","Recent advances in carbon-based polymer nanocomposites for electromagnetic interference shielding","out/html/d53263b374fb056578065b73683981e4af65b98d/index.html","","out/md/d53263b374fb056578065b73683981e4af65b98d.md","out/reviews/d53263b374fb056578065b73683981e4af65b98d.review.json","170","textflow_ok","True","282568","308425","0","0"
"d535c9bc6d40913bfed221a9ec7b4643e63d3e6e","https://openalex.org/W4310460724","https://doi.org/10.1038/s41563-022-01384-1","2022","Materials Science","Hierarchically structured bioinspired nanocomposites","out/html/d535c9bc6d40913bfed221a9ec7b4643e63d3e6e/index.html","","out/md/d535c9bc6d40913bfed221a9ec7b4643e63d3e6e.md","out/reviews/d535c9bc6d40913bfed221a9ec7b4643e63d3e6e.review.json","34","textflow_ok","True","95086","105740","0","0"
"d55541514f77a3e143ffa8cae6e55adbb2b26622","https://openalex.org/W4387770902","https://doi.org/10.1126/science.ade9637","2023","Engineering","Stabilized hole-selective layer for high-performance inverted p-i-n perovskite solar cells","out/html/d55541514f77a3e143ffa8cae6e55adbb2b26622/index.html","","out/md/d55541514f77a3e143ffa8cae6e55adbb2b26622.md","out/reviews/d55541514f77a3e143ffa8cae6e55adbb2b26622.review.json","15","textflow_ok","True","34178","38010","0","0"
"d57c2b46f08cdbd5bcc1e52544f8a1abb0d6cfb2","https://openalex.org/W2135612642","https://doi.org/10.1126/science.aab3916","2015","Environmental Science","Worldwide evidence of a unimodal relationship between productivity and plant species richness","out/html/d57c2b46f08cdbd5bcc1e52544f8a1abb0d6cfb2/index.html","","out/md/d57c2b46f08cdbd5bcc1e52544f8a1abb0d6cfb2.md","out/reviews/d57c2b46f08cdbd5bcc1e52544f8a1abb0d6cfb2.review.json","24","textflow_ok","True","32204","39398","0","0"
"d59d81ca17a8273ef0f250afbebfebd3a36962e4","https://openalex.org/W2166423024","https://doi.org/10.1007/s10009-014-0361-y","2015","Computer Science","Uppaal SMC tutorial","out/html/d59d81ca17a8273ef0f250afbebfebd3a36962e4/index.html","","out/md/d59d81ca17a8273ef0f250afbebfebd3a36962e4.md","out/reviews/d59d81ca17a8273ef0f250afbebfebd3a36962e4.review.json","20","textflow_ok","True","76915","83579","0","0"
"d602f60b428b2fe1428cce408ecb74e35d65c90c","https://openalex.org/W2475292059","https://doi.org/10.1021/acssensors.6b00356","2016","Engineering","Noninvasive Alcohol Monitoring Using a Wearable Tattoo-Based Iontophoretic-Biosensing System","out/html/d602f60b428b2fe1428cce408ecb74e35d65c90c/index.html","","out/md/d602f60b428b2fe1428cce408ecb74e35d65c90c.md","out/reviews/d602f60b428b2fe1428cce408ecb74e35d65c90c.review.json","10","textflow_ok","True","48183","51879","0","0"
"d609608be2f2ecfa36e6642101958c05be156ad6","https://openalex.org/W2469509239","https://doi.org/10.1016/j.apenergy.2016.06.094","2016","Environmental Science","Consumption-based emission accounting for Chinese cities","out/html/d609608be2f2ecfa36e6642101958c05be156ad6/index.html","","out/md/d609608be2f2ecfa36e6642101958c05be156ad6.md","out/reviews/d609608be2f2ecfa36e6642101958c05be156ad6.review.json","23","textflow_ok","True","61764","71673","0","0"
"d60f7e5679d7865e9539eed64d897adbeb5c8d5e","https://openalex.org/W2942038802","https://doi.org/10.1016/j.jenvp.2019.04.009","2019","Environmental Science","Measuring pro-environmental behavior: Review and recommendations","out/html/d60f7e5679d7865e9539eed64d897adbeb5c8d5e/index.html","out/html_ocr/d60f7e5679d7865e9539eed64d897adbeb5c8d5e/index.html","out/md/d60f7e5679d7865e9539eed64d897adbeb5c8d5e.md","out/reviews/d60f7e5679d7865e9539eed64d897adbeb5c8d5e.review.json","58","textflow_ok","True","106841","119037","0","0"
"d652b5de35bc62c8335059314c554270c8990dc1","https://openalex.org/W2985601352","https://doi.org/10.1038/s41929-019-0380-x","2019","Energy","Constraining CO coverage on copper promotes high-efficiency ethylene electroproduction","out/html/d652b5de35bc62c8335059314c554270c8990dc1/index.html","","out/md/d652b5de35bc62c8335059314c554270c8990dc1.md","out/reviews/d652b5de35bc62c8335059314c554270c8990dc1.review.json","35","textflow_ok","True","49385","57058","0","0"
"d66ddf873d3bcf0202943cfe1cc9fd4f527cc277","https://openalex.org/W2997405275","https://doi.org/10.1021/acs.nanolett.9b04719","2019","Engineering","Theoretical Calculation Guided Design of Single-Atom Catalysts toward Fast Kinetic and Long-Life Li–S Batteries","out/html/d66ddf873d3bcf0202943cfe1cc9fd4f527cc277/index.html","","out/md/d66ddf873d3bcf0202943cfe1cc9fd4f527cc277.md","out/reviews/d66ddf873d3bcf0202943cfe1cc9fd4f527cc277.review.json","16","textflow_ok","True","20158","25510","0","0"
"d68279c8285c164fd4cd6384c34caba29c055525","https://openalex.org/W3043852312","https://doi.org/10.1038/s41560-020-0666-x","2020","Energy","Highly selective electrocatalytic CO2 reduction to ethanol by metallic clusters dynamically formed from atomically dispersed copper","out/html/d68279c8285c164fd4cd6384c34caba29c055525/index.html","","out/md/d68279c8285c164fd4cd6384c34caba29c055525.md","out/reviews/d68279c8285c164fd4cd6384c34caba29c055525.review.json","57","textflow_ok","True","59567","72096","0","0"
"d692b34a3af9c6d83766685bca8e29b550cabc4d","https://openalex.org/W2864025239","https://doi.org/10.1016/j.conbuildmat.2018.06.201","2018","Materials Science","Graphene-based nanosheets for stronger and more durable concrete: A review","out/html/d692b34a3af9c6d83766685bca8e29b550cabc4d/index.html","","out/md/d692b34a3af9c6d83766685bca8e29b550cabc4d.md","out/reviews/d692b34a3af9c6d83766685bca8e29b550cabc4d.review.json","38","textflow_ok","True","130134","138857","0","0"
"d692fdddb3d2296bb787693b4a545f51937562aa","https://openalex.org/W2295097024","https://doi.org/10.1038/nprot.2016.036","2016","Biochemistry, Genetics and Molecular Biology","Using Raman spectroscopy to characterize biological materials","out/html/d692fdddb3d2296bb787693b4a545f51937562aa/index.html","","out/md/d692fdddb3d2296bb787693b4a545f51937562aa.md","out/reviews/d692fdddb3d2296bb787693b4a545f51937562aa.review.json","50","textflow_ok","True","124699","135146","0","0"
"d6ca835807f079acdb703fcd2c3409c43491670e","https://openalex.org/W1926722327","https://doi.org/10.1039/c5em00070j","2015","Environmental Science","Oil spill problems and sustainable response strategies through new technologies","out/html/d6ca835807f079acdb703fcd2c3409c43491670e/index.html","","out/md/d6ca835807f079acdb703fcd2c3409c43491670e.md","out/reviews/d6ca835807f079acdb703fcd2c3409c43491670e.review.json","45","textflow_ok","True","96927","110355","0","0"
"d6e1f2f01a3255de431e9f116cdc77f80defbecb","https://openalex.org/W2284029970","https://doi.org/10.1109/tro.2015.2496823","2015","Engineering","Visual Place Recognition: A Survey","out/html/d6e1f2f01a3255de431e9f116cdc77f80defbecb/index.html","out/html_ocr/d6e1f2f01a3255de431e9f116cdc77f80defbecb/index.html","out/md/d6e1f2f01a3255de431e9f116cdc77f80defbecb.md","out/reviews/d6e1f2f01a3255de431e9f116cdc77f80defbecb.review.json","21","textflow_ok","True","129514","137274","0","0"
"d78b6986e9de4ab02709efbf0232a39c74433403","https://openalex.org/W2513680795","https://doi.org/10.1038/nature19090","2016","Materials Science","Switching on electrocatalytic activity in solid oxide cells","out/html/d78b6986e9de4ab02709efbf0232a39c74433403/index.html","","out/md/d78b6986e9de4ab02709efbf0232a39c74433403.md","out/reviews/d78b6986e9de4ab02709efbf0232a39c74433403.review.json","5","textflow_ok","True","21860","24074","0","0"
"d84d4e244ae685e524ecf64b13876aa4c464b20d","https://openalex.org/W2042108537","https://doi.org/10.1016/j.baae.2015.01.005","2015","Agricultural and Biological Sciences","The future of urban agriculture and biodiversity-ecosystem services: Challenges and next steps","out/html/d84d4e244ae685e524ecf64b13876aa4c464b20d/index.html","","","","14","textflow_ok","True","66912","71658","0","0"
"d854fcaa3dfcea12edd435b89bff1d31ca2166f2","https://openalex.org/W2801956643","https://doi.org/10.1038/s41591-018-0009-7","2018","Biochemistry, Genetics and Molecular Biology","Carboplatin in BRCA1/2-mutated and triple-negative breast cancer BRCAness subgroups: the TNT Trial","out/html/d854fcaa3dfcea12edd435b89bff1d31ca2166f2/index.html","out/html_ocr/d854fcaa3dfcea12edd435b89bff1d31ca2166f2/index.html","out/md/d854fcaa3dfcea12edd435b89bff1d31ca2166f2.md","out/reviews/d854fcaa3dfcea12edd435b89bff1d31ca2166f2.review.json","31","textflow_ok","True","61316","71016","0","0"
"d9009da8637eef074d70714fb3614181958de463","https://openalex.org/W2407777570","https://doi.org/10.1109/tpel.2016.2569597","2016","Engineering","Review of Active and Reactive Power Sharing Strategies in Hierarchical Controlled Microgrids","out/html/d9009da8637eef074d70714fb3614181958de463/index.html","out/html_ocr/d9009da8637eef074d70714fb3614181958de463/index.html","out/md/d9009da8637eef074d70714fb3614181958de463.md","out/reviews/d9009da8637eef074d70714fb3614181958de463.review.json","23","textflow_ok","True","139766","151488","0","0"
"d910ee7a5faeeb3dafe44e4ac68beb1e0c6542fc","https://openalex.org/W2399031825","https://doi.org/10.1007/s11095-016-1933-1","2016","Engineering","Emergence of 3D Printed Dosage Forms: Opportunities and Challenges","out/html/d910ee7a5faeeb3dafe44e4ac68beb1e0c6542fc/index.html","","out/md/d910ee7a5faeeb3dafe44e4ac68beb1e0c6542fc.md","out/reviews/d910ee7a5faeeb3dafe44e4ac68beb1e0c6542fc.review.json","37","textflow_ok","True","74959","82846","0","0"
"d95b933703742798ca7d5a114dd5afd717210c38","https://openalex.org/W2941803205","https://doi.org/10.1126/science.aav3506","2019","Energy","What would it take for renewably powered electrosynthesis to displace petrochemical processes?","out/html/d95b933703742798ca7d5a114dd5afd717210c38/index.html","out/html_ocr/d95b933703742798ca7d5a114dd5afd717210c38/index.html","out/md/d95b933703742798ca7d5a114dd5afd717210c38.md","out/reviews/d95b933703742798ca7d5a114dd5afd717210c38.review.json","35","textflow_ok","True","85464","98614","0","0"
"d9c0801c37d3b848715021e5974ba2a2b6901947","https://openalex.org/W2424666459","https://doi.org/10.1016/j.landusepol.2016.06.006","2016","Environmental Science","Mapping ecosystem service capacity, flow and demand for landscape and urban planning: A case study in the Barcelona metropolitan region","out/html/d9c0801c37d3b848715021e5974ba2a2b6901947/index.html","","out/md/d9c0801c37d3b848715021e5974ba2a2b6901947.md","out/reviews/d9c0801c37d3b848715021e5974ba2a2b6901947.review.json","42","textflow_ok","True","113079","122769","0","0"
"da6fd37b18d9c7ec0c7837be5b49b0ae0ab8a1ee","https://openalex.org/W4318141566","https://doi.org/10.1126/science.abp8622","2023","Environmental Science","The drivers and impacts of Amazon forest degradation","out/html/da6fd37b18d9c7ec0c7837be5b49b0ae0ab8a1ee/index.html","","out/md/da6fd37b18d9c7ec0c7837be5b49b0ae0ab8a1ee.md","out/reviews/da6fd37b18d9c7ec0c7837be5b49b0ae0ab8a1ee.review.json","32","textflow_ok","True","101264","107745","0","0"
"daa0931084d4570ddb4ee77cc89281f2d3ae55b8","https://openalex.org/W2887853995","https://doi.org/10.1038/s41929-018-0133-2","2018","Energy","High-rate electroreduction of carbon monoxide to multi-carbon products","out/html/daa0931084d4570ddb4ee77cc89281f2d3ae55b8/index.html","","out/md/daa0931084d4570ddb4ee77cc89281f2d3ae55b8.md","out/reviews/daa0931084d4570ddb4ee77cc89281f2d3ae55b8.review.json","17","textflow_ok","True","47984","51918","0","0"
"db0157cb18358aafb050e840b61acca2287941e5","https://openalex.org/W2149561246","https://doi.org/10.1038/nsmb.3115","2015","Biochemistry, Genetics and Molecular Biology","Privateer: software for the conformational validation of carbohydrate structures","out/html/db0157cb18358aafb050e840b61acca2287941e5/index.html","","out/md/db0157cb18358aafb050e840b61acca2287941e5.md","out/reviews/db0157cb18358aafb050e840b61acca2287941e5.review.json","5","textflow_ok","True","8406","10797","0","0"
"db360d39733bb7295a918eeaf825c7b40deb4a6c","https://openalex.org/W2790468288","https://doi.org/10.1038/s41477-018-0108-y","2018","Environmental Science","Farming with crops and rocks to address global climate, food and soil security","out/html/db360d39733bb7295a918eeaf825c7b40deb4a6c/index.html","","out/md/db360d39733bb7295a918eeaf825c7b40deb4a6c.md","out/reviews/db360d39733bb7295a918eeaf825c7b40deb4a6c.review.json","22","textflow_ok","True","65619","69838","0","0"
"db3e4b7707614c37e0e9c1ad9329f80a14e75fda","https://openalex.org/W1813751289","https://doi.org/10.1038/nature15401","2015","Biochemistry, Genetics and Molecular Biology","Histone H1 couples initiation and amplification of ubiquitin signalling after DNA damage","out/html/db3e4b7707614c37e0e9c1ad9329f80a14e75fda/index.html","","out/md/db3e4b7707614c37e0e9c1ad9329f80a14e75fda.md","out/reviews/db3e4b7707614c37e0e9c1ad9329f80a14e75fda.review.json","54","textflow_ok","True","69261","84795","0","0"
"db4e197d0323c48b9b4e55d7773a0f268fc51f07","https://openalex.org/W3100719866","https://doi.org/10.17863/cam.42266","2016","Physics and Astronomy","Gaia Data Release 1","out/html/db4e197d0323c48b9b4e55d7773a0f268fc51f07/index.html","","out/md/db4e197d0323c48b9b4e55d7773a0f268fc51f07.md","out/reviews/db4e197d0323c48b9b4e55d7773a0f268fc51f07.review.json","23","pymupdf_fallback","True","113825","10567915","15","0"
"dbaf34bbf47cede23b3a71e5f83f314279e402c3","https://openalex.org/W2604354802","https://doi.org/10.1021/jacs.7b00102","2017","Energy","Enhancing CO2 Electroreduction with the Metal–Oxide Interface","out/html/dbaf34bbf47cede23b3a71e5f83f314279e402c3/index.html","","out/md/dbaf34bbf47cede23b3a71e5f83f314279e402c3.md","out/reviews/dbaf34bbf47cede23b3a71e5f83f314279e402c3.review.json","8","textflow_ok","True","27402","30317","0","0"
"dc1f5b74965b085fbf0cf2a8cf414e7ca462e1f7","https://openalex.org/W4223477331","https://doi.org/10.1109/mcom.002.2100972","2022","Engineering","Toward Multi-Functional 6G Wireless Networks: Integrating Sensing, Communication, and Security","out/html/dc1f5b74965b085fbf0cf2a8cf414e7ca462e1f7/index.html","","","","7","textflow_ok","True","37203","40320","0","0"
"dce4e1182012463bae11ef1f36adbf0649e247a5","https://openalex.org/W3145373632","https://doi.org/10.1038/s41561-021-00712-5","2021","Environmental Science","Risk of pesticide pollution at the global scale","out/html/dce4e1182012463bae11ef1f36adbf0649e247a5/index.html","out/html_ocr/dce4e1182012463bae11ef1f36adbf0649e247a5/index.html","out/md/dce4e1182012463bae11ef1f36adbf0649e247a5.md","out/reviews/dce4e1182012463bae11ef1f36adbf0649e247a5.review.json","16","textflow_ok","True","49311","53170","0","0"
"dd17a006791f1495d61ef8f1c15655591c70eaaa","https://openalex.org/W2793772718","https://doi.org/10.1021/acs.nanolett.8b00241","2018","Energy","Hot Hole Collection and Photoelectrochemical CO 2 Reduction with Plasmonic Au/p-GaN Photocathodes","out/html/dd17a006791f1495d61ef8f1c15655591c70eaaa/index.html","","out/md/dd17a006791f1495d61ef8f1c15655591c70eaaa.md","out/reviews/dd17a006791f1495d61ef8f1c15655591c70eaaa.review.json","23","textflow_ok","True","36147","41623","0","0"
"dd6440a38b26d5dbe61f7196c91bf7260da3117f","https://openalex.org/W2471767420","https://doi.org/10.1038/ni.3482","2016","Immunology and Microbiology","NK cells and type 1 innate lymphoid cells: partners in host defense","out/html/dd6440a38b26d5dbe61f7196c91bf7260da3117f/index.html","","out/md/dd6440a38b26d5dbe61f7196c91bf7260da3117f.md","out/reviews/dd6440a38b26d5dbe61f7196c91bf7260da3117f.review.json","8","textflow_ok","True","48784","52757","0","0"
"ddaeec7512692b430cb40724ccd9c4970515474c","https://openalex.org/W2130931170","https://doi.org/10.1038/nclimate2580","2015","Agricultural and Biological Sciences","Mineral protection of soil carbon counteracted by root exudates","out/html/ddaeec7512692b430cb40724ccd9c4970515474c/index.html","out/html_ocr/ddaeec7512692b430cb40724ccd9c4970515474c/index.html","out/md/ddaeec7512692b430cb40724ccd9c4970515474c.md","out/reviews/ddaeec7512692b430cb40724ccd9c4970515474c.review.json","31","textflow_ok","True","46878","54291","0","0"
"de324c61cd8035c12903cb322de9acffc6808ae6","https://openalex.org/W2596657999","https://doi.org/10.1038/nature22011","2017","Agricultural and Biological Sciences","Genomic innovation for crop improvement","out/html/de324c61cd8035c12903cb322de9acffc6808ae6/index.html","","out/md/de324c61cd8035c12903cb322de9acffc6808ae6.md","out/reviews/de324c61cd8035c12903cb322de9acffc6808ae6.review.json","9","textflow_ok","True","71428","76604","0","0"
"de5668c34d5e2ce8ec701a34c79c454921627147","https://openalex.org/W3132240972","https://doi.org/10.1038/s41593-020-00783-4","2021","Neuroscience","Reactive astrocyte nomenclature, definitions, and future directions","out/html/de5668c34d5e2ce8ec701a34c79c454921627147/index.html","out/html_ocr/de5668c34d5e2ce8ec701a34c79c454921627147/index.html","out/md/de5668c34d5e2ce8ec701a34c79c454921627147.md","out/reviews/de5668c34d5e2ce8ec701a34c79c454921627147.review.json","32","textflow_ok","True","107533","116839","0","0"
"dec8a9a354739ef5a234b74bf21e3430ed7f0536","https://openalex.org/W2443667990","https://doi.org/10.1038/nature18607","2016","Environmental Science","Bright spots among the world’s coral reefs","out/html/dec8a9a354739ef5a234b74bf21e3430ed7f0536/index.html","","out/md/dec8a9a354739ef5a234b74bf21e3430ed7f0536.md","out/reviews/dec8a9a354739ef5a234b74bf21e3430ed7f0536.review.json","58","textflow_ok","True","70442","85165","0","0"
"dee09287b1215350b066dcd8970c562ab3f58561","https://openalex.org/W1483851170","https://doi.org/10.1126/science.aaa8765","2015","Energy","High-performance transition metal–doped Pt 3 Ni octahedra for oxygen reduction reaction","out/html/dee09287b1215350b066dcd8970c562ab3f58561/index.html","out/html_ocr/dee09287b1215350b066dcd8970c562ab3f58561/index.html","out/md/dee09287b1215350b066dcd8970c562ab3f58561.md","out/reviews/dee09287b1215350b066dcd8970c562ab3f58561.review.json","27","textflow_ok","True","38263","42972","0","0"
"df24be076869d86eb5350143b3953eb368d56f5e","https://openalex.org/W2286353836","https://doi.org/10.1021/acs.chemmater.5b02138","2015","Materials Science","Economic and Size-Tunable Synthesis of InP/ZnE (E = S, Se) Colloidal Quantum Dots.","out/html/df24be076869d86eb5350143b3953eb368d56f5e/index.html","","out/md/df24be076869d86eb5350143b3953eb368d56f5e.md","out/reviews/df24be076869d86eb5350143b3953eb368d56f5e.review.json","4","textflow_ok","True","24962","27029","0","0"
"df484e0bb35afe35ac9c24a3aa94cacace56a2e7","https://openalex.org/W2522564267","https://doi.org/10.1021/acs.chemmater.6b02626","2016","Chemistry","Best Practices for the Synthesis, Activation, and Characterization of Metal–Organic Frameworks","out/html/df484e0bb35afe35ac9c24a3aa94cacace56a2e7/index.html","","out/md/df484e0bb35afe35ac9c24a3aa94cacace56a2e7.md","out/reviews/df484e0bb35afe35ac9c24a3aa94cacace56a2e7.review.json","14","textflow_ok","True","74908","79430","0","0"
"dfaa007707e2695ffe884879cd12d59ebc5f5b59","https://openalex.org/W2413163533","https://doi.org/10.1111/ele.12630","2016","Environmental Science","The interconnected rhizosphere: High network complexity dominates rhizosphere assemblages","out/html/dfaa007707e2695ffe884879cd12d59ebc5f5b59/index.html","out/html_ocr/dfaa007707e2695ffe884879cd12d59ebc5f5b59/index.html","out/md/dfaa007707e2695ffe884879cd12d59ebc5f5b59.md","out/reviews/dfaa007707e2695ffe884879cd12d59ebc5f5b59.review.json","21","textflow_ok","True","40592","44593","0","0"
"dfe62a7f29f7330e758f7665ee337d82fe81f13d","https://openalex.org/W2583396742","https://doi.org/10.1126/science.aai9081","2017","Engineering","Efficient and stable solution-processed planar perovskite solar cells via contact passivation","out/html/dfe62a7f29f7330e758f7665ee337d82fe81f13d/index.html","out/html_ocr/dfe62a7f29f7330e758f7665ee337d82fe81f13d/index.html","out/md/dfe62a7f29f7330e758f7665ee337d82fe81f13d.md","out/reviews/dfe62a7f29f7330e758f7665ee337d82fe81f13d.review.json","16","textflow_ok","True","33026","37305","0","0"
"e049e8a2b3d18a0d2fe2875313949567addc8d0f","https://openalex.org/W2619141030","https://doi.org/10.1021/jacs.7b03516","2017","Energy","Electrochemical Activation of CO2 through Atomic Ordering Transformations of AuCu Nanoparticles","out/html/e049e8a2b3d18a0d2fe2875313949567addc8d0f/index.html","","out/md/e049e8a2b3d18a0d2fe2875313949567addc8d0f.md","out/reviews/e049e8a2b3d18a0d2fe2875313949567addc8d0f.review.json","9","textflow_ok","True","44383","47854","0","0"
"e058d18f196b59c7914ce2b2ba6d62248d195d04","https://openalex.org/W4302278284","https://doi.org/10.1007/s10875-022-01352-z","2022","Immunology and Microbiology","The 2022 Update of IUIS Phenotypical Classification for Human Inborn Errors of Immunity","out/html/e058d18f196b59c7914ce2b2ba6d62248d195d04/index.html","","out/md/e058d18f196b59c7914ce2b2ba6d62248d195d04.md","out/reviews/e058d18f196b59c7914ce2b2ba6d62248d195d04.review.json","26","textflow_ok","True","82157","91048","0","0"
"e09c4d46c0e68119d36b10b8d6305023dac8611e","https://openalex.org/W2523945159","https://doi.org/10.1021/acs.est.6b03045","2016","Environmental Science","Microfiber Masses Recovered from Conventional Machine Washing of New or Aged Garments","out/html/e09c4d46c0e68119d36b10b8d6305023dac8611e/index.html","","","","20","textflow_ok","True","46847","54224","0","0"
"e0e898b188d53ce4e46c272a460e3a1d2a875b86","https://openalex.org/W2896096281","https://doi.org/10.1038/s41929-018-0164-8","2018","Energy","Atomically dispersed manganese catalysts for oxygen reduction in proton-exchange membrane fuel cells","out/html/e0e898b188d53ce4e46c272a460e3a1d2a875b86/index.html","out/html_ocr/e0e898b188d53ce4e46c272a460e3a1d2a875b86/index.html","out/md/e0e898b188d53ce4e46c272a460e3a1d2a875b86.md","out/reviews/e0e898b188d53ce4e46c272a460e3a1d2a875b86.review.json","40","textflow_ok","True","63314","69419","0","0"
"e11411a80944aebb30346692ae2d8b126b26cda0","https://openalex.org/W1961438741","https://doi.org/10.1073/pnas.1513318112","2015","Environmental Science","The genome of Aiptasia , a sea anemone model for coral symbiosis","out/html/e11411a80944aebb30346692ae2d8b126b26cda0/index.html","","out/md/e11411a80944aebb30346692ae2d8b126b26cda0.md","out/reviews/e11411a80944aebb30346692ae2d8b126b26cda0.review.json","6","textflow_ok","True","47004","50231","0","0"
"e16e6809aec5bdee908f35ac15c7e4c12b60baa9","https://openalex.org/W4281674067","https://doi.org/10.1016/s0140-6736(22)00581-5","2022","Biochemistry, Genetics and Molecular Biology","Upadacitinib as induction and maintenance therapy for moderately to severely active ulcerative colitis: results from three phase 3, multicentre, double-blind, randomised trials","out/html/e16e6809aec5bdee908f35ac15c7e4c12b60baa9/index.html","","out/md/e16e6809aec5bdee908f35ac15c7e4c12b60baa9.md","out/reviews/e16e6809aec5bdee908f35ac15c7e4c12b60baa9.review.json","17","textflow_ok","True","92902","106662","0","0"
"e19b3d7b2eb49513eb913189e45c19a8fdc0c7d3","https://openalex.org/W2555544367","https://doi.org/10.1126/science.aai8878","2016","Agricultural and Biological Sciences","Improving photosynthesis and crop productivity by accelerating recovery from photoprotection","out/html/e19b3d7b2eb49513eb913189e45c19a8fdc0c7d3/index.html","out/html_ocr/e19b3d7b2eb49513eb913189e45c19a8fdc0c7d3/index.html","out/md/e19b3d7b2eb49513eb913189e45c19a8fdc0c7d3.md","out/reviews/e19b3d7b2eb49513eb913189e45c19a8fdc0c7d3.review.json","22","textflow_ok","True","34761","39122","0","0"
"e1eea87480044570e418d513e96954117eabb74b","https://openalex.org/W2345939069","https://doi.org/10.1016/j.optlaseng.2016.04.022","2016","Computer Science","Temporal phase unwrapping algorithms for fringe projection profilometry: A comparative review","out/html/e1eea87480044570e418d513e96954117eabb74b/index.html","out/html_ocr/e1eea87480044570e418d513e96954117eabb74b/index.html","out/md/e1eea87480044570e418d513e96954117eabb74b.md","out/reviews/e1eea87480044570e418d513e96954117eabb74b.review.json","61","textflow_ok","True","104312","121301","0","0"
"e1f7827cc448ff73c2d7670cb3d231312a73db3d","https://openalex.org/W2293348034","https://doi.org/10.1021/acs.nanolett.5b04540","2016","Materials Science","Anisotropic Electron-Photon and Electron-Phonon Interactions in Black Phosphorus","out/html/e1f7827cc448ff73c2d7670cb3d231312a73db3d/index.html","","out/md/e1f7827cc448ff73c2d7670cb3d231312a73db3d.md","out/reviews/e1f7827cc448ff73c2d7670cb3d231312a73db3d.review.json","24","textflow_ok","True","42624","51684","0","0"
"e2a69598849faa241e102e0911ea22cc9a194b50","https://openalex.org/W2784558265","https://doi.org/10.1021/jacs.7b12916","2018","Chemistry","Creating Hierarchical Pores by Controlled Linker Thermolysis in Multivariate Metal–Organic Frameworks","out/html/e2a69598849faa241e102e0911ea22cc9a194b50/index.html","","out/md/e2a69598849faa241e102e0911ea22cc9a194b50.md","out/reviews/e2a69598849faa241e102e0911ea22cc9a194b50.review.json","13","textflow_ok","True","51014","54600","0","0"
"e2c2d442873c296885b8a016acf57a13cb21d50c","https://openalex.org/W2562182278","https://doi.org/10.1093/carcin/bgw127","2016","Biochemistry, Genetics and Molecular Biology","Reexamining cancer metabolism: lactate production for carcinogenesis could be the purpose and explanation of the Warburg Effect","out/html/e2c2d442873c296885b8a016acf57a13cb21d50c/index.html","","out/md/e2c2d442873c296885b8a016acf57a13cb21d50c.md","out/reviews/e2c2d442873c296885b8a016acf57a13cb21d50c.review.json","16","textflow_ok","True","94645","99315","0","0"
"e2c7828f51559d0eee3eb611ec62f3a421a97a35","https://openalex.org/W2745772761","https://doi.org/10.1002/adma.201602852","2017","Materials Science","Metal Thio‐ and Selenophosphates as Multifunctional van der Waals Layered Materials","out/html/e2c7828f51559d0eee3eb611ec62f3a421a97a35/index.html","","out/md/e2c7828f51559d0eee3eb611ec62f3a421a97a35.md","out/reviews/e2c7828f51559d0eee3eb611ec62f3a421a97a35.review.json","112","textflow_ok","True","186132","208210","0","0"
"e300c692905ff4e3f526a616956017be0193715c","https://openalex.org/W2308240053","https://doi.org/10.1016/j.apenergy.2016.03.073","2016","Environmental Science","New provincial CO2 emission inventories in China based on apparent energy consumption data and updated emission factors","out/html/e300c692905ff4e3f526a616956017be0193715c/index.html","","out/md/e300c692905ff4e3f526a616956017be0193715c.md","out/reviews/e300c692905ff4e3f526a616956017be0193715c.review.json","22","textflow_ok","True","43728","50685","0","0"
"e3b03da98f9bc38bbef97daedf5065a23ed0852c","https://openalex.org/W2327439259","https://doi.org/10.1021/nl504868p","2015","Materials Science","Observation of Excitonic Rydberg States in Monolayer MoS2 and WS2 by Photoluminescence Excitation Spectroscopy","out/html/e3b03da98f9bc38bbef97daedf5065a23ed0852c/index.html","","out/md/e3b03da98f9bc38bbef97daedf5065a23ed0852c.md","out/reviews/e3b03da98f9bc38bbef97daedf5065a23ed0852c.review.json","20","textflow_ok","True","36340","40960","0","0"
"e3e136ffb79f711586e7882e1460a69f668687e8","https://openalex.org/W2893030565","https://doi.org/10.1016/j.ribaf.2018.09.011","2018","Computer Science","Effects of the geopolitical risks on Bitcoin returns and volatility","out/html/e3e136ffb79f711586e7882e1460a69f668687e8/index.html","","out/md/e3e136ffb79f711586e7882e1460a69f668687e8.md","out/reviews/e3e136ffb79f711586e7882e1460a69f668687e8.review.json","21","textflow_ok","True","32175","41022","0","0"
"e473e88537137a8f40ea2c712d853ed11327f9ff","https://openalex.org/W2956919429","https://doi.org/10.1016/j.cie.2019.07.023","2019","Computer Science","Blockchains in operations and supply chains: A model and reference implementation","out/html/e473e88537137a8f40ea2c712d853ed11327f9ff/index.html","","out/md/e473e88537137a8f40ea2c712d853ed11327f9ff.md","out/reviews/e473e88537137a8f40ea2c712d853ed11327f9ff.review.json","20","textflow_ok","True","61122","66254","0","0"
"e47f3723a6f6b483eea2d345bb3c529e0c652c7b","https://openalex.org/W2617370635","https://doi.org/10.1002/aenm.201602894","2017","Engineering","Mechanism of Na‐Ion Storage in Hard Carbon Anodes Revealed by Heteroatom Doping","out/html/e47f3723a6f6b483eea2d345bb3c529e0c652c7b/index.html","","out/md/e47f3723a6f6b483eea2d345bb3c529e0c652c7b.md","out/reviews/e47f3723a6f6b483eea2d345bb3c529e0c652c7b.review.json","29","textflow_ok","True","44922","50878","0","0"
"e4f02fa657d321384bd823d1655585bc68ac64c4","https://openalex.org/W2800190939","https://doi.org/10.1038/s41560-018-0172-6","2018","Energy","A low energy demand scenario for meeting the 1.5 °C target and sustainable development goals without negative emission technologies","out/html/e4f02fa657d321384bd823d1655585bc68ac64c4/index.html","out/html_ocr/e4f02fa657d321384bd823d1655585bc68ac64c4/index.html","out/md/e4f02fa657d321384bd823d1655585bc68ac64c4.md","out/reviews/e4f02fa657d321384bd823d1655585bc68ac64c4.review.json","36","textflow_ok","True","69287","76770","0","0"
"e50490ef7a19a22b81fca7cc2fad653a660c5095","https://openalex.org/W2788263206","https://doi.org/10.1021/jacs.7b12829","2018","Energy","Fe Stabilization by Intermetallic L1 0 -FePt and Pt Catalysis Enhancement in L1 0 -FePt/Pt Nanoparticles for Efficient Oxygen Reduction Reaction in Fuel Cells","out/html/e50490ef7a19a22b81fca7cc2fad653a660c5095/index.html","","out/md/e50490ef7a19a22b81fca7cc2fad653a660c5095.md","out/reviews/e50490ef7a19a22b81fca7cc2fad653a660c5095.review.json","9","textflow_ok","True","33929","36841","0","0"
"e55368a7ff39dfe0ec28b938c23cc1ce1c299219","https://openalex.org/W2552460226","https://doi.org/10.1038/nature20102","2016","Engineering","Intrinsically stretchable and healable semiconducting polymer for organic transistors","out/html/e55368a7ff39dfe0ec28b938c23cc1ce1c299219/index.html","out/html_ocr/e55368a7ff39dfe0ec28b938c23cc1ce1c299219/index.html","out/md/e55368a7ff39dfe0ec28b938c23cc1ce1c299219.md","out/reviews/e55368a7ff39dfe0ec28b938c23cc1ce1c299219.review.json","13","textflow_ok","True","32759","35949","0","0"
"e5885e06a5485703d312409f019b8eee3f6302a7","https://openalex.org/W4313555558","https://doi.org/10.1126/science.abo1324","2023","Earth and Planetary Sciences","Global glacier change in the 21st century: Every increase in temperature matters","out/html/e5885e06a5485703d312409f019b8eee3f6302a7/index.html","","out/md/e5885e06a5485703d312409f019b8eee3f6302a7.md","out/reviews/e5885e06a5485703d312409f019b8eee3f6302a7.review.json","18","textflow_ok","True","45469","50444","0","0"
"e5a09f0dd80e54e504e8b0d300a7cf48d75cceee","https://openalex.org/W2969387578","https://doi.org/10.1021/acsenergylett.9b01693","2019","Engineering","Elucidating Reversible Electrochemical Redox of Li 6 PS 5 Cl Solid Electrolyte","out/html/e5a09f0dd80e54e504e8b0d300a7cf48d75cceee/index.html","","out/md/e5a09f0dd80e54e504e8b0d300a7cf48d75cceee.md","out/reviews/e5a09f0dd80e54e504e8b0d300a7cf48d75cceee.review.json","11","textflow_ok","True","46519","50448","0","0"
"e6424eaefeb5818508a0d5ccef6c7cf291151c29","https://openalex.org/W2580909769","https://doi.org/10.1038/nenergy.2016.207","2017","Engineering","Top and bottom surfaces limit carrier lifetime in lead iodide perovskite films","out/html/e6424eaefeb5818508a0d5ccef6c7cf291151c29/index.html","","out/md/e6424eaefeb5818508a0d5ccef6c7cf291151c29.md","out/reviews/e6424eaefeb5818508a0d5ccef6c7cf291151c29.review.json","19","textflow_ok","True","44806","49861","0","0"
"e67908a61beb85084ff9664b956c14740da1820c","https://openalex.org/W3137258066","https://doi.org/10.1038/s41560-021-00775-z","2021","Engineering","New roads and challenges for fuel cells in heavy-duty transportation","out/html/e67908a61beb85084ff9664b956c14740da1820c/index.html","","out/md/e67908a61beb85084ff9664b956c14740da1820c.md","out/reviews/e67908a61beb85084ff9664b956c14740da1820c.review.json","28","textflow_ok","True","78345","83490","0","0"
"e6a03d86cebcb2beec0b9ad5826e0786b295a2b9","https://openalex.org/W2178154271","https://doi.org/10.1016/j.ijmachtools.2015.11.007","2015","Engineering","Hybrid additive and subtractive machine tools – Research and industrial developments","out/html/e6a03d86cebcb2beec0b9ad5826e0786b295a2b9/index.html","","out/md/e6a03d86cebcb2beec0b9ad5826e0786b295a2b9.md","out/reviews/e6a03d86cebcb2beec0b9ad5826e0786b295a2b9.review.json","46","textflow_ok","True","130055","139397","0","0"
"e6ec54c1fc2b5eefd03b0d4d33add030e6ac534f","https://openalex.org/W2045211767","https://doi.org/10.1111/1365-2435.12428","2015","Environmental Science","Crown plasticity enables trees to optimize canopy packing in mixed‐species forests","out/html/e6ec54c1fc2b5eefd03b0d4d33add030e6ac534f/index.html","","out/md/e6ec54c1fc2b5eefd03b0d4d33add030e6ac534f.md","out/reviews/e6ec54c1fc2b5eefd03b0d4d33add030e6ac534f.review.json","28","textflow_ok","True","49194","54806","0","0"
"e6f306ef013dbe193687c78d72c4102e16151339","https://openalex.org/W2183721398","https://doi.org/10.1016/j.rser.2015.11.016","2015","Engineering","The relevance of inertia in power systems","out/html/e6f306ef013dbe193687c78d72c4102e16151339/index.html","out/html_ocr/e6f306ef013dbe193687c78d72c4102e16151339/index.html","out/md/e6f306ef013dbe193687c78d72c4102e16151339.md","out/reviews/e6f306ef013dbe193687c78d72c4102e16151339.review.json","21","textflow_ok","True","66436","72532","0","0"
"e71648bcc708ff15b932f7ebe882f7da0c617a78","https://openalex.org/W2599875507","https://doi.org/10.1038/nature21712","2017","Environmental Science","Transboundary health impacts of transported global air pollution and international trade","out/html/e71648bcc708ff15b932f7ebe882f7da0c617a78/index.html","out/html_ocr/e71648bcc708ff15b932f7ebe882f7da0c617a78/index.html","out/md/e71648bcc708ff15b932f7ebe882f7da0c617a78.md","out/reviews/e71648bcc708ff15b932f7ebe882f7da0c617a78.review.json","14","textflow_ok","True","36370","40340","0","0"
"e73225fb517027894c8e1ea5825c4b6a902594fb","https://openalex.org/W4297813615","https://doi.org/10.4230/lipics.ecrts.2024.13","2024","Computer Science","DeepTrust^RT: Confidential Deep Neural Inference Meets Real-Time!","out/html/e73225fb517027894c8e1ea5825c4b6a902594fb/index.html","out/html_ocr/e73225fb517027894c8e1ea5825c4b6a902594fb/index.html","out/md/e73225fb517027894c8e1ea5825c4b6a902594fb.md","out/reviews/e73225fb517027894c8e1ea5825c4b6a902594fb.review.json","24","textflow_ok","True","76493","84471","0","0"
"e8c7c06c837554f52b52f767166f68a49acccaf6","https://openalex.org/W2592352066","https://doi.org/10.1103/physrevb.95.115409","2017","Materials Science","Structural and electronic properties of monolayer group III monochalcogenides","out/html/e8c7c06c837554f52b52f767166f68a49acccaf6/index.html","","out/md/e8c7c06c837554f52b52f767166f68a49acccaf6.md","out/reviews/e8c7c06c837554f52b52f767166f68a49acccaf6.review.json","8","textflow_ok","True","40207","45403","0","0"
"e8e186538b400231ce755d5235be0b59bbca5d80","https://openalex.org/W1859126261","https://doi.org/10.1145/2699414","2015","Computer Science","Exascale computing and big data","out/html/e8e186538b400231ce755d5235be0b59bbca5d80/index.html","","out/md/e8e186538b400231ce755d5235be0b59bbca5d80.md","out/reviews/e8e186538b400231ce755d5235be0b59bbca5d80.review.json","9","textflow_ok","True","50103","53616","0","0"
"e8ec971ae0bfd4af958cf4eb11029f5d14365134","https://openalex.org/W2350168938","https://doi.org/10.1016/j.jconrel.2016.05.034","2016","Pharmacology, Toxicology and Pharmaceutics","3D scanning and 3D printing as innovative technologies for fabricating personalized topical drug delivery systems","out/html/e8ec971ae0bfd4af958cf4eb11029f5d14365134/index.html","","out/md/e8ec971ae0bfd4af958cf4eb11029f5d14365134.md","out/reviews/e8ec971ae0bfd4af958cf4eb11029f5d14365134.review.json","24","textflow_ok","True","39627","45141","0","0"
"e95004ede740d269da4684f64cfb4dbe196f6a6e","https://openalex.org/W2413527939","https://doi.org/10.1109/tevc.2015.2458037","2015","Computer Science","Multifactorial Evolution: Toward Evolutionary Multitasking","out/html/e95004ede740d269da4684f64cfb4dbe196f6a6e/index.html","out/html_ocr/e95004ede740d269da4684f64cfb4dbe196f6a6e/index.html","out/md/e95004ede740d269da4684f64cfb4dbe196f6a6e.md","out/reviews/e95004ede740d269da4684f64cfb4dbe196f6a6e.review.json","15","textflow_ok","True","79428","84531","0","0"
"e963a2e314c8a0c1d382aa9a0dc43f14758dad27","https://openalex.org/W2770867421","https://doi.org/10.1038/nchem.2886","2017","Energy","Theory-driven design of high-valence metal sites for water oxidation confirmed using in situ soft X-ray absorption","out/html/e963a2e314c8a0c1d382aa9a0dc43f14758dad27/index.html","","out/md/e963a2e314c8a0c1d382aa9a0dc43f14758dad27.md","out/reviews/e963a2e314c8a0c1d382aa9a0dc43f14758dad27.review.json","26","textflow_ok","True","40856","46782","0","0"
"e98b67d2acfb4186fc40368f1dbcebfc5612163b","https://openalex.org/W2573377826","https://doi.org/10.1126/science.aad4998","2017","Energy","Combining theory and experiment in electrocatalysis: Insights into materials design","out/html/e98b67d2acfb4186fc40368f1dbcebfc5612163b/index.html","out/html_ocr/e98b67d2acfb4186fc40368f1dbcebfc5612163b/index.html","out/md/e98b67d2acfb4186fc40368f1dbcebfc5612163b.md","out/reviews/e98b67d2acfb4186fc40368f1dbcebfc5612163b.review.json","33","textflow_ok","True","87976","93489","0","0"
"e9b6ab8651b90fd3d0d5b40b3096f53314c4d90f","https://openalex.org/W2256235712","https://doi.org/10.1021/acsnano.5b05984","2015","Energy","Experimental Observation of Redox-Induced Fe–N Switching Behavior as a Determinant Role for Oxygen Reduction Activity","out/html/e9b6ab8651b90fd3d0d5b40b3096f53314c4d90f/index.html","","out/md/e9b6ab8651b90fd3d0d5b40b3096f53314c4d90f.md","out/reviews/e9b6ab8651b90fd3d0d5b40b3096f53314c4d90f.review.json","11","textflow_ok","True","56913","61776","0","0"
"e9ee195882f00d2cd7dc7e2a9fdb66b8aece4814","https://openalex.org/W2326604655","https://doi.org/10.1021/nl504764m","2015","Materials Science","High Performance Pseudocapacitor Based on 2D Layered Metal Chalcogenide Nanocrystals","out/html/e9ee195882f00d2cd7dc7e2a9fdb66b8aece4814/index.html","","out/md/e9ee195882f00d2cd7dc7e2a9fdb66b8aece4814.md","out/reviews/e9ee195882f00d2cd7dc7e2a9fdb66b8aece4814.review.json","7","textflow_ok","True","31855","35020","0","0"
"e9fcc64bcb17c50d50565a2fffd127be654be196","https://openalex.org/W2319503556","https://doi.org/10.1109/tcsvt.2016.2543039","2016","Computer Science","Design, Implementation, and Evaluation of a Point Cloud Codec for Tele-Immersive Video","out/html/e9fcc64bcb17c50d50565a2fffd127be654be196/index.html","","out/md/e9fcc64bcb17c50d50565a2fffd127be654be196.md","out/reviews/e9fcc64bcb17c50d50565a2fffd127be654be196.review.json","14","textflow_ok","True","66405","73436","0","0"
"ea06bafa17e3448c46855de4cc7b6e9b10ab1555","https://openalex.org/W2729258083","https://doi.org/10.1039/c7ee01126a","2017","Chemical Engineering","Ammonia synthesis from N 2 and H 2 O using a lithium cycling electrification strategy at atmospheric pressure","out/html/ea06bafa17e3448c46855de4cc7b6e9b10ab1555/index.html","","out/md/ea06bafa17e3448c46855de4cc7b6e9b10ab1555.md","out/reviews/ea06bafa17e3448c46855de4cc7b6e9b10ab1555.review.json","10","textflow_ok","True","49676","52896","0","0"
"ea5543ee1ce7d0a7acabca51e69c7536948fbac5","https://openalex.org/W2951319617","https://doi.org/10.1038/s41559-019-0797-2","2019","Environmental Science","Ecosystem tipping points in an evolving world","out/html/ea5543ee1ce7d0a7acabca51e69c7536948fbac5/index.html","","out/md/ea5543ee1ce7d0a7acabca51e69c7536948fbac5.md","out/reviews/ea5543ee1ce7d0a7acabca51e69c7536948fbac5.review.json","30","textflow_ok","True","61942","69010","0","0"
"eaa02a2cd9cce7226930a41e937b1d69f1686dea","https://openalex.org/W3044365402","https://doi.org/10.1021/jacs.0c06363","2020","Engineering","Electrolyte Oxidation Pathways in Lithium-Ion Batteries","out/html/eaa02a2cd9cce7226930a41e937b1d69f1686dea/index.html","","out/md/eaa02a2cd9cce7226930a41e937b1d69f1686dea.md","out/reviews/eaa02a2cd9cce7226930a41e937b1d69f1686dea.review.json","41","textflow_ok","True","104275","112215","0","0"
"eaa76bf75046c6bcd06cf7f36ba27b2a3d48ca40","https://openalex.org/W3145323572","https://doi.org/10.1038/s41586-021-03984-4","2021","Earth and Planetary Sciences","Globally resolved surface temperatures since the Last Glacial Maximum","out/html/eaa76bf75046c6bcd06cf7f36ba27b2a3d48ca40/index.html","","out/md/eaa76bf75046c6bcd06cf7f36ba27b2a3d48ca40.md","out/reviews/eaa76bf75046c6bcd06cf7f36ba27b2a3d48ca40.review.json","53","textflow_ok","True","89303","101793","0","0"
"eb3dc0089ce207268468d83005bea5dd92223e41","https://openalex.org/W2612493899","https://doi.org/10.1039/c7ee01004d","2017","Engineering","Three-dimensional bilayer garnet solid electrolyte based high energy density lithium metal–sulfur batteries","out/html/eb3dc0089ce207268468d83005bea5dd92223e41/index.html","","out/md/eb3dc0089ce207268468d83005bea5dd92223e41.md","out/reviews/eb3dc0089ce207268468d83005bea5dd92223e41.review.json","30","textflow_ok","True","33967","39196","0","0"
"eb78f40704212fafe07abdce84243f2275632f98","https://openalex.org/W3136167138","https://doi.org/10.1056/nejmoa2029073","2021","Immunology and Microbiology","Pegcetacoplan versus Eculizumab in Paroxysmal Nocturnal Hemoglobinuria","out/html/eb78f40704212fafe07abdce84243f2275632f98/index.html","","out/md/eb78f40704212fafe07abdce84243f2275632f98.md","out/reviews/eb78f40704212fafe07abdce84243f2275632f98.review.json","10","textflow_ok","True","41934","48400","0","0"
"ec67f5e04bc45306510ccca037024ffc165af875","https://openalex.org/W2752167005","https://doi.org/10.1021/jacs.7b04865","2017","Materials Science","PdSe 2 : Pentagonal Two-Dimensional Layers with High Air Stability for Electronics","out/html/ec67f5e04bc45306510ccca037024ffc165af875/index.html","out/html_ocr/ec67f5e04bc45306510ccca037024ffc165af875/index.html","out/md/ec67f5e04bc45306510ccca037024ffc165af875.md","out/reviews/ec67f5e04bc45306510ccca037024ffc165af875.review.json","9","textflow_ok","True","42238","45259","0","0"
"ecc5524c0dcc37f9bdf86a46c821bd89513fe987","https://openalex.org/W2165020157","https://doi.org/10.1002/aenm.201500615","2015","Engineering","Photovoltaic Switching Mechanism in Lateral Structure Hybrid Perovskite Solar Cells","out/html/ecc5524c0dcc37f9bdf86a46c821bd89513fe987/index.html","","out/md/ecc5524c0dcc37f9bdf86a46c821bd89513fe987.md","out/reviews/ecc5524c0dcc37f9bdf86a46c821bd89513fe987.review.json","24","textflow_ok","True","34135","38569","0","0"
"ecc91f33e498b1b135ec720308cb55af3f82a4f7","https://openalex.org/W2556788732","https://doi.org/10.1002/adma.201601861","2016","Engineering","Phosphorescent Pt(II) and Pd(II) Complexes for Efficient, High‐Color‐Quality, and Stable OLEDs","out/html/ecc91f33e498b1b135ec720308cb55af3f82a4f7/index.html","","out/md/ecc91f33e498b1b135ec720308cb55af3f82a4f7.md","out/reviews/ecc91f33e498b1b135ec720308cb55af3f82a4f7.review.json","52","textflow_ok","True","83409","97846","0","0"
"ece289f7c0a39b9436cfe8fae9e6d869d91a658f","https://openalex.org/W3086341487","https://doi.org/10.1016/j.jpowsour.2020.228708","2020","Engineering","Lithium-ion batteries – Current state of the art and anticipated developments","out/html/ece289f7c0a39b9436cfe8fae9e6d869d91a658f/index.html","out/html_ocr/ece289f7c0a39b9436cfe8fae9e6d869d91a658f/index.html","out/md/ece289f7c0a39b9436cfe8fae9e6d869d91a658f.md","out/reviews/ece289f7c0a39b9436cfe8fae9e6d869d91a658f.review.json","26","textflow_ok","True","222877","229316","0","0"
"ed77ea230bf866b38821ca15c8f8734d54a9ff48","https://openalex.org/W2694190980","https://doi.org/10.1016/j.econlet.2017.06.023","2017","Computer Science","Volatility estimation for Bitcoin: A comparison of GARCH models","out/html/ed77ea230bf866b38821ca15c8f8734d54a9ff48/index.html","out/html_ocr/ed77ea230bf866b38821ca15c8f8734d54a9ff48/index.html","out/md/ed77ea230bf866b38821ca15c8f8734d54a9ff48.md","out/reviews/ed77ea230bf866b38821ca15c8f8734d54a9ff48.review.json","8","textflow_ok","True","14115","17938","0","0"
"ede4a3769b20c151c2a290e8db866eb4c27e339a","https://openalex.org/W2788576766","https://doi.org/10.1021/jacs.8b00542","2018","Engineering","Hybrid Dion–Jacobson 2D Lead Iodide Perovskites","out/html/ede4a3769b20c151c2a290e8db866eb4c27e339a/index.html","","out/md/ede4a3769b20c151c2a290e8db866eb4c27e339a.md","out/reviews/ede4a3769b20c151c2a290e8db866eb4c27e339a.review.json","12","textflow_ok","True","48946","54639","0","0"
"ee0f4e93a79f2a36d171499fa7d8badbbae36f44","https://openalex.org/W2883169032","https://doi.org/10.1038/s41560-018-0206-0","2018","Engineering","Cu2ZnSnS4 solar cells with over 10% power conversion efficiency enabled by heterojunction heat treatment","out/html/ee0f4e93a79f2a36d171499fa7d8badbbae36f44/index.html","out/html_ocr/ee0f4e93a79f2a36d171499fa7d8badbbae36f44/index.html","out/md/ee0f4e93a79f2a36d171499fa7d8badbbae36f44.md","out/reviews/ee0f4e93a79f2a36d171499fa7d8badbbae36f44.review.json","24","textflow_ok","True","55463","59828","0","0"
"ee33968ddf3be1b376e410c4ff859038b13a60a8","https://openalex.org/W2335345046","https://doi.org/10.1126/science.aad9964","2016","Biochemistry, Genetics and Molecular Biology","Phase separation of signaling molecules promotes T cell receptor signal transduction","out/html/ee33968ddf3be1b376e410c4ff859038b13a60a8/index.html","","out/md/ee33968ddf3be1b376e410c4ff859038b13a60a8.md","out/reviews/ee33968ddf3be1b376e410c4ff859038b13a60a8.review.json","50","textflow_ok","True","74274","84456","0","0"
"ee42d9772c890b8e2cd1634059956332cccc0521","https://openalex.org/W4229460005","https://doi.org/10.1038/s41560-022-01020-x","2022","Engineering","Additive engineering for robust interphases to stabilize high-Ni layered structures at ultra-high voltage of 4.8 V","out/html/ee42d9772c890b8e2cd1634059956332cccc0521/index.html","","out/md/ee42d9772c890b8e2cd1634059956332cccc0521.md","out/reviews/ee42d9772c890b8e2cd1634059956332cccc0521.review.json","11","textflow_ok","True","58626","65311","0","0"
"ee60950b6af1305b6b992db53d3737e676392c04","https://openalex.org/W4287824654","https://doi.org/10.4230/oasics.slate.2022.3","2022","Computer Science","Question Answering For Toxicological Information Extraction","out/html/ee60950b6af1305b6b992db53d3737e676392c04/index.html","out/html_ocr/ee60950b6af1305b6b992db53d3737e676392c04/index.html","out/md/ee60950b6af1305b6b992db53d3737e676392c04.md","out/reviews/ee60950b6af1305b6b992db53d3737e676392c04.review.json","10","textflow_ok","True","28938","32359","0","0"
"ee6a58c203307003effccfd4cac11c86542673fa","https://openalex.org/W3105759879","https://doi.org/10.1038/nmat4604","2016","Physics and Astronomy","Proximate Kitaev quantum spin liquid behaviour in a honeycomb magnet","out/html/ee6a58c203307003effccfd4cac11c86542673fa/index.html","out/html_ocr/ee6a58c203307003effccfd4cac11c86542673fa/index.html","out/md/ee6a58c203307003effccfd4cac11c86542673fa.md","out/reviews/ee6a58c203307003effccfd4cac11c86542673fa.review.json","67","textflow_ok","True","76003","88636","0","0"
"eed3c91425adcbf193634e81401c50e897dec9f5","https://openalex.org/W2302671968","https://doi.org/10.1126/science.aad5705","2016","Materials Science","Palladium-tin catalysts for the direct synthesis of H 2 O 2 with high selectivity","out/html/eed3c91425adcbf193634e81401c50e897dec9f5/index.html","","out/md/eed3c91425adcbf193634e81401c50e897dec9f5.md","out/reviews/eed3c91425adcbf193634e81401c50e897dec9f5.review.json","14","textflow_ok","True","24703","29317","0","0"
"eefb8f0bd2799110c94f6bc636ffcd1844cce0d6","https://openalex.org/W2580818323","https://doi.org/10.1016/j.conbuildmat.2017.01.055","2017","Engineering","Characterizing the generation and flows of construction and demolition waste in China","out/html/eefb8f0bd2799110c94f6bc636ffcd1844cce0d6/index.html","","out/md/eefb8f0bd2799110c94f6bc636ffcd1844cce0d6.md","out/reviews/eefb8f0bd2799110c94f6bc636ffcd1844cce0d6.review.json","39","textflow_ok","True","68376","77816","0","0"
"ef019deda9674290e3131c67c6c1b102144073aa","https://openalex.org/W2769188897","https://doi.org/10.1111/1541-4337.12322","2017","Materials Science","Active Packaging Applications for Food","out/html/ef019deda9674290e3131c67c6c1b102144073aa/index.html","","","","120","textflow_ok","True","200965","216878","0","0"
"ef450579a5b03da7b1bf1676c8f32b0162111d59","https://openalex.org/W4288051764","https://doi.org/10.1038/s41586-022-04940-6","2022","Computer Science","Practical quantum advantage in quantum simulation","out/html/ef450579a5b03da7b1bf1676c8f32b0162111d59/index.html","","out/md/ef450579a5b03da7b1bf1676c8f32b0162111d59.md","out/reviews/ef450579a5b03da7b1bf1676c8f32b0162111d59.review.json","14","textflow_ok","True","90156","95772","0","0"
"ef5cae6cbf24ad61ae808383acffb38b65b24369","https://openalex.org/W2563096608","https://doi.org/10.1016/j.rser.2016.11.167","2016","Engineering","An overview of Demand Response: Key-elements and international experience","out/html/ef5cae6cbf24ad61ae808383acffb38b65b24369/index.html","","out/md/ef5cae6cbf24ad61ae808383acffb38b65b24369.md","out/reviews/ef5cae6cbf24ad61ae808383acffb38b65b24369.review.json","22","textflow_ok","True","170314","177639","0","0"
"ef63f5612d1009721ceac9da1d1b8dc21b7ef8a1","https://openalex.org/W3164496230","https://doi.org/10.1038/s41566-021-00809-8","2021","Engineering","Prospects for metal halide perovskite-based tandem solar cells","out/html/ef63f5612d1009721ceac9da1d1b8dc21b7ef8a1/index.html","","out/md/ef63f5612d1009721ceac9da1d1b8dc21b7ef8a1.md","out/reviews/ef63f5612d1009721ceac9da1d1b8dc21b7ef8a1.review.json","16","textflow_ok","True","105166","119019","0","0"
"ef7559b444ebe0a197e42e04d3b0dea7e5561d12","https://openalex.org/W2918142502","https://doi.org/10.1038/s41558-019-0419-7","2019","Environmental Science","Drivers of declining CO2 emissions in 18 developed economies","out/html/ef7559b444ebe0a197e42e04d3b0dea7e5561d12/index.html","","out/md/ef7559b444ebe0a197e42e04d3b0dea7e5561d12.md","out/reviews/ef7559b444ebe0a197e42e04d3b0dea7e5561d12.review.json","14","textflow_ok","True","34060","38822","0","0"
"ef828c30caad837ab4e0324878304798a25e18d3","https://openalex.org/W2807862495","https://doi.org/10.1109/tsmc.2018.2830099","2018","Engineering","Efficient Deep CNN-Based Fire Detection and Localization in Video Surveillance Applications","out/html/ef828c30caad837ab4e0324878304798a25e18d3/index.html","","out/md/ef828c30caad837ab4e0324878304798a25e18d3.md","out/reviews/ef828c30caad837ab4e0324878304798a25e18d3.review.json","14","textflow_ok","True","59934","65471","0","0"
"f03487e302b53d699999944f02b1a18feeabfc91","https://openalex.org/W1579348746","https://doi.org/10.1038/nphoton.2015.103","2015","Physics and Astronomy","Modified spontaneous emission in nanophotonic structures","out/html/f03487e302b53d699999944f02b1a18feeabfc91/index.html","","out/md/f03487e302b53d699999944f02b1a18feeabfc91.md","out/reviews/f03487e302b53d699999944f02b1a18feeabfc91.review.json","32","textflow_ok","True","60491","66991","0","0"
"f049e601c82b33baa367c6d5ad8b0af4edd24a87","https://openalex.org/W2606398981","https://doi.org/10.1016/s0140-6736(17)30570-6","2017","Biochemistry, Genetics and Molecular Biology","Induction therapy with the selective interleukin-23 inhibitor risankizumab in patients with moderate-to-severe Crohn's disease: a randomised, double-blind, placebo-controlled phase 2 study","out/html/f049e601c82b33baa367c6d5ad8b0af4edd24a87/index.html","","out/md/f049e601c82b33baa367c6d5ad8b0af4edd24a87.md","out/reviews/f049e601c82b33baa367c6d5ad8b0af4edd24a87.review.json","18","textflow_ok","True","56097","60987","0","0"
"f08392d3b21b52e71f120c728cc9304393208356","https://openalex.org/W2793241084","https://doi.org/10.1038/s41566-018-0105-8","2018","Materials Science","Bright colloidal quantum dot light-emitting diodes enabled by efficient chlorination","out/html/f08392d3b21b52e71f120c728cc9304393208356/index.html","","out/md/f08392d3b21b52e71f120c728cc9304393208356.md","out/reviews/f08392d3b21b52e71f120c728cc9304393208356.review.json","22","textflow_ok","True","37583","43590","0","0"
"f0a8fd1b1a534e5378acd5f0542797f49379c081","https://openalex.org/W2912971883","https://doi.org/10.1021/acsnano.8b08329","2019","Engineering","Self-Powered and Self-Functional Cotton Sock Using Piezoelectric and Triboelectric Hybrid Mechanism for Healthcare and Sports Monitoring","out/html/f0a8fd1b1a534e5378acd5f0542797f49379c081/index.html","","out/md/f0a8fd1b1a534e5378acd5f0542797f49379c081.md","out/reviews/f0a8fd1b1a534e5378acd5f0542797f49379c081.review.json","131","textflow_ok","True","199376","225103","0","0"
"f0c291dfc3129d57d0239f43d8d99480e17254f7","https://openalex.org/W3097710777","https://doi.org/10.1021/jacs.0c07395","2020","Materials Science","Tailoring Electronic and Optical Properties of MXenes through Forming Solid Solutions","out/html/f0c291dfc3129d57d0239f43d8d99480e17254f7/index.html","","out/md/f0c291dfc3129d57d0239f43d8d99480e17254f7.md","out/reviews/f0c291dfc3129d57d0239f43d8d99480e17254f7.review.json","9","textflow_ok","True","40230","42941","0","0"
"f1291cfe6e6cefcd56d0099f9636139ce28823a9","https://openalex.org/W3015787622","https://doi.org/10.1016/j.jenvman.2020.110510","2020","Agricultural and Biological Sciences","Fruit and vegetable waste management: Conventional and emerging approaches","out/html/f1291cfe6e6cefcd56d0099f9636139ce28823a9/index.html","","","","75","textflow_ok","True","155860","171094","0","0"
"f155c2395b137a4a1ca009740f6fd61bd3842b74","https://openalex.org/W2216299353","https://doi.org/10.1073/pnas.1517685113","2015","Agricultural and Biological Sciences","Modeling the status, trends, and impacts of wild bee abundance in the United States","out/html/f155c2395b137a4a1ca009740f6fd61bd3842b74/index.html","","","","7","textflow_ok","True","48238","51001","0","0"
"f1690f503a678c061e3ec630e9a0d0129105478b","https://openalex.org/W2606533346","https://doi.org/10.1016/j.habitatint.2017.04.005","2017","Environmental Science","Greening cities – To be socially inclusive? About the alleged paradox of society and ecology in cities","out/html/f1690f503a678c061e3ec630e9a0d0129105478b/index.html","","out/md/f1690f503a678c061e3ec630e9a0d0129105478b.md","out/reviews/f1690f503a678c061e3ec630e9a0d0129105478b.review.json","8","textflow_ok","True","56758","60195","0","0"
"f19e9d8005c167821860ed6a2449230d263f496d","https://openalex.org/W3010109933","https://doi.org/10.1038/s41566-020-0589-x","2020","Physics and Astronomy","Demonstration of sub-3 ps temporal resolution with a superconducting nanowire single-photon detector","out/html/f19e9d8005c167821860ed6a2449230d263f496d/index.html","","out/md/f19e9d8005c167821860ed6a2449230d263f496d.md","out/reviews/f19e9d8005c167821860ed6a2449230d263f496d.review.json","37","textflow_ok","True","57566","64965","0","0"
"f1cd3b37c4738f769d0f8327bd38747b28b8736c","https://openalex.org/W2070278096","https://doi.org/10.1039/c4ee03824j","2015","Engineering","Recent progress and perspective in solution-processed Interfacial materials for efficient and stable polymer and organometal perovskite solar cells","out/html/f1cd3b37c4738f769d0f8327bd38747b28b8736c/index.html","out/html_ocr/f1cd3b37c4738f769d0f8327bd38747b28b8736c/index.html","out/md/f1cd3b37c4738f769d0f8327bd38747b28b8736c.md","out/reviews/f1cd3b37c4738f769d0f8327bd38747b28b8736c.review.json","31","textflow_ok","True","149713","156956","0","0"
"f1ecff1f2eaa775d61ad94a20ccae43ade9d82c1","https://openalex.org/W2729529316","https://doi.org/10.1016/j.ijpharm.2017.06.082","2017","Engineering","Selective laser sintering (SLS) 3D printing of medicines","out/html/f1ecff1f2eaa775d61ad94a20ccae43ade9d82c1/index.html","","out/md/f1ecff1f2eaa775d61ad94a20ccae43ade9d82c1.md","out/reviews/f1ecff1f2eaa775d61ad94a20ccae43ade9d82c1.review.json","27","textflow_ok","True","40254","46657","0","0"
"f1fcf1c7ae23bd0be83d56567224755d386b1166","https://openalex.org/W2296143349","https://doi.org/10.1021/acs.jpclett.6b00216","2016","Energy","The Priority and Challenge of High-Power Performance of Low-Platinum Proton-Exchange Membrane Fuel Cells","out/html/f1fcf1c7ae23bd0be83d56567224755d386b1166/index.html","","out/md/f1fcf1c7ae23bd0be83d56567224755d386b1166.md","out/reviews/f1fcf1c7ae23bd0be83d56567224755d386b1166.review.json","31","textflow_ok","True","61839","69508","0","0"
"f232eb463f5472eb06ee69472c9c55ad8873b013","https://openalex.org/W2925231405","https://doi.org/10.1073/pnas.1811513116","2019","Neuroscience","Redefining bilingualism as a spectrum of experiences that differentially affects brain structure and function","out/html/f232eb463f5472eb06ee69472c9c55ad8873b013/index.html","","out/md/f232eb463f5472eb06ee69472c9c55ad8873b013.md","out/reviews/f232eb463f5472eb06ee69472c9c55ad8873b013.review.json","32","textflow_ok","True","70646","85091","0","0"
"f285ba1c1ffeaae4ca4f9722c6e34f2e649818f2","https://openalex.org/W2563615861","https://doi.org/10.1038/nmat4821","2016","Engineering","Negating interfacial impedance in garnet-based solid-state Li metal batteries","out/html/f285ba1c1ffeaae4ca4f9722c6e34f2e649818f2/index.html","out/html_ocr/f285ba1c1ffeaae4ca4f9722c6e34f2e649818f2/index.html","out/md/f285ba1c1ffeaae4ca4f9722c6e34f2e649818f2.md","out/reviews/f285ba1c1ffeaae4ca4f9722c6e34f2e649818f2.review.json","33","textflow_ok","True","51840","57156","0","0"
"f2867e26fd777290a33a33ea3ee4964623563e35","https://openalex.org/W3010103093","https://doi.org/10.1002/aenm.201903881","2020","Engineering","Tuning Nanofillers in In Situ Prepared Polyimide Nanocomposites for High‐Temperature Capacitive Energy Storage","out/html/f2867e26fd777290a33a33ea3ee4964623563e35/index.html","","","","20","textflow_ok","True","31113","36908","0","0"
"f2dc8b7c0554b77c87ac28e7d06281c70b0ac5ad","https://openalex.org/W2337259322","https://doi.org/10.1111/mec.13660","2016","Environmental Science","Environmental DNA metabarcoding of lake fish communities reflects long‐term data from established survey methods","out/html/f2dc8b7c0554b77c87ac28e7d06281c70b0ac5ad/index.html","","out/md/f2dc8b7c0554b77c87ac28e7d06281c70b0ac5ad.md","out/reviews/f2dc8b7c0554b77c87ac28e7d06281c70b0ac5ad.review.json","38","textflow_ok","True","79596","86979","0","0"
"f2e920cc4f0e73d7e6174eb1609c902f0d3f978e","https://openalex.org/W2110520845","https://doi.org/10.1016/j.mineng.2015.01.005","2015","Engineering","Leaching of rare earths from bauxite residue (red mud)","out/html/f2e920cc4f0e73d7e6174eb1609c902f0d3f978e/index.html","","out/md/f2e920cc4f0e73d7e6174eb1609c902f0d3f978e.md","out/reviews/f2e920cc4f0e73d7e6174eb1609c902f0d3f978e.review.json","25","textflow_ok","True","33972","38333","0","0"
"f360d6ff2de8f6a72fab9596c9c76a7e1354a42d","https://openalex.org/W2747780986","https://doi.org/10.1002/adma.201701985","2017","Engineering","Wearable Microfluidic Diaphragm Pressure Sensor for Health and Tactile Touch Monitoring","out/html/f360d6ff2de8f6a72fab9596c9c76a7e1354a42d/index.html","","out/md/f360d6ff2de8f6a72fab9596c9c76a7e1354a42d.md","out/reviews/f360d6ff2de8f6a72fab9596c9c76a7e1354a42d.review.json","15","textflow_ok","True","30146","33433","0","0"
"f394cb70ff4b73b4e4883cf37ba59a3933fd6c99","https://openalex.org/W2294511912","https://doi.org/10.1109/jsac.2016.2525398","2016","Computer Science","5G-Enabled Tactile Internet","out/html/f394cb70ff4b73b4e4883cf37ba59a3933fd6c99/index.html","out/html_ocr/f394cb70ff4b73b4e4883cf37ba59a3933fd6c99/index.html","out/md/f394cb70ff4b73b4e4883cf37ba59a3933fd6c99.md","out/reviews/f394cb70ff4b73b4e4883cf37ba59a3933fd6c99.review.json","16","textflow_ok","True","92407","97126","0","0"
"f3e8d4ae7a333c6e796da2176549e31ba98642cb","https://openalex.org/W2510334816","https://doi.org/10.1038/nmeth.3959","2016","Chemistry","OpenMS: a flexible open-source software platform for mass spectrometry data analysis","out/html/f3e8d4ae7a333c6e796da2176549e31ba98642cb/index.html","out/html_ocr/f3e8d4ae7a333c6e796da2176549e31ba98642cb/index.html","out/md/f3e8d4ae7a333c6e796da2176549e31ba98642cb.md","out/reviews/f3e8d4ae7a333c6e796da2176549e31ba98642cb.review.json","20","textflow_ok","True","53434","57756","0","0"
"f420c8ad91aa0cd82e4fc893ccd2e5aafbeb96ee","https://openalex.org/W2920897755","https://doi.org/10.1038/s41558-019-0436-6","2019","Environmental Science","Progressing emergent constraints on future climate change","out/html/f420c8ad91aa0cd82e4fc893ccd2e5aafbeb96ee/index.html","","out/md/f420c8ad91aa0cd82e4fc893ccd2e5aafbeb96ee.md","out/reviews/f420c8ad91aa0cd82e4fc893ccd2e5aafbeb96ee.review.json","24","textflow_ok","True","67015","71929","0","0"
"f456b4eca485f11fce98e589fb133a60082a839c","https://openalex.org/W2786705330","https://doi.org/10.25300/misq/2018/13853","2018","Computer Science","Toward a Unified Model of Information Security Policy Compliance1","out/html/f456b4eca485f11fce98e589fb133a60082a839c/index.html","","out/md/f456b4eca485f11fce98e589fb133a60082a839c.md","out/reviews/f456b4eca485f11fce98e589fb133a60082a839c.review.json","52","textflow_ok","True","159234","176754","0","0"
"f4d454d077f8a6e5c0341d013ebbd2ea4cf5d526","https://openalex.org/W2794493354","https://doi.org/10.1038/s41586-018-0015-4","2018","Engineering","Reversible Mn2+/Mn4+ double redox in lithium-excess cathode materials","out/html/f4d454d077f8a6e5c0341d013ebbd2ea4cf5d526/index.html","","out/md/f4d454d077f8a6e5c0341d013ebbd2ea4cf5d526.md","out/reviews/f4d454d077f8a6e5c0341d013ebbd2ea4cf5d526.review.json","22","textflow_ok","True","42473","46865","0","0"
"f4e688b3374a696eb2065348e1034a324b6fbaf5","https://openalex.org/W2039153962","https://doi.org/10.1038/nature14177","2015","Biochemistry, Genetics and Molecular Biology","Genetic studies of body mass index yield new insights for obesity biology","out/html/f4e688b3374a696eb2065348e1034a324b6fbaf5/index.html","out/html_ocr/f4e688b3374a696eb2065348e1034a324b6fbaf5/index.html","out/md/f4e688b3374a696eb2065348e1034a324b6fbaf5.md","out/reviews/f4e688b3374a696eb2065348e1034a324b6fbaf5.review.json","49","textflow_ok","True","137869","166942","0","0"
"f4fbf32ba1b2a356cb10e97b647461dd5588721d","https://openalex.org/W2795577707","https://doi.org/10.1038/s41557-018-0019-6","2018","Engineering","An artificial interphase enables reversible magnesium chemistry in carbonate electrolytes","out/html/f4fbf32ba1b2a356cb10e97b647461dd5588721d/index.html","","out/md/f4fbf32ba1b2a356cb10e97b647461dd5588721d.md","out/reviews/f4fbf32ba1b2a356cb10e97b647461dd5588721d.review.json","50","textflow_ok","True","71598","79425","0","0"
"f4fd50803c5379634ebd5105724438bfa292ad22","https://openalex.org/W2609670982","https://doi.org/10.1021/jacs.7b01815","2017","Engineering","Highly Oriented Low-Dimensional Tin Halide Perovskites with Enhanced Stability and Photovoltaic Performance","out/html/f4fd50803c5379634ebd5105724438bfa292ad22/index.html","out/html_ocr/f4fd50803c5379634ebd5105724438bfa292ad22/index.html","out/md/f4fd50803c5379634ebd5105724438bfa292ad22.md","out/reviews/f4fd50803c5379634ebd5105724438bfa292ad22.review.json","8","textflow_ok","True","39597","42583","0","0"
"f52497c62b742a8d2efae89816fd50293d4a3492","https://openalex.org/W2291774548","https://doi.org/10.1002/aenm.201501937","2016","Materials Science","Mesoporous MoS2 as a Transition Metal Dichalcogenide Exhibiting Pseudocapacitive Li and Na‐Ion Charge Storage","out/html/f52497c62b742a8d2efae89816fd50293d4a3492/index.html","","out/md/f52497c62b742a8d2efae89816fd50293d4a3492.md","out/reviews/f52497c62b742a8d2efae89816fd50293d4a3492.review.json","39","textflow_ok","True","75717","84784","0","0"
"f53062e0f25e22c2fab1754987b7ab8ec4dc1c7c","https://openalex.org/W1870760280","https://doi.org/10.1039/c5ee02657a","2015","Energy","Catalytic reduction of CO 2 by H 2 for synthesis of CO, methanol and hydrocarbons: challenges and opportunities","out/html/f53062e0f25e22c2fab1754987b7ab8ec4dc1c7c/index.html","","out/md/f53062e0f25e22c2fab1754987b7ab8ec4dc1c7c.md","out/reviews/f53062e0f25e22c2fab1754987b7ab8ec4dc1c7c.review.json","13","textflow_ok","True","58362","62785","0","0"
"f55f327975bc17c236f66880612e390633d8be54","https://openalex.org/W2919496064","https://doi.org/10.1038/s41558-019-0412-1","2019","Environmental Science","Marine heatwaves threaten global biodiversity and the provision of ecosystem services","out/html/f55f327975bc17c236f66880612e390633d8be54/index.html","out/html_ocr/f55f327975bc17c236f66880612e390633d8be54/index.html","out/md/f55f327975bc17c236f66880612e390633d8be54.md","out/reviews/f55f327975bc17c236f66880612e390633d8be54.review.json","29","textflow_ok","True","60719","66150","0","0"
"f597afc5a59cf1bc0a9bc89b5a57d41ea9b66f2e","https://openalex.org/W2789705881","https://doi.org/10.1002/adma.201705590","2018","Engineering","Revisiting the Role of Polysulfides in Lithium–Sulfur Batteries","out/html/f597afc5a59cf1bc0a9bc89b5a57d41ea9b66f2e/index.html","","out/md/f597afc5a59cf1bc0a9bc89b5a57d41ea9b66f2e.md","out/reviews/f597afc5a59cf1bc0a9bc89b5a57d41ea9b66f2e.review.json","59","textflow_ok","True","96123","104373","0","0"
"f5c348dbf8dad8961d46fc43344c5f503cb0c573","https://openalex.org/W2999044305","https://doi.org/10.1038/s41586-019-1923-7","2020","Biochemistry, Genetics and Molecular Biology","Improved protein structure prediction using potentials from deep learning","out/html/f5c348dbf8dad8961d46fc43344c5f503cb0c573/index.html","out/html_ocr/f5c348dbf8dad8961d46fc43344c5f503cb0c573/index.html","out/md/f5c348dbf8dad8961d46fc43344c5f503cb0c573.md","out/reviews/f5c348dbf8dad8961d46fc43344c5f503cb0c573.review.json","28","textflow_ok","True","67727","76074","0","0"
"f5ce5d1652d2bbbb9a8bcb50de60539b7a64975e","https://openalex.org/W4284713473","https://doi.org/10.1038/s41560-022-01062-1","2022","Energy","Atomically dispersed iron sites with a nitrogen–carbon coating as highly active and durable oxygen reduction catalysts for fuel cells","out/html/f5ce5d1652d2bbbb9a8bcb50de60539b7a64975e/index.html","","out/md/f5ce5d1652d2bbbb9a8bcb50de60539b7a64975e.md","out/reviews/f5ce5d1652d2bbbb9a8bcb50de60539b7a64975e.review.json","42","textflow_ok","True","63645","69798","0","0"
"f6272818014515abaa021a69849ea4eed10b3bd1","https://openalex.org/W2767998993","https://doi.org/10.1016/j.pmatsci.2017.10.005","2017","Materials Science","Magnetocaloric effect: From materials research to refrigeration devices","out/html/f6272818014515abaa021a69849ea4eed10b3bd1/index.html","","out/md/f6272818014515abaa021a69849ea4eed10b3bd1.md","out/reviews/f6272818014515abaa021a69849ea4eed10b3bd1.review.json","521","textflow_ok","True","961060","1148722","0","0"
"f664ca14b6a7eb4594f8f562c0cf47283d61e308","https://openalex.org/W2329524277","https://doi.org/10.1021/jacs.5b08535","2015","Engineering","Kinetics of Ion Transport in Perovskite Active Layers and Its Implications for Active Layer Stability","out/html/f664ca14b6a7eb4594f8f562c0cf47283d61e308/index.html","","out/md/f664ca14b6a7eb4594f8f562c0cf47283d61e308.md","out/reviews/f664ca14b6a7eb4594f8f562c0cf47283d61e308.review.json","11","textflow_ok","True","40512","44478","0","0"
"f70e0d6d5bf9962ec49a780cdff0d71a08b7ae37","https://openalex.org/W2605264395","https://doi.org/10.1016/j.arcontrol.2017.03.005","2017","Engineering","Traffic state estimation on highway: A comprehensive survey","out/html/f70e0d6d5bf9962ec49a780cdff0d71a08b7ae37/index.html","","out/md/f70e0d6d5bf9962ec49a780cdff0d71a08b7ae37.md","out/reviews/f70e0d6d5bf9962ec49a780cdff0d71a08b7ae37.review.json","36","pymupdf_fallback","True","139941","2655901","16","0"
"f73ad5dd6e2523e62dcebbaf34eb34d591ba9e8d","https://openalex.org/W3178081691","https://doi.org/10.1109/mcom.001.2001076","2021","Engineering","Reconfigurable Intelligent Surfaces for 6G Systems: Principles, Applications, and Research Directions","out/html/f73ad5dd6e2523e62dcebbaf34eb34d591ba9e8d/index.html","out/html_ocr/f73ad5dd6e2523e62dcebbaf34eb34d591ba9e8d/index.html","out/md/f73ad5dd6e2523e62dcebbaf34eb34d591ba9e8d.md","out/reviews/f73ad5dd6e2523e62dcebbaf34eb34d591ba9e8d.review.json","7","textflow_ok","True","35737","38895","0","0"
"f7f18a894128c9229664fa73adeb9439ed35c51a","https://openalex.org/W4312090043","https://doi.org/10.1126/science.adf0194","2022","Engineering","Compositional texture engineering for highly stable wide-bandgap perovskite solar cells","out/html/f7f18a894128c9229664fa73adeb9439ed35c51a/index.html","","out/md/f7f18a894128c9229664fa73adeb9439ed35c51a.md","out/reviews/f7f18a894128c9229664fa73adeb9439ed35c51a.review.json","21","textflow_ok","True","48769","53455","0","0"
"f7ffe33d73188701dff477b0f489d1a895c4f008","https://openalex.org/W2163242195","https://doi.org/10.1038/nature14327","2015","Chemistry","Cooperative insertion of CO2 in diamine-appended metal-organic frameworks","out/html/f7ffe33d73188701dff477b0f489d1a895c4f008/index.html","out/html_ocr/f7ffe33d73188701dff477b0f489d1a895c4f008/index.html","out/md/f7ffe33d73188701dff477b0f489d1a895c4f008.md","out/reviews/f7ffe33d73188701dff477b0f489d1a895c4f008.review.json","17","textflow_ok","True","77026","83208","0","0"
"f859617b368a571eeefd47b3cbe9f2cfa347d0fb","https://openalex.org/W2906077462","https://doi.org/10.1038/s41586-018-0809-4","2018","Physics and Astronomy","An ultrafast symmetry switch in a Weyl semimetal","out/html/f859617b368a571eeefd47b3cbe9f2cfa347d0fb/index.html","","out/md/f859617b368a571eeefd47b3cbe9f2cfa347d0fb.md","out/reviews/f859617b368a571eeefd47b3cbe9f2cfa347d0fb.review.json","24","textflow_ok","True","64026","71633","0","0"
"f8b92de0739944b9651c028af13db651aa361211","https://openalex.org/W2548920327","https://doi.org/10.1126/science.aag2345","2016","Earth and Planetary Sciences","Observed Arctic sea-ice loss directly follows anthropogenic CO 2 emission","out/html/f8b92de0739944b9651c028af13db651aa361211/index.html","","out/md/f8b92de0739944b9651c028af13db651aa361211.md","out/reviews/f8b92de0739944b9651c028af13db651aa361211.review.json","9","textflow_ok","True","22614","25145","0","0"
"f9311bcd3d6d0d123bc783217e11ec441345f097","https://openalex.org/W2472449917","https://doi.org/10.1038/nature18619","2016","Engineering","Ablation-cooled material removal with ultrafast bursts of pulses","out/html/f9311bcd3d6d0d123bc783217e11ec441345f097/index.html","out/html_ocr/f9311bcd3d6d0d123bc783217e11ec441345f097/index.html","out/md/f9311bcd3d6d0d123bc783217e11ec441345f097.md","out/reviews/f9311bcd3d6d0d123bc783217e11ec441345f097.review.json","6","textflow_ok","True","34567","38338","0","0"
"fa9815c6d05ebf3c3fdd243f68abf3caa334ef3f","https://openalex.org/W2899608158","https://doi.org/10.1038/s41586-018-0691-0","2018","Engineering","Efficient and stable emission of warm-white light from lead-free halide double perovskites","out/html/fa9815c6d05ebf3c3fdd243f68abf3caa334ef3f/index.html","out/html_ocr/fa9815c6d05ebf3c3fdd243f68abf3caa334ef3f/index.html","out/md/fa9815c6d05ebf3c3fdd243f68abf3caa334ef3f.md","out/reviews/fa9815c6d05ebf3c3fdd243f68abf3caa334ef3f.review.json","15","textflow_ok","True","62429","68551","0","0"
"fa9a9c392adb56ba1143ade5174f94f702ef12d5","https://openalex.org/W2094547360","https://doi.org/10.1109/mprv.2015.32","2015","Computer Science","Edge Analytics in the Internet of Things","out/html/fa9a9c392adb56ba1143ade5174f94f702ef12d5/index.html","","out/md/fa9a9c392adb56ba1143ade5174f94f702ef12d5.md","out/reviews/fa9a9c392adb56ba1143ade5174f94f702ef12d5.review.json","6","textflow_ok","True","29828","32823","0","0"
"fac3cea6e81d935ef89081fabb39cd820ebefd4b","https://openalex.org/W2603394065","https://doi.org/10.1038/nenergy.2017.38","2017","Engineering","Perovskite ink with wide processing window for scalable high-efficiency solar cells","out/html/fac3cea6e81d935ef89081fabb39cd820ebefd4b/index.html","","out/md/fac3cea6e81d935ef89081fabb39cd820ebefd4b.md","out/reviews/fac3cea6e81d935ef89081fabb39cd820ebefd4b.review.json","20","textflow_ok","True","50702","55069","0","0"
"fac947875ea86a7a64985bc2cc98467a9de78e6a","https://openalex.org/W2044748328","https://doi.org/10.1038/nature14282","2015","Immunology and Microbiology","IL-17-producing γδ T cells and neutrophils conspire to promote breast cancer metastasis","out/html/fac947875ea86a7a64985bc2cc98467a9de78e6a/index.html","out/html_ocr/fac947875ea86a7a64985bc2cc98467a9de78e6a/index.html","out/md/fac947875ea86a7a64985bc2cc98467a9de78e6a.md","out/reviews/fac947875ea86a7a64985bc2cc98467a9de78e6a.review.json","19","textflow_ok","True","58941","66584","0","0"
"faff10014ccb2e7e98baad63fb425d83b4490f3c","https://openalex.org/W2351424077","https://doi.org/10.1016/j.fuel.2016.04.100","2016","Chemical Engineering","Ammonia oxidation at high pressure and intermediate temperatures","out/html/faff10014ccb2e7e98baad63fb425d83b4490f3c/index.html","","out/md/faff10014ccb2e7e98baad63fb425d83b4490f3c.md","out/reviews/faff10014ccb2e7e98baad63fb425d83b4490f3c.review.json","36","textflow_ok","True","40053","48959","0","0"
"fb43d7714feb0db8695781ba02d2aabe7a60ffdc","https://openalex.org/W3109523368","https://doi.org/10.1016/j.ijbiomac.2020.12.005","2020","Materials Science","Chitosan: A review of sources and preparation methods","out/html/fb43d7714feb0db8695781ba02d2aabe7a60ffdc/index.html","out/html_ocr/fb43d7714feb0db8695781ba02d2aabe7a60ffdc/index.html","out/md/fb43d7714feb0db8695781ba02d2aabe7a60ffdc.md","out/reviews/fb43d7714feb0db8695781ba02d2aabe7a60ffdc.review.json","40","textflow_ok","True","60323","67427","0","0"
"fb48c9e2b59ef8cddaf9b63d10893e7c66946e75","https://openalex.org/W2905441664","https://doi.org/10.1038/s41561-018-0279-1","2018","Environmental Science","Mangrove canopy height globally related to precipitation, temperature and cyclone frequency","out/html/fb48c9e2b59ef8cddaf9b63d10893e7c66946e75/index.html","","out/md/fb48c9e2b59ef8cddaf9b63d10893e7c66946e75.md","out/reviews/fb48c9e2b59ef8cddaf9b63d10893e7c66946e75.review.json","9","textflow_ok","True","56056","62441","0","0"
"fb69030a880af067485100e7f71848f242cc1017","https://openalex.org/W2495412896","https://doi.org/10.1175/bams-d-15-00135.1","2016","Environmental Science","The Art and Science of Climate Model Tuning","out/html/fb69030a880af067485100e7f71848f242cc1017/index.html","","out/md/fb69030a880af067485100e7f71848f242cc1017.md","out/reviews/fb69030a880af067485100e7f71848f242cc1017.review.json","51","textflow_ok","True","90378","99502","0","0"
"fbf41f81f1595090351163ab2a131028cdf2cf81","https://openalex.org/W2992123639","https://doi.org/10.1038/s41929-019-0388-2","2019","Energy","Carbon monoxide electroreduction as an emerging platform for carbon utilization","out/html/fbf41f81f1595090351163ab2a131028cdf2cf81/index.html","","out/md/fbf41f81f1595090351163ab2a131028cdf2cf81.md","out/reviews/fbf41f81f1595090351163ab2a131028cdf2cf81.review.json","19","textflow_ok","True","55251","59567","0","0"
"fc0b51829715c772c158f97b2de6d2c155446470","https://openalex.org/W2539680302","https://doi.org/10.1016/j.econlet.2016.10.033","2016","Computer Science","On the inefficiency of Bitcoin","out/html/fc0b51829715c772c158f97b2de6d2c155446470/index.html","","out/md/fc0b51829715c772c158f97b2de6d2c155446470.md","out/reviews/fc0b51829715c772c158f97b2de6d2c155446470.review.json","7","textflow_ok","True","16891","19933","0","0"
"fce053a6f09c9e9751c9bf1e7c185bcd7283615a","https://openalex.org/W2552529400","https://doi.org/10.1126/science.aaf7680","2016","Energy","Direct and continuous strain control of catalysts with tunable battery electrode materials","out/html/fce053a6f09c9e9751c9bf1e7c185bcd7283615a/index.html","","out/md/fce053a6f09c9e9751c9bf1e7c185bcd7283615a.md","out/reviews/fce053a6f09c9e9751c9bf1e7c185bcd7283615a.review.json","12","textflow_ok","True","28196","31039","0","0"
"fd74d8ebd3ed10151ea5cb2445a1f11781609bac","https://openalex.org/W2609122325","https://doi.org/10.1038/nature22069","2017","Environmental Science","Frequency of extreme Sahelian storms tripled since 1982 in satellite observations","out/html/fd74d8ebd3ed10151ea5cb2445a1f11781609bac/index.html","","out/md/fd74d8ebd3ed10151ea5cb2445a1f11781609bac.md","out/reviews/fd74d8ebd3ed10151ea5cb2445a1f11781609bac.review.json","29","textflow_ok","True","51978","58129","0","0"
"fdacf6d6fa123b7bf148ac6f546f22a8d89e1c84","https://openalex.org/W2346094579","https://doi.org/10.1038/nchembio.2077","2016","Biochemistry, Genetics and Molecular Biology","Metabolite concentrations, fluxes and free energies imply efficient enzyme usage","out/html/fdacf6d6fa123b7bf148ac6f546f22a8d89e1c84/index.html","","out/md/fdacf6d6fa123b7bf148ac6f546f22a8d89e1c84.md","out/reviews/fdacf6d6fa123b7bf148ac6f546f22a8d89e1c84.review.json","24","textflow_ok","True","66473","72359","0","0"
"fdbd46ee4235a0fbab570b5f201feb60e5e30c67","https://openalex.org/W2996247392","https://doi.org/10.1016/j.mattod.2019.10.022","2019","Energy","Two-dimensional photocatalyst design: A critical review of recent experimental and computational advances","out/html/fdbd46ee4235a0fbab570b5f201feb60e5e30c67/index.html","","","","30","textflow_ok","True","52460","57266","0","0"
"fdc028d94b5c6624de37ba39c332fc3e31118fd7","https://openalex.org/W2295658443","https://doi.org/10.1021/acs.chemmater.6b00433","2016","Engineering","Thin-Film Deposition and Characterization of a Sn-Deficient Perovskite Derivative Cs 2 SnI 6","out/html/fdc028d94b5c6624de37ba39c332fc3e31118fd7/index.html","","out/md/fdc028d94b5c6624de37ba39c332fc3e31118fd7.md","out/reviews/fdc028d94b5c6624de37ba39c332fc3e31118fd7.review.json","23","textflow_ok","True","47302","51753","0","0"
"fdc43d0101b3e917e2e05d97ef046d8c4edd7418","https://openalex.org/W4383341002","https://doi.org/10.1038/s41560-023-01280-1","2023","Engineering","High-entropy electrolytes for practical lithium metal batteries","out/html/fdc43d0101b3e917e2e05d97ef046d8c4edd7418/index.html","","out/md/fdc43d0101b3e917e2e05d97ef046d8c4edd7418.md","out/reviews/fdc43d0101b3e917e2e05d97ef046d8c4edd7418.review.json","21","textflow_ok","True","57499","63245","0","0"
"feb8cac86a3640c3dc949f8f8fcc7918c0f824e7","https://openalex.org/W2771569535","https://doi.org/10.1016/j.jclinepi.2017.12.006","2017","Mathematics","Linear regression and the normality assumption","out/html/feb8cac86a3640c3dc949f8f8fcc7918c0f824e7/index.html","","out/md/feb8cac86a3640c3dc949f8f8fcc7918c0f824e7.md","out/reviews/feb8cac86a3640c3dc949f8f8fcc7918c0f824e7.review.json","16","textflow_ok","True","21550","25519","0","0"
"ff61e08873772bd5c6bd73af7ff1161fb60b5531","https://openalex.org/W2264585211","https://doi.org/10.1038/ng.3506","2016","Biochemistry, Genetics and Molecular Biology","Integrative approaches for large-scale transcriptome-wide association studies","out/html/ff61e08873772bd5c6bd73af7ff1161fb60b5531/index.html","out/html_ocr/ff61e08873772bd5c6bd73af7ff1161fb60b5531/index.html","out/md/ff61e08873772bd5c6bd73af7ff1161fb60b5531.md","out/reviews/ff61e08873772bd5c6bd73af7ff1161fb60b5531.review.json","12","textflow_ok","True","79720","85338","0","0"
"ff8f558f5563f99454fa930613ef08c0d04e2ef4","https://openalex.org/W3024961463","https://doi.org/10.1109/taffc.2020.2994159","2020","Neuroscience","EEG-Based Emotion Recognition Using Regularized Graph Neural Networks","out/html/ff8f558f5563f99454fa930613ef08c0d04e2ef4/index.html","out/html_ocr/ff8f558f5563f99454fa930613ef08c0d04e2ef4/index.html","out/md/ff8f558f5563f99454fa930613ef08c0d04e2ef4.md","out/reviews/ff8f558f5563f99454fa930613ef08c0d04e2ef4.review.json","12","textflow_ok","True","76883","83802","0","0"
"ffb444b423845e15e880e1690a3925e06b2fcc7a","https://openalex.org/W3193369452","https://doi.org/10.1002/adma.202103393","2021","Materials Science","Ten Years of Progress in the Synthesis and Development of MXenes","out/html/ffb444b423845e15e880e1690a3925e06b2fcc7a/index.html","out/html_ocr/ffb444b423845e15e880e1690a3925e06b2fcc7a/index.html","out/md/ffb444b423845e15e880e1690a3925e06b2fcc7a.md","out/reviews/ffb444b423845e15e880e1690a3925e06b2fcc7a.review.json","27","textflow_ok","True","80833","85833","0","0"
"ffd7bab54096f54fd4f51f6f37b9a2d75a68894e","https://openalex.org/W3091038929","https://doi.org/10.1007/s42773-020-00065-z","2020","Agricultural and Biological Sciences","Biochar and its importance on nutrient dynamics in soil and plant","out/html/ffd7bab54096f54fd4f51f6f37b9a2d75a68894e/index.html","out/html_ocr/ffd7bab54096f54fd4f51f6f37b9a2d75a68894e/index.html","out/md/ffd7bab54096f54fd4f51f6f37b9a2d75a68894e.md","out/reviews/ffd7bab54096f54fd4f51f6f37b9a2d75a68894e.review.json","63","textflow_ok","True","154294","182720","0","0"
